/home/zakerian/miniconda3/envs/usb/lib/python3.8/site-packages/timm/models/layers/__init__.py:48: FutureWarning: Importing from timm.models.layers is deprecated, please import via timm.layers
  warnings.warn(f"Importing from {__name__} is deprecated, please import via timm.layers", FutureWarning)
Traceback (most recent call last):
  File "train.py", line 16, in <module>
    from semilearn.algorithms import get_algorithm, name2alg
  File "/home/zakerian/USB/Semi-supervised-learning/semilearn/__init__.py", line 4, in <module>
    from .core.utils import get_dataset, get_data_loader, get_net_builder
  File "/home/zakerian/USB/Semi-supervised-learning/semilearn/core/__init__.py", line 5, in <module>
    from .algorithmbase import AlgorithmBase, ImbAlgorithmBase
  File "/home/zakerian/USB/Semi-supervised-learning/semilearn/core/algorithmbase.py", line 15, in <module>
    from semilearn.core.hooks import Hook, get_priority, CheckpointHook, TimerHook, LoggingHook, DistSamplerSeedHook, ParamUpdateHook, EvaluationHook, EMAHook, WANDBHook, AimHook
  File "/home/zakerian/USB/Semi-supervised-learning/semilearn/core/hooks/__init__.py", line 12, in <module>
    from .ema import EMAHook
  File "/home/zakerian/USB/Semi-supervised-learning/semilearn/core/hooks/ema.py", line 6, in <module>
    from semilearn.core.utils import EMA
  File "/home/zakerian/USB/Semi-supervised-learning/semilearn/core/utils/__init__.py", line 5, in <module>
    from .build import *
  File "/home/zakerian/USB/Semi-supervised-learning/semilearn/core/utils/build.py", line 12, in <module>
    from semilearn.nets.utils import param_groups_layer_decay, param_groups_weight_decay
  File "/home/zakerian/USB/Semi-supervised-learning/semilearn/nets/__init__.py", line 6, in <module>
    from .vit import vit_base_patch16_224, vit_small_patch16_224, vit_small_patch2_32, vit_tiny_patch2_32, vit_base_patch16_96
  File "/home/zakerian/USB/Semi-supervised-learning/semilearn/nets/vit/__init__.py", line 4, in <module>
    from .vit import vit_tiny_patch2_32, vit_small_patch2_32, vit_small_patch16_224, vit_base_patch16_224, vit_base_patch16_96
  File "/home/zakerian/USB/Semi-supervised-learning/semilearn/nets/vit/vit.py", line 13, in <module>
    from timm.models.layers.helpers import to_2tuple
ModuleNotFoundError: No module named 'timm.models.layers.helpers'
train.py:287: UserWarning: You have chosen to seed training. This will turn on the CUDNN deterministic setting, which can slow down your training considerably! You may see unexpected behavior when restarting from checkpoints.
  warnings.warn(
train.py:298: UserWarning: You have chosen a specific GPU. This will completely disable data parallelism.
  warnings.warn(
[2025-02-19 00:50:21,966 INFO] Use GPU: 0 for training
/home/zakerian/USB/Semi-supervised-learning/semilearn/core/algorithmbase.py:65: FutureWarning: `torch.cuda.amp.GradScaler(args...)` is deprecated. Please use `torch.amp.GradScaler('cuda', args...)` instead.
  self.loss_scaler = GradScaler()
[2025-02-19 00:50:23,341 INFO] unlabeled data number: 50000, labeled data number 400
[2025-02-19 00:50:23,341 INFO] Create train and test data loaders
[2025-02-19 00:50:23,341 INFO] [!] data loader keys: dict_keys(['train_lb', 'train_ulb', 'eval'])
[2025-02-19 00:50:23,791 INFO] Create optimizer and scheduler
[2025-02-19 00:50:23,794 INFO] Number of Trainable Params: 21436900
[2025-02-19 00:50:23,951 INFO] Arguments: Namespace(T=0.5, algorithm='fixmatch', amp=False, batch_size=8, c='fixmatch_cifar100_400_usb_single_gpu.yaml', clip=0.0, clip_grad=0, crop_ratio=0.875, data_dir='./data', dataset='cifar100', dist_backend='gloo', dist_url='tcp://127.0.0.1:23716', distributed=False, ema_m=0.0, epoch=200, eval_batch_size=16, gpu=0, hard_label=True, imb_algorithm=None, img_size=32, include_lb_to_ulb=True, layer_decay=0.5, lb_dest_len=400, lb_imb_ratio=1, load_path='./saved_models/usb_cv//fixmatch_cifar100_400_0/latest_model.pth', lr=0.0005, max_length=512, max_length_seconds=4.0, momentum=0.9, multiprocessing_distributed=False, net='vit_small_patch2_32', net_from_name=False, num_classes=100, num_eval_iter=2048, num_labels=400, num_log_iter=256, num_train_iter=204800, num_warmup_iter=5120, num_workers=4, optim='AdamW', overwrite=True, p_cutoff=0.95, pretrain_path='https://github.com/microsoft/Semi-supervised-learning/releases/download/v.0.0.0/vit_small_patch2_32_mlp_im_1k_32.pth', rank=0, resume=True, sample_rate=16000, save_dir='./saved_models/usb_cv/', save_name='fixmatch_cifar100_400_0', seed=0, train_sampler='RandomSampler', ulb_dest_len=50000, ulb_imb_ratio=1, ulb_loss_ratio=1.0, ulb_num_labels=None, uratio=1, use_aim=False, use_cat=True, use_pretrain=True, use_tensorboard=True, use_wandb=False, weight_decay=0.0005, world_size=1)
[2025-02-19 00:50:23,952 INFO] Resume load path ./saved_models/usb_cv//fixmatch_cifar100_400_0/latest_model.pth does not exist
[2025-02-19 00:50:23,952 INFO] Model training
Files already downloaded and verified
lb count: [4, 4, 4, 4, 4, 4, 4, 4, 4, 4, 4, 4, 4, 4, 4, 4, 4, 4, 4, 4, 4, 4, 4, 4, 4, 4, 4, 4, 4, 4, 4, 4, 4, 4, 4, 4, 4, 4, 4, 4, 4, 4, 4, 4, 4, 4, 4, 4, 4, 4, 4, 4, 4, 4, 4, 4, 4, 4, 4, 4, 4, 4, 4, 4, 4, 4, 4, 4, 4, 4, 4, 4, 4, 4, 4, 4, 4, 4, 4, 4, 4, 4, 4, 4, 4, 4, 4, 4, 4, 4, 4, 4, 4, 4, 4, 4, 4, 4, 4, 4]
ulb count: [500, 500, 500, 500, 500, 500, 500, 500, 500, 500, 500, 500, 500, 500, 500, 500, 500, 500, 500, 500, 500, 500, 500, 500, 500, 500, 500, 500, 500, 500, 500, 500, 500, 500, 500, 500, 500, 500, 500, 500, 500, 500, 500, 500, 500, 500, 500, 500, 500, 500, 500, 500, 500, 500, 500, 500, 500, 500, 500, 500, 500, 500, 500, 500, 500, 500, 500, 500, 500, 500, 500, 500, 500, 500, 500, 500, 500, 500, 500, 500, 500, 500, 500, 500, 500, 500, 500, 500, 500, 500, 500, 500, 500, 500, 500, 500, 500, 500, 500, 500]
Files already downloaded and verified
_IncompatibleKeys(missing_keys=['head.weight', 'head.bias'], unexpected_keys=[])
[2025-02-19 00:51:13,471 INFO] 256 iteration USE_EMA: False, train/sup_loss: 4.9245, train/unsup_loss: 0.0000, train/total_loss: 4.9245, train/util_ratio: 0.0000, train/run_time: 0.1715, lr: 0.0000, train/prefecth_time: 0.0024 
[2025-02-19 00:52:02,401 INFO] 512 iteration USE_EMA: False, train/sup_loss: 5.2001, train/unsup_loss: 0.0000, train/total_loss: 5.2001, train/util_ratio: 0.0000, train/run_time: 0.1721, lr: 0.0001, train/prefecth_time: 0.0025 
[2025-02-19 00:52:51,333 INFO] 768 iteration USE_EMA: False, train/sup_loss: 4.0009, train/unsup_loss: 0.0000, train/total_loss: 4.0009, train/util_ratio: 0.0000, train/run_time: 0.1723, lr: 0.0001, train/prefecth_time: 0.0024 
[2025-02-19 00:53:40,220 INFO] 1024 iteration USE_EMA: False, train/sup_loss: 2.8910, train/unsup_loss: 0.0000, train/total_loss: 2.8910, train/util_ratio: 0.0000, train/run_time: 0.1716, lr: 0.0001, train/prefecth_time: 0.0023 
[2025-02-19 00:54:29,498 INFO] 1280 iteration USE_EMA: False, train/sup_loss: 1.9196, train/unsup_loss: 0.0000, train/total_loss: 1.9196, train/util_ratio: 0.0000, train/run_time: 0.1724, lr: 0.0001, train/prefecth_time: 0.0027 
[2025-02-19 00:55:18,399 INFO] 1536 iteration USE_EMA: False, train/sup_loss: 1.2780, train/unsup_loss: 0.0000, train/total_loss: 1.2780, train/util_ratio: 0.0000, train/run_time: 0.1721, lr: 0.0001, train/prefecth_time: 0.0026 
[2025-02-19 00:56:07,386 INFO] 1792 iteration USE_EMA: False, train/sup_loss: 0.4348, train/unsup_loss: 0.0000, train/total_loss: 0.4348, train/util_ratio: 0.0000, train/run_time: 0.1720, lr: 0.0002, train/prefecth_time: 0.0025 
[2025-02-19 00:56:56,325 INFO] validating...
[2025-02-19 00:57:23,066 INFO] confusion matrix:
[[0.81 0.   0.   ... 0.   0.   0.  ]
 [0.   0.89 0.   ... 0.   0.   0.  ]
 [0.   0.   0.61 ... 0.   0.09 0.  ]
 ...
 [0.   0.   0.   ... 0.95 0.   0.  ]
 [0.   0.   0.02 ... 0.   0.28 0.  ]
 [0.   0.   0.   ... 0.   0.   0.86]]
[2025-02-19 00:57:23,397 INFO] model saved: ./saved_models/usb_cv/fixmatch_cifar100_400_0/latest_model.pth
[2025-02-19 00:57:23,716 INFO] model saved: ./saved_models/usb_cv/fixmatch_cifar100_400_0/model_best.pth
[2025-02-19 00:57:23,716 INFO] 2048 iteration, USE_EMA: False, train/sup_loss: 0.3374, train/unsup_loss: 0.0000, train/total_loss: 0.3374, train/util_ratio: 0.0000, train/run_time: 0.1722, eval/loss: 1.2070, eval/top-1-acc: 0.7167, eval/top-5-acc: 0.9196, eval/balanced_acc: 0.7167, eval/precision: 0.7171, eval/recall: 0.7167, eval/F1: 0.7068, lr: 0.0002, train/prefecth_time: 0.0023 BEST_EVAL_ACC: 0.7167, at 2048 iters
[2025-02-19 00:58:13,056 INFO] 2304 iteration USE_EMA: False, train/sup_loss: 0.0913, train/unsup_loss: 0.0000, train/total_loss: 0.0913, train/util_ratio: 0.0000, train/run_time: 0.1725, lr: 0.0002, train/prefecth_time: 0.0025 
[2025-02-19 00:59:01,985 INFO] 2560 iteration USE_EMA: False, train/sup_loss: 0.5607, train/unsup_loss: 0.0819, train/total_loss: 0.6426, train/util_ratio: 0.1250, train/run_time: 0.1729, lr: 0.0003, train/prefecth_time: 0.0027 
[2025-02-19 00:59:50,959 INFO] 2816 iteration USE_EMA: False, train/sup_loss: 0.3803, train/unsup_loss: 0.0130, train/total_loss: 0.3933, train/util_ratio: 0.2500, train/run_time: 0.1723, lr: 0.0003, train/prefecth_time: 0.0024 
[2025-02-19 01:00:39,964 INFO] 3072 iteration USE_EMA: False, train/sup_loss: 0.0960, train/unsup_loss: 0.0541, train/total_loss: 0.1501, train/util_ratio: 0.1250, train/run_time: 0.1716, lr: 0.0003, train/prefecth_time: 0.0023 
[2025-02-19 01:01:29,307 INFO] 3328 iteration USE_EMA: False, train/sup_loss: 0.1144, train/unsup_loss: 0.0023, train/total_loss: 0.1168, train/util_ratio: 0.3750, train/run_time: 0.1723, lr: 0.0003, train/prefecth_time: 0.0025 
[2025-02-19 01:02:18,275 INFO] 3584 iteration USE_EMA: False, train/sup_loss: 0.1838, train/unsup_loss: 0.0008, train/total_loss: 0.1846, train/util_ratio: 0.2500, train/run_time: 0.1724, lr: 0.0003, train/prefecth_time: 0.0027 
[2025-02-19 01:03:07,278 INFO] 3840 iteration USE_EMA: False, train/sup_loss: 0.1635, train/unsup_loss: 0.3970, train/total_loss: 0.5605, train/util_ratio: 0.5000, train/run_time: 0.1717, lr: 0.0004, train/prefecth_time: 0.0027 
[2025-02-19 01:03:56,341 INFO] validating...
[2025-02-19 01:04:22,991 INFO] confusion matrix:
[[0.75 0.   0.   ... 0.   0.   0.  ]
 [0.   0.81 0.   ... 0.   0.   0.  ]
 [0.01 0.   0.76 ... 0.   0.   0.  ]
 ...
 [0.   0.   0.   ... 0.96 0.   0.  ]
 [0.   0.   0.07 ... 0.   0.11 0.  ]
 [0.   0.   0.   ... 0.   0.   0.89]]
[2025-02-19 01:04:24,589 INFO] model saved: ./saved_models/usb_cv/fixmatch_cifar100_400_0/latest_model.pth
[2025-02-19 01:04:26,236 INFO] model saved: ./saved_models/usb_cv/fixmatch_cifar100_400_0/model_best.pth
[2025-02-19 01:04:26,237 INFO] 4096 iteration, USE_EMA: False, train/sup_loss: 0.0202, train/unsup_loss: 0.0048, train/total_loss: 0.0249, train/util_ratio: 0.5000, train/run_time: 0.1724, eval/loss: 1.0973, eval/top-1-acc: 0.7266, eval/top-5-acc: 0.9294, eval/balanced_acc: 0.7266, eval/precision: 0.7278, eval/recall: 0.7266, eval/F1: 0.7086, lr: 0.0004, train/prefecth_time: 0.0025 BEST_EVAL_ACC: 0.7266, at 4096 iters
[2025-02-19 01:05:15,752 INFO] 4352 iteration USE_EMA: False, train/sup_loss: 0.0044, train/unsup_loss: 0.3947, train/total_loss: 0.3991, train/util_ratio: 0.5000, train/run_time: 0.1733, lr: 0.0004, train/prefecth_time: 0.0028 
[2025-02-19 01:06:04,726 INFO] 4608 iteration USE_EMA: False, train/sup_loss: 0.0022, train/unsup_loss: 1.1295, train/total_loss: 1.1318, train/util_ratio: 0.6250, train/run_time: 0.1727, lr: 0.0005, train/prefecth_time: 0.0026 
[2025-02-19 01:06:53,734 INFO] 4864 iteration USE_EMA: False, train/sup_loss: 0.0095, train/unsup_loss: 0.6954, train/total_loss: 0.7049, train/util_ratio: 0.3750, train/run_time: 0.1716, lr: 0.0005, train/prefecth_time: 0.0025 
[2025-02-19 01:07:42,721 INFO] 5120 iteration USE_EMA: False, train/sup_loss: 0.0871, train/unsup_loss: 0.3027, train/total_loss: 0.3898, train/util_ratio: 0.5000, train/run_time: 0.1725, lr: 0.0005, train/prefecth_time: 0.0024 
[2025-02-19 01:08:32,141 INFO] 5376 iteration USE_EMA: False, train/sup_loss: 0.0016, train/unsup_loss: 0.8490, train/total_loss: 0.8506, train/util_ratio: 0.5000, train/run_time: 0.1732, lr: 0.0005, train/prefecth_time: 0.0028 
[2025-02-19 01:09:21,214 INFO] 5632 iteration USE_EMA: False, train/sup_loss: 0.0028, train/unsup_loss: 0.3965, train/total_loss: 0.3992, train/util_ratio: 0.3750, train/run_time: 0.1716, lr: 0.0005, train/prefecth_time: 0.0025 
[2025-02-19 01:10:10,208 INFO] 5888 iteration USE_EMA: False, train/sup_loss: 0.0121, train/unsup_loss: 0.5170, train/total_loss: 0.5291, train/util_ratio: 0.6250, train/run_time: 0.1725, lr: 0.0005, train/prefecth_time: 0.0027 
[2025-02-19 01:10:59,273 INFO] validating...
[2025-02-19 01:11:26,039 INFO] confusion matrix:
[[0.93 0.   0.   ... 0.   0.   0.  ]
 [0.   0.85 0.   ... 0.   0.   0.  ]
 [0.01 0.   0.6  ... 0.   0.05 0.  ]
 ...
 [0.   0.   0.   ... 0.98 0.   0.  ]
 [0.   0.   0.   ... 0.   0.08 0.  ]
 [0.   0.   0.   ... 0.   0.   0.73]]
[2025-02-19 01:11:27,643 INFO] model saved: ./saved_models/usb_cv/fixmatch_cifar100_400_0/latest_model.pth
[2025-02-19 01:11:29,269 INFO] model saved: ./saved_models/usb_cv/fixmatch_cifar100_400_0/model_best.pth
[2025-02-19 01:11:29,271 INFO] 6144 iteration, USE_EMA: False, train/sup_loss: 0.0040, train/unsup_loss: 0.0000, train/total_loss: 0.0040, train/util_ratio: 0.0000, train/run_time: 0.1726, eval/loss: 1.3020, eval/top-1-acc: 0.7301, eval/top-5-acc: 0.9280, eval/balanced_acc: 0.7301, eval/precision: 0.7489, eval/recall: 0.7301, eval/F1: 0.7117, lr: 0.0005, train/prefecth_time: 0.0023 BEST_EVAL_ACC: 0.7301, at 6144 iters
[2025-02-19 01:12:18,787 INFO] 6400 iteration USE_EMA: False, train/sup_loss: 0.0011, train/unsup_loss: 0.4852, train/total_loss: 0.4862, train/util_ratio: 0.6250, train/run_time: 0.1723, lr: 0.0005, train/prefecth_time: 0.0027 
[2025-02-19 01:13:07,806 INFO] 6656 iteration USE_EMA: False, train/sup_loss: 0.0019, train/unsup_loss: 0.0140, train/total_loss: 0.0158, train/util_ratio: 0.3750, train/run_time: 0.1726, lr: 0.0005, train/prefecth_time: 0.0025 
[2025-02-19 01:13:56,868 INFO] 6912 iteration USE_EMA: False, train/sup_loss: 0.0010, train/unsup_loss: 0.6804, train/total_loss: 0.6814, train/util_ratio: 0.5000, train/run_time: 0.1719, lr: 0.0005, train/prefecth_time: 0.0028 
[2025-02-19 01:14:45,871 INFO] 7168 iteration USE_EMA: False, train/sup_loss: 0.0008, train/unsup_loss: 0.1065, train/total_loss: 0.1072, train/util_ratio: 0.5000, train/run_time: 0.1725, lr: 0.0005, train/prefecth_time: 0.0020 
[2025-02-19 01:15:35,230 INFO] 7424 iteration USE_EMA: False, train/sup_loss: 0.0416, train/unsup_loss: 0.0001, train/total_loss: 0.0417, train/util_ratio: 0.2500, train/run_time: 0.1725, lr: 0.0005, train/prefecth_time: 0.0023 
[2025-02-19 01:16:24,225 INFO] 7680 iteration USE_EMA: False, train/sup_loss: 0.0192, train/unsup_loss: 0.2805, train/total_loss: 0.2996, train/util_ratio: 0.8750, train/run_time: 0.1725, lr: 0.0005, train/prefecth_time: 0.0025 
[2025-02-19 01:17:13,214 INFO] 7936 iteration USE_EMA: False, train/sup_loss: 0.0006, train/unsup_loss: 0.0035, train/total_loss: 0.0041, train/util_ratio: 0.5000, train/run_time: 0.1725, lr: 0.0005, train/prefecth_time: 0.0026 
[2025-02-19 01:18:02,175 INFO] validating...
[2025-02-19 01:18:28,674 INFO] confusion matrix:
[[0.94 0.   0.   ... 0.   0.   0.  ]
 [0.   0.89 0.   ... 0.   0.   0.  ]
 [0.01 0.   0.9  ... 0.   0.   0.  ]
 ...
 [0.   0.   0.   ... 0.96 0.   0.  ]
 [0.   0.   0.09 ... 0.   0.01 0.  ]
 [0.   0.   0.   ... 0.   0.   0.83]]
[2025-02-19 01:18:30,204 INFO] model saved: ./saved_models/usb_cv/fixmatch_cifar100_400_0/latest_model.pth
[2025-02-19 01:18:31,860 INFO] model saved: ./saved_models/usb_cv/fixmatch_cifar100_400_0/model_best.pth
[2025-02-19 01:18:31,862 INFO] 8192 iteration, USE_EMA: False, train/sup_loss: 0.0001, train/unsup_loss: 1.1147, train/total_loss: 1.1149, train/util_ratio: 0.8750, train/run_time: 0.1725, eval/loss: 1.3791, eval/top-1-acc: 0.7367, eval/top-5-acc: 0.9296, eval/balanced_acc: 0.7367, eval/precision: 0.7490, eval/recall: 0.7367, eval/F1: 0.7147, lr: 0.0005, train/prefecth_time: 0.0022 BEST_EVAL_ACC: 0.7367, at 8192 iters
[2025-02-19 01:19:21,325 INFO] 8448 iteration USE_EMA: False, train/sup_loss: 0.0328, train/unsup_loss: 0.5355, train/total_loss: 0.5683, train/util_ratio: 0.6250, train/run_time: 0.1729, lr: 0.0005, train/prefecth_time: 0.0026 
[2025-02-19 01:20:10,337 INFO] 8704 iteration USE_EMA: False, train/sup_loss: 0.0034, train/unsup_loss: 0.0000, train/total_loss: 0.0034, train/util_ratio: 0.0000, train/run_time: 0.1726, lr: 0.0005, train/prefecth_time: 0.0026 
[2025-02-19 01:20:59,329 INFO] 8960 iteration USE_EMA: False, train/sup_loss: 0.0008, train/unsup_loss: 0.2485, train/total_loss: 0.2493, train/util_ratio: 0.6250, train/run_time: 0.1722, lr: 0.0005, train/prefecth_time: 0.0027 
[2025-02-19 01:21:48,340 INFO] 9216 iteration USE_EMA: False, train/sup_loss: 0.0014, train/unsup_loss: 0.2059, train/total_loss: 0.2073, train/util_ratio: 0.5000, train/run_time: 0.1722, lr: 0.0005, train/prefecth_time: 0.0023 
[2025-02-19 01:22:37,738 INFO] 9472 iteration USE_EMA: False, train/sup_loss: 0.0394, train/unsup_loss: 0.4767, train/total_loss: 0.5161, train/util_ratio: 0.6250, train/run_time: 0.1730, lr: 0.0005, train/prefecth_time: 0.0026 
[2025-02-19 01:23:26,768 INFO] 9728 iteration USE_EMA: False, train/sup_loss: 0.0015, train/unsup_loss: 0.0005, train/total_loss: 0.0021, train/util_ratio: 0.6250, train/run_time: 0.1726, lr: 0.0005, train/prefecth_time: 0.0028 
[2025-02-19 01:24:15,850 INFO] 9984 iteration USE_EMA: False, train/sup_loss: 0.0009, train/unsup_loss: 0.1293, train/total_loss: 0.1302, train/util_ratio: 0.6250, train/run_time: 0.1738, lr: 0.0005, train/prefecth_time: 0.0026 
[2025-02-19 01:25:04,855 INFO] validating...
[2025-02-19 01:25:31,753 INFO] confusion matrix:
[[0.95 0.   0.   ... 0.   0.   0.  ]
 [0.   0.83 0.   ... 0.   0.   0.  ]
 [0.01 0.   0.87 ... 0.   0.   0.  ]
 ...
 [0.   0.   0.   ... 0.97 0.   0.  ]
 [0.   0.   0.12 ... 0.   0.07 0.  ]
 [0.   0.   0.   ... 0.   0.   0.83]]
[2025-02-19 01:25:33,382 INFO] model saved: ./saved_models/usb_cv/fixmatch_cifar100_400_0/latest_model.pth
[2025-02-19 01:25:35,044 INFO] model saved: ./saved_models/usb_cv/fixmatch_cifar100_400_0/model_best.pth
[2025-02-19 01:25:35,045 INFO] 10240 iteration, USE_EMA: False, train/sup_loss: 0.0013, train/unsup_loss: 0.5753, train/total_loss: 0.5766, train/util_ratio: 0.3750, train/run_time: 0.1721, eval/loss: 1.4426, eval/top-1-acc: 0.7446, eval/top-5-acc: 0.9314, eval/balanced_acc: 0.7446, eval/precision: 0.7635, eval/recall: 0.7446, eval/F1: 0.7240, lr: 0.0005, train/prefecth_time: 0.0022 BEST_EVAL_ACC: 0.7446, at 10240 iters
[2025-02-19 01:26:24,623 INFO] 10496 iteration USE_EMA: False, train/sup_loss: 0.0036, train/unsup_loss: 0.8915, train/total_loss: 0.8951, train/util_ratio: 0.8750, train/run_time: 0.1725, lr: 0.0005, train/prefecth_time: 0.0029 
[2025-02-19 01:27:13,646 INFO] 10752 iteration USE_EMA: False, train/sup_loss: 0.0014, train/unsup_loss: 0.2067, train/total_loss: 0.2081, train/util_ratio: 0.3750, train/run_time: 0.1721, lr: 0.0005, train/prefecth_time: 0.0028 
[2025-02-19 01:28:02,617 INFO] 11008 iteration USE_EMA: False, train/sup_loss: 0.0395, train/unsup_loss: 0.3119, train/total_loss: 0.3514, train/util_ratio: 0.7500, train/run_time: 0.1735, lr: 0.0005, train/prefecth_time: 0.0026 
[2025-02-19 01:28:51,601 INFO] 11264 iteration USE_EMA: False, train/sup_loss: 0.0096, train/unsup_loss: 0.0234, train/total_loss: 0.0330, train/util_ratio: 0.5000, train/run_time: 0.1722, lr: 0.0005, train/prefecth_time: 0.0022 
[2025-02-19 01:29:40,971 INFO] 11520 iteration USE_EMA: False, train/sup_loss: 0.0014, train/unsup_loss: 1.0700, train/total_loss: 1.0713, train/util_ratio: 0.3750, train/run_time: 0.1726, lr: 0.0005, train/prefecth_time: 0.0026 
[2025-02-19 01:30:29,985 INFO] 11776 iteration USE_EMA: False, train/sup_loss: 0.0002, train/unsup_loss: 0.0192, train/total_loss: 0.0195, train/util_ratio: 0.7500, train/run_time: 0.1729, lr: 0.0005, train/prefecth_time: 0.0026 
[2025-02-19 01:31:18,965 INFO] 12032 iteration USE_EMA: False, train/sup_loss: 0.0250, train/unsup_loss: 0.3319, train/total_loss: 0.3569, train/util_ratio: 0.5000, train/run_time: 0.1723, lr: 0.0005, train/prefecth_time: 0.0025 
[2025-02-19 01:32:07,970 INFO] validating...
[2025-02-19 01:32:34,587 INFO] confusion matrix:
[[0.83 0.   0.   ... 0.   0.   0.  ]
 [0.   0.85 0.   ... 0.   0.   0.  ]
 [0.   0.   0.45 ... 0.   0.39 0.  ]
 ...
 [0.   0.   0.   ... 0.91 0.   0.  ]
 [0.   0.   0.   ... 0.   0.49 0.  ]
 [0.   0.   0.   ... 0.   0.   0.88]]
[2025-02-19 01:32:36,196 INFO] model saved: ./saved_models/usb_cv/fixmatch_cifar100_400_0/latest_model.pth
[2025-02-19 01:32:36,198 INFO] 12288 iteration, USE_EMA: False, train/sup_loss: 0.0003, train/unsup_loss: 0.2670, train/total_loss: 0.2673, train/util_ratio: 0.2500, train/run_time: 0.1720, eval/loss: 1.5447, eval/top-1-acc: 0.7357, eval/top-5-acc: 0.9279, eval/balanced_acc: 0.7357, eval/precision: 0.7674, eval/recall: 0.7357, eval/F1: 0.7171, lr: 0.0005, train/prefecth_time: 0.0022 BEST_EVAL_ACC: 0.7446, at 10240 iters
[2025-02-19 01:33:25,593 INFO] 12544 iteration USE_EMA: False, train/sup_loss: 0.0032, train/unsup_loss: 0.0023, train/total_loss: 0.0055, train/util_ratio: 0.6250, train/run_time: 0.1721, lr: 0.0005, train/prefecth_time: 0.0023 
[2025-02-19 01:34:14,569 INFO] 12800 iteration USE_EMA: False, train/sup_loss: 0.0001, train/unsup_loss: 0.0497, train/total_loss: 0.0498, train/util_ratio: 0.3750, train/run_time: 0.1728, lr: 0.0005, train/prefecth_time: 0.0026 
[2025-02-19 01:35:03,556 INFO] 13056 iteration USE_EMA: False, train/sup_loss: 0.0015, train/unsup_loss: 0.7655, train/total_loss: 0.7670, train/util_ratio: 0.6250, train/run_time: 0.1722, lr: 0.0005, train/prefecth_time: 0.0024 
[2025-02-19 01:35:52,544 INFO] 13312 iteration USE_EMA: False, train/sup_loss: 0.0012, train/unsup_loss: 0.3608, train/total_loss: 0.3620, train/util_ratio: 0.7500, train/run_time: 0.1732, lr: 0.0005, train/prefecth_time: 0.0026 
[2025-02-19 01:36:41,977 INFO] 13568 iteration USE_EMA: False, train/sup_loss: 0.1300, train/unsup_loss: 0.2482, train/total_loss: 0.3783, train/util_ratio: 0.6250, train/run_time: 0.1727, lr: 0.0005, train/prefecth_time: 0.0024 
[2025-02-19 01:37:31,022 INFO] 13824 iteration USE_EMA: False, train/sup_loss: 0.0049, train/unsup_loss: 0.1245, train/total_loss: 0.1294, train/util_ratio: 0.5000, train/run_time: 0.1734, lr: 0.0005, train/prefecth_time: 0.0026 
[2025-02-19 01:38:20,056 INFO] 14080 iteration USE_EMA: False, train/sup_loss: 0.0012, train/unsup_loss: 0.1024, train/total_loss: 0.1036, train/util_ratio: 0.5000, train/run_time: 0.1723, lr: 0.0005, train/prefecth_time: 0.0024 
[2025-02-19 01:39:09,069 INFO] validating...
[2025-02-19 01:39:35,717 INFO] confusion matrix:
[[0.92 0.   0.   ... 0.   0.   0.  ]
 [0.   0.86 0.   ... 0.   0.   0.  ]
 [0.01 0.   0.58 ... 0.   0.18 0.  ]
 ...
 [0.   0.   0.   ... 0.92 0.   0.  ]
 [0.   0.   0.01 ... 0.   0.39 0.  ]
 [0.   0.   0.   ... 0.   0.   0.87]]
[2025-02-19 01:39:37,352 INFO] model saved: ./saved_models/usb_cv/fixmatch_cifar100_400_0/latest_model.pth
[2025-02-19 01:39:37,354 INFO] 14336 iteration, USE_EMA: False, train/sup_loss: 0.0131, train/unsup_loss: 0.0087, train/total_loss: 0.0218, train/util_ratio: 0.8750, train/run_time: 0.1719, eval/loss: 1.4992, eval/top-1-acc: 0.7430, eval/top-5-acc: 0.9335, eval/balanced_acc: 0.7430, eval/precision: 0.7686, eval/recall: 0.7430, eval/F1: 0.7245, lr: 0.0005, train/prefecth_time: 0.0024 BEST_EVAL_ACC: 0.7446, at 10240 iters
[2025-02-19 01:40:26,835 INFO] 14592 iteration USE_EMA: False, train/sup_loss: 0.0022, train/unsup_loss: 0.2469, train/total_loss: 0.2491, train/util_ratio: 0.6250, train/run_time: 0.1727, lr: 0.0005, train/prefecth_time: 0.0024 
[2025-02-19 01:41:15,868 INFO] 14848 iteration USE_EMA: False, train/sup_loss: 0.0005, train/unsup_loss: 0.1612, train/total_loss: 0.1618, train/util_ratio: 0.5000, train/run_time: 0.1728, lr: 0.0005, train/prefecth_time: 0.0024 
[2025-02-19 01:42:04,912 INFO] 15104 iteration USE_EMA: False, train/sup_loss: 0.0005, train/unsup_loss: 0.2506, train/total_loss: 0.2510, train/util_ratio: 0.7500, train/run_time: 0.1727, lr: 0.0005, train/prefecth_time: 0.0027 
[2025-02-19 01:42:53,921 INFO] 15360 iteration USE_EMA: False, train/sup_loss: 0.3407, train/unsup_loss: 0.0372, train/total_loss: 0.3778, train/util_ratio: 0.7500, train/run_time: 0.1724, lr: 0.0005, train/prefecth_time: 0.0023 
[2025-02-19 01:43:43,271 INFO] 15616 iteration USE_EMA: False, train/sup_loss: 0.0042, train/unsup_loss: 0.0057, train/total_loss: 0.0099, train/util_ratio: 0.5000, train/run_time: 0.1725, lr: 0.0005, train/prefecth_time: 0.0026 
[2025-02-19 01:44:32,214 INFO] 15872 iteration USE_EMA: False, train/sup_loss: 0.0233, train/unsup_loss: 0.0362, train/total_loss: 0.0595, train/util_ratio: 0.8750, train/run_time: 0.1728, lr: 0.0005, train/prefecth_time: 0.0027 
[2025-02-19 01:45:21,145 INFO] 16128 iteration USE_EMA: False, train/sup_loss: 0.0001, train/unsup_loss: 0.3414, train/total_loss: 0.3415, train/util_ratio: 0.7500, train/run_time: 0.1724, lr: 0.0005, train/prefecth_time: 0.0024 
[2025-02-19 01:46:10,076 INFO] validating...
[2025-02-19 01:46:36,735 INFO] confusion matrix:
[[0.98 0.   0.   ... 0.   0.   0.  ]
 [0.   0.86 0.   ... 0.   0.   0.  ]
 [0.01 0.   0.83 ... 0.   0.   0.  ]
 ...
 [0.   0.   0.   ... 0.94 0.   0.  ]
 [0.   0.   0.03 ... 0.   0.17 0.  ]
 [0.   0.   0.   ... 0.   0.   0.87]]
[2025-02-19 01:46:38,377 INFO] model saved: ./saved_models/usb_cv/fixmatch_cifar100_400_0/latest_model.pth
[2025-02-19 01:46:40,040 INFO] model saved: ./saved_models/usb_cv/fixmatch_cifar100_400_0/model_best.pth
[2025-02-19 01:46:40,042 INFO] 16384 iteration, USE_EMA: False, train/sup_loss: 0.0024, train/unsup_loss: 0.3072, train/total_loss: 0.3096, train/util_ratio: 0.7500, train/run_time: 0.1723, eval/loss: 1.4713, eval/top-1-acc: 0.7532, eval/top-5-acc: 0.9355, eval/balanced_acc: 0.7532, eval/precision: 0.7784, eval/recall: 0.7532, eval/F1: 0.7336, lr: 0.0005, train/prefecth_time: 0.0023 BEST_EVAL_ACC: 0.7532, at 16384 iters
[2025-02-19 01:47:29,449 INFO] 16640 iteration USE_EMA: False, train/sup_loss: 0.0007, train/unsup_loss: 0.6302, train/total_loss: 0.6309, train/util_ratio: 0.7500, train/run_time: 0.1720, lr: 0.0005, train/prefecth_time: 0.0028 
[2025-02-19 01:48:18,525 INFO] 16896 iteration USE_EMA: False, train/sup_loss: 0.0009, train/unsup_loss: 0.5396, train/total_loss: 0.5405, train/util_ratio: 0.6250, train/run_time: 0.1734, lr: 0.0005, train/prefecth_time: 0.0027 
[2025-02-19 01:49:07,527 INFO] 17152 iteration USE_EMA: False, train/sup_loss: 0.0007, train/unsup_loss: 0.0630, train/total_loss: 0.0637, train/util_ratio: 0.5000, train/run_time: 0.1723, lr: 0.0005, train/prefecth_time: 0.0027 
[2025-02-19 01:49:56,530 INFO] 17408 iteration USE_EMA: False, train/sup_loss: 0.0006, train/unsup_loss: 0.1241, train/total_loss: 0.1247, train/util_ratio: 0.5000, train/run_time: 0.1721, lr: 0.0005, train/prefecth_time: 0.0019 
[2025-02-19 01:50:45,935 INFO] 17664 iteration USE_EMA: False, train/sup_loss: 0.0002, train/unsup_loss: 0.9276, train/total_loss: 0.9278, train/util_ratio: 1.0000, train/run_time: 0.1728, lr: 0.0005, train/prefecth_time: 0.0027 
[2025-02-19 01:51:34,971 INFO] 17920 iteration USE_EMA: False, train/sup_loss: 0.0011, train/unsup_loss: 0.1974, train/total_loss: 0.1985, train/util_ratio: 0.6250, train/run_time: 0.1721, lr: 0.0005, train/prefecth_time: 0.0028 
[2025-02-19 01:52:24,016 INFO] 18176 iteration USE_EMA: False, train/sup_loss: 0.0000, train/unsup_loss: 0.0337, train/total_loss: 0.0337, train/util_ratio: 0.5000, train/run_time: 0.1726, lr: 0.0005, train/prefecth_time: 0.0026 
[2025-02-19 01:53:13,077 INFO] validating...
[2025-02-19 01:53:39,736 INFO] confusion matrix:
[[0.86 0.   0.   ... 0.   0.   0.  ]
 [0.   0.92 0.   ... 0.   0.   0.  ]
 [0.   0.   0.88 ... 0.   0.01 0.  ]
 ...
 [0.   0.   0.   ... 0.92 0.   0.  ]
 [0.   0.   0.07 ... 0.   0.06 0.  ]
 [0.   0.   0.   ... 0.   0.   0.9 ]]
[2025-02-19 01:53:41,362 INFO] model saved: ./saved_models/usb_cv/fixmatch_cifar100_400_0/latest_model.pth
[2025-02-19 01:53:43,015 INFO] model saved: ./saved_models/usb_cv/fixmatch_cifar100_400_0/model_best.pth
[2025-02-19 01:53:43,017 INFO] 18432 iteration, USE_EMA: False, train/sup_loss: 0.0087, train/unsup_loss: 0.0264, train/total_loss: 0.0351, train/util_ratio: 0.6250, train/run_time: 0.1725, eval/loss: 1.4501, eval/top-1-acc: 0.7602, eval/top-5-acc: 0.9425, eval/balanced_acc: 0.7602, eval/precision: 0.7751, eval/recall: 0.7602, eval/F1: 0.7423, lr: 0.0005, train/prefecth_time: 0.0023 BEST_EVAL_ACC: 0.7602, at 18432 iters
[2025-02-19 01:54:32,409 INFO] 18688 iteration USE_EMA: False, train/sup_loss: 0.0002, train/unsup_loss: 0.0710, train/total_loss: 0.0712, train/util_ratio: 0.7500, train/run_time: 0.1730, lr: 0.0005, train/prefecth_time: 0.0024 
[2025-02-19 01:55:21,363 INFO] 18944 iteration USE_EMA: False, train/sup_loss: 0.0004, train/unsup_loss: 0.0439, train/total_loss: 0.0443, train/util_ratio: 0.5000, train/run_time: 0.1721, lr: 0.0005, train/prefecth_time: 0.0026 
[2025-02-19 01:56:10,329 INFO] 19200 iteration USE_EMA: False, train/sup_loss: 0.0014, train/unsup_loss: 0.5031, train/total_loss: 0.5045, train/util_ratio: 0.7500, train/run_time: 0.1730, lr: 0.0005, train/prefecth_time: 0.0024 
[2025-02-19 01:56:59,332 INFO] 19456 iteration USE_EMA: False, train/sup_loss: 0.0005, train/unsup_loss: 0.0033, train/total_loss: 0.0038, train/util_ratio: 0.5000, train/run_time: 0.1730, lr: 0.0005, train/prefecth_time: 0.0023 
[2025-02-19 01:57:48,649 INFO] 19712 iteration USE_EMA: False, train/sup_loss: 0.0013, train/unsup_loss: 0.0534, train/total_loss: 0.0546, train/util_ratio: 0.5000, train/run_time: 0.1732, lr: 0.0005, train/prefecth_time: 0.0026 
[2025-02-19 01:58:37,557 INFO] 19968 iteration USE_EMA: False, train/sup_loss: 0.0005, train/unsup_loss: 0.1265, train/total_loss: 0.1271, train/util_ratio: 0.8750, train/run_time: 0.1718, lr: 0.0005, train/prefecth_time: 0.0025 
[2025-02-19 01:59:26,553 INFO] 20224 iteration USE_EMA: False, train/sup_loss: 0.1174, train/unsup_loss: 0.4264, train/total_loss: 0.5438, train/util_ratio: 0.7500, train/run_time: 0.1722, lr: 0.0005, train/prefecth_time: 0.0024 
[2025-02-19 02:00:15,496 INFO] validating...
[2025-02-19 02:00:42,152 INFO] confusion matrix:
[[0.84 0.   0.   ... 0.   0.   0.  ]
 [0.   0.94 0.   ... 0.   0.   0.  ]
 [0.   0.   0.68 ... 0.   0.19 0.  ]
 ...
 [0.   0.   0.   ... 0.97 0.   0.  ]
 [0.   0.   0.01 ... 0.   0.4  0.  ]
 [0.   0.   0.   ... 0.   0.   0.93]]
[2025-02-19 02:00:43,772 INFO] model saved: ./saved_models/usb_cv/fixmatch_cifar100_400_0/latest_model.pth
[2025-02-19 02:00:45,438 INFO] model saved: ./saved_models/usb_cv/fixmatch_cifar100_400_0/model_best.pth
[2025-02-19 02:00:45,440 INFO] 20480 iteration, USE_EMA: False, train/sup_loss: 0.0006, train/unsup_loss: 0.0096, train/total_loss: 0.0102, train/util_ratio: 0.5000, train/run_time: 0.1720, eval/loss: 1.4550, eval/top-1-acc: 0.7669, eval/top-5-acc: 0.9426, eval/balanced_acc: 0.7669, eval/precision: 0.7895, eval/recall: 0.7669, eval/F1: 0.7521, lr: 0.0005, train/prefecth_time: 0.0024 BEST_EVAL_ACC: 0.7669, at 20480 iters
[2025-02-19 02:01:34,923 INFO] 20736 iteration USE_EMA: False, train/sup_loss: 0.0112, train/unsup_loss: 0.0634, train/total_loss: 0.0745, train/util_ratio: 0.8750, train/run_time: 0.1728, lr: 0.0005, train/prefecth_time: 0.0024 
[2025-02-19 02:02:23,963 INFO] 20992 iteration USE_EMA: False, train/sup_loss: 0.0038, train/unsup_loss: 0.8956, train/total_loss: 0.8994, train/util_ratio: 0.8750, train/run_time: 0.1733, lr: 0.0005, train/prefecth_time: 0.0026 
[2025-02-19 02:03:12,957 INFO] 21248 iteration USE_EMA: False, train/sup_loss: 0.0208, train/unsup_loss: 0.0680, train/total_loss: 0.0888, train/util_ratio: 0.5000, train/run_time: 0.1733, lr: 0.0005, train/prefecth_time: 0.0027 
[2025-02-19 02:04:01,942 INFO] 21504 iteration USE_EMA: False, train/sup_loss: 0.0031, train/unsup_loss: 0.1471, train/total_loss: 0.1502, train/util_ratio: 0.7500, train/run_time: 0.1721, lr: 0.0005, train/prefecth_time: 0.0022 
[2025-02-19 02:04:51,306 INFO] 21760 iteration USE_EMA: False, train/sup_loss: 0.0011, train/unsup_loss: 0.2460, train/total_loss: 0.2472, train/util_ratio: 0.7500, train/run_time: 0.1728, lr: 0.0005, train/prefecth_time: 0.0026 
[2025-02-19 02:05:40,231 INFO] 22016 iteration USE_EMA: False, train/sup_loss: 0.0014, train/unsup_loss: 0.0616, train/total_loss: 0.0630, train/util_ratio: 0.6250, train/run_time: 0.1721, lr: 0.0005, train/prefecth_time: 0.0024 
[2025-02-19 02:06:29,174 INFO] 22272 iteration USE_EMA: False, train/sup_loss: 0.0478, train/unsup_loss: 0.3901, train/total_loss: 0.4379, train/util_ratio: 0.6250, train/run_time: 0.1732, lr: 0.0005, train/prefecth_time: 0.0025 
[2025-02-19 02:07:18,115 INFO] validating...
[2025-02-19 02:07:45,108 INFO] confusion matrix:
[[0.7  0.   0.   ... 0.   0.   0.  ]
 [0.   0.89 0.   ... 0.   0.   0.  ]
 [0.   0.   0.58 ... 0.   0.24 0.  ]
 ...
 [0.   0.   0.   ... 0.93 0.   0.  ]
 [0.   0.   0.02 ... 0.   0.62 0.  ]
 [0.   0.   0.   ... 0.   0.   0.86]]
[2025-02-19 02:07:46,731 INFO] model saved: ./saved_models/usb_cv/fixmatch_cifar100_400_0/latest_model.pth
[2025-02-19 02:07:46,733 INFO] 22528 iteration, USE_EMA: False, train/sup_loss: 0.0002, train/unsup_loss: 0.1755, train/total_loss: 0.1757, train/util_ratio: 0.8750, train/run_time: 0.1729, eval/loss: 1.7366, eval/top-1-acc: 0.7547, eval/top-5-acc: 0.9438, eval/balanced_acc: 0.7547, eval/precision: 0.7843, eval/recall: 0.7547, eval/F1: 0.7395, lr: 0.0005, train/prefecth_time: 0.0022 BEST_EVAL_ACC: 0.7669, at 20480 iters
[2025-02-19 02:08:36,220 INFO] 22784 iteration USE_EMA: False, train/sup_loss: 0.0002, train/unsup_loss: 0.2726, train/total_loss: 0.2728, train/util_ratio: 0.6250, train/run_time: 0.1731, lr: 0.0005, train/prefecth_time: 0.0028 
[2025-02-19 02:09:25,244 INFO] 23040 iteration USE_EMA: False, train/sup_loss: 0.0186, train/unsup_loss: 0.2594, train/total_loss: 0.2780, train/util_ratio: 0.2500, train/run_time: 0.1724, lr: 0.0005, train/prefecth_time: 0.0027 
[2025-02-19 02:10:14,257 INFO] 23296 iteration USE_EMA: False, train/sup_loss: 0.0032, train/unsup_loss: 0.2801, train/total_loss: 0.2833, train/util_ratio: 0.6250, train/run_time: 0.1724, lr: 0.0005, train/prefecth_time: 0.0027 
[2025-02-19 02:11:03,254 INFO] 23552 iteration USE_EMA: False, train/sup_loss: 0.0014, train/unsup_loss: 0.0379, train/total_loss: 0.0393, train/util_ratio: 0.8750, train/run_time: 0.1731, lr: 0.0005, train/prefecth_time: 0.0022 
[2025-02-19 02:11:52,548 INFO] 23808 iteration USE_EMA: False, train/sup_loss: 0.0015, train/unsup_loss: 0.0085, train/total_loss: 0.0099, train/util_ratio: 0.7500, train/run_time: 0.1728, lr: 0.0005, train/prefecth_time: 0.0024 
[2025-02-19 02:12:41,489 INFO] 24064 iteration USE_EMA: False, train/sup_loss: 0.0072, train/unsup_loss: 0.8218, train/total_loss: 0.8290, train/util_ratio: 0.7500, train/run_time: 0.1735, lr: 0.0005, train/prefecth_time: 0.0025 
[2025-02-19 02:13:30,464 INFO] 24320 iteration USE_EMA: False, train/sup_loss: 0.0008, train/unsup_loss: 1.5131, train/total_loss: 1.5138, train/util_ratio: 0.8750, train/run_time: 0.1727, lr: 0.0005, train/prefecth_time: 0.0027 
[2025-02-19 02:14:19,436 INFO] validating...
[2025-02-19 02:14:46,169 INFO] confusion matrix:
[[0.86 0.   0.   ... 0.   0.   0.  ]
 [0.   0.97 0.   ... 0.   0.   0.  ]
 [0.01 0.   0.61 ... 0.   0.02 0.  ]
 ...
 [0.   0.   0.   ... 0.92 0.   0.  ]
 [0.   0.   0.02 ... 0.   0.16 0.  ]
 [0.   0.   0.   ... 0.   0.   0.8 ]]
[2025-02-19 02:14:47,808 INFO] model saved: ./saved_models/usb_cv/fixmatch_cifar100_400_0/latest_model.pth
[2025-02-19 02:14:49,479 INFO] model saved: ./saved_models/usb_cv/fixmatch_cifar100_400_0/model_best.pth
[2025-02-19 02:14:49,479 INFO] 24576 iteration, USE_EMA: False, train/sup_loss: 0.0001, train/unsup_loss: 0.7848, train/total_loss: 0.7849, train/util_ratio: 1.0000, train/run_time: 0.1727, eval/loss: 1.4359, eval/top-1-acc: 0.7734, eval/top-5-acc: 0.9459, eval/balanced_acc: 0.7734, eval/precision: 0.7968, eval/recall: 0.7734, eval/F1: 0.7599, lr: 0.0005, train/prefecth_time: 0.0021 BEST_EVAL_ACC: 0.7734, at 24576 iters
[2025-02-19 02:15:38,868 INFO] 24832 iteration USE_EMA: False, train/sup_loss: 0.0027, train/unsup_loss: 0.0481, train/total_loss: 0.0507, train/util_ratio: 0.5000, train/run_time: 0.1724, lr: 0.0005, train/prefecth_time: 0.0024 
[2025-02-19 02:16:27,843 INFO] 25088 iteration USE_EMA: False, train/sup_loss: 0.0005, train/unsup_loss: 0.8175, train/total_loss: 0.8180, train/util_ratio: 0.8750, train/run_time: 0.1732, lr: 0.0005, train/prefecth_time: 0.0026 
[2025-02-19 02:17:16,829 INFO] 25344 iteration USE_EMA: False, train/sup_loss: 0.0000, train/unsup_loss: 0.9895, train/total_loss: 0.9895, train/util_ratio: 0.8750, train/run_time: 0.1724, lr: 0.0005, train/prefecth_time: 0.0025 
[2025-02-19 02:18:05,809 INFO] 25600 iteration USE_EMA: False, train/sup_loss: 0.0000, train/unsup_loss: 0.1306, train/total_loss: 0.1306, train/util_ratio: 0.8750, train/run_time: 0.1723, lr: 0.0005, train/prefecth_time: 0.0023 
[2025-02-19 02:18:55,242 INFO] 25856 iteration USE_EMA: False, train/sup_loss: 0.0000, train/unsup_loss: 0.3533, train/total_loss: 0.3534, train/util_ratio: 0.7500, train/run_time: 0.1725, lr: 0.0005, train/prefecth_time: 0.0024 
[2025-02-19 02:19:44,230 INFO] 26112 iteration USE_EMA: False, train/sup_loss: 0.0099, train/unsup_loss: 0.2345, train/total_loss: 0.2444, train/util_ratio: 0.6250, train/run_time: 0.1720, lr: 0.0005, train/prefecth_time: 0.0025 
[2025-02-19 02:20:33,215 INFO] 26368 iteration USE_EMA: False, train/sup_loss: 0.0010, train/unsup_loss: 0.1268, train/total_loss: 0.1278, train/util_ratio: 0.7500, train/run_time: 0.1718, lr: 0.0005, train/prefecth_time: 0.0024 
[2025-02-19 02:21:22,176 INFO] validating...
[2025-02-19 02:21:48,830 INFO] confusion matrix:
[[1.   0.   0.   ... 0.   0.   0.  ]
 [0.   0.93 0.   ... 0.   0.   0.  ]
 [0.01 0.   0.56 ... 0.   0.13 0.  ]
 ...
 [0.   0.   0.   ... 0.95 0.   0.  ]
 [0.   0.   0.02 ... 0.   0.33 0.  ]
 [0.   0.   0.   ... 0.   0.   0.87]]
[2025-02-19 02:21:50,463 INFO] model saved: ./saved_models/usb_cv/fixmatch_cifar100_400_0/latest_model.pth
[2025-02-19 02:21:50,465 INFO] 26624 iteration, USE_EMA: False, train/sup_loss: 0.0002, train/unsup_loss: 0.6356, train/total_loss: 0.6358, train/util_ratio: 0.8750, train/run_time: 0.1727, eval/loss: 1.6790, eval/top-1-acc: 0.7659, eval/top-5-acc: 0.9457, eval/balanced_acc: 0.7659, eval/precision: 0.7941, eval/recall: 0.7659, eval/F1: 0.7511, lr: 0.0005, train/prefecth_time: 0.0023 BEST_EVAL_ACC: 0.7734, at 24576 iters
[2025-02-19 02:22:39,836 INFO] 26880 iteration USE_EMA: False, train/sup_loss: 0.0002, train/unsup_loss: 0.0801, train/total_loss: 0.0803, train/util_ratio: 0.8750, train/run_time: 0.1720, lr: 0.0005, train/prefecth_time: 0.0028 
[2025-02-19 02:23:28,747 INFO] 27136 iteration USE_EMA: False, train/sup_loss: 0.0104, train/unsup_loss: 0.3021, train/total_loss: 0.3125, train/util_ratio: 0.6250, train/run_time: 0.1730, lr: 0.0005, train/prefecth_time: 0.0024 
[2025-02-19 02:24:17,674 INFO] 27392 iteration USE_EMA: False, train/sup_loss: 0.0006, train/unsup_loss: 0.6873, train/total_loss: 0.6879, train/util_ratio: 0.6250, train/run_time: 0.1727, lr: 0.0005, train/prefecth_time: 0.0028 
[2025-02-19 02:25:06,600 INFO] 27648 iteration USE_EMA: False, train/sup_loss: 0.0026, train/unsup_loss: 0.0005, train/total_loss: 0.0032, train/util_ratio: 0.7500, train/run_time: 0.1734, lr: 0.0005, train/prefecth_time: 0.0022 
[2025-02-19 02:25:55,920 INFO] 27904 iteration USE_EMA: False, train/sup_loss: 0.0004, train/unsup_loss: 0.3695, train/total_loss: 0.3699, train/util_ratio: 0.5000, train/run_time: 0.1724, lr: 0.0005, train/prefecth_time: 0.0024 
[2025-02-19 02:26:44,889 INFO] 28160 iteration USE_EMA: False, train/sup_loss: 0.0001, train/unsup_loss: 1.5089, train/total_loss: 1.5090, train/util_ratio: 0.7500, train/run_time: 0.1733, lr: 0.0005, train/prefecth_time: 0.0025 
[2025-02-19 02:27:33,867 INFO] 28416 iteration USE_EMA: False, train/sup_loss: 0.0002, train/unsup_loss: 0.4704, train/total_loss: 0.4706, train/util_ratio: 0.5000, train/run_time: 0.1743, lr: 0.0005, train/prefecth_time: 0.0026 
[2025-02-19 02:28:22,851 INFO] validating...
[2025-02-19 02:28:49,828 INFO] confusion matrix:
[[0.99 0.   0.   ... 0.   0.   0.  ]
 [0.   0.97 0.   ... 0.   0.   0.  ]
 [0.01 0.   0.51 ... 0.   0.05 0.  ]
 ...
 [0.   0.   0.   ... 0.95 0.   0.  ]
 [0.   0.   0.01 ... 0.   0.23 0.  ]
 [0.   0.   0.   ... 0.   0.   0.82]]
[2025-02-19 02:28:51,462 INFO] model saved: ./saved_models/usb_cv/fixmatch_cifar100_400_0/latest_model.pth
[2025-02-19 02:28:53,134 INFO] model saved: ./saved_models/usb_cv/fixmatch_cifar100_400_0/model_best.pth
[2025-02-19 02:28:53,136 INFO] 28672 iteration, USE_EMA: False, train/sup_loss: 0.0002, train/unsup_loss: 0.0288, train/total_loss: 0.0290, train/util_ratio: 1.0000, train/run_time: 0.1728, eval/loss: 1.5302, eval/top-1-acc: 0.7762, eval/top-5-acc: 0.9467, eval/balanced_acc: 0.7762, eval/precision: 0.7954, eval/recall: 0.7762, eval/F1: 0.7628, lr: 0.0005, train/prefecth_time: 0.0020 BEST_EVAL_ACC: 0.7762, at 28672 iters
[2025-02-19 02:29:42,591 INFO] 28928 iteration USE_EMA: False, train/sup_loss: 0.0011, train/unsup_loss: 0.0044, train/total_loss: 0.0055, train/util_ratio: 0.7500, train/run_time: 0.1719, lr: 0.0005, train/prefecth_time: 0.0024 
[2025-02-19 02:30:31,594 INFO] 29184 iteration USE_EMA: False, train/sup_loss: 0.0000, train/unsup_loss: 0.0021, train/total_loss: 0.0021, train/util_ratio: 0.7500, train/run_time: 0.1721, lr: 0.0005, train/prefecth_time: 0.0025 
[2025-02-19 02:31:20,693 INFO] 29440 iteration USE_EMA: False, train/sup_loss: 0.0000, train/unsup_loss: 0.1509, train/total_loss: 0.1510, train/util_ratio: 0.7500, train/run_time: 0.1730, lr: 0.0005, train/prefecth_time: 0.0024 
[2025-02-19 02:32:09,722 INFO] 29696 iteration USE_EMA: False, train/sup_loss: 0.0010, train/unsup_loss: 0.0033, train/total_loss: 0.0043, train/util_ratio: 0.6250, train/run_time: 0.1726, lr: 0.0005, train/prefecth_time: 0.0023 
[2025-02-19 02:32:59,119 INFO] 29952 iteration USE_EMA: False, train/sup_loss: 0.0011, train/unsup_loss: 0.4046, train/total_loss: 0.4057, train/util_ratio: 0.8750, train/run_time: 0.1730, lr: 0.0005, train/prefecth_time: 0.0027 
[2025-02-19 02:33:48,157 INFO] 30208 iteration USE_EMA: False, train/sup_loss: 0.0001, train/unsup_loss: 0.0061, train/total_loss: 0.0062, train/util_ratio: 0.5000, train/run_time: 0.1724, lr: 0.0005, train/prefecth_time: 0.0026 
[2025-02-19 02:34:37,179 INFO] 30464 iteration USE_EMA: False, train/sup_loss: 0.0003, train/unsup_loss: 0.0456, train/total_loss: 0.0459, train/util_ratio: 0.7500, train/run_time: 0.1724, lr: 0.0005, train/prefecth_time: 0.0025 
[2025-02-19 02:35:26,200 INFO] validating...
[2025-02-19 02:35:52,784 INFO] confusion matrix:
[[0.89 0.   0.   ... 0.   0.   0.  ]
 [0.   0.98 0.   ... 0.   0.   0.  ]
 [0.01 0.   0.72 ... 0.   0.02 0.  ]
 ...
 [0.   0.   0.   ... 0.95 0.   0.  ]
 [0.   0.   0.02 ... 0.   0.14 0.  ]
 [0.   0.   0.   ... 0.   0.   0.78]]
[2025-02-19 02:35:54,408 INFO] model saved: ./saved_models/usb_cv/fixmatch_cifar100_400_0/latest_model.pth
[2025-02-19 02:35:54,410 INFO] 30720 iteration, USE_EMA: False, train/sup_loss: 0.0005, train/unsup_loss: 0.0178, train/total_loss: 0.0183, train/util_ratio: 0.8750, train/run_time: 0.1718, eval/loss: 1.5091, eval/top-1-acc: 0.7740, eval/top-5-acc: 0.9505, eval/balanced_acc: 0.7740, eval/precision: 0.7886, eval/recall: 0.7740, eval/F1: 0.7605, lr: 0.0005, train/prefecth_time: 0.0024 BEST_EVAL_ACC: 0.7762, at 28672 iters
[2025-02-19 02:36:43,824 INFO] 30976 iteration USE_EMA: False, train/sup_loss: 0.0255, train/unsup_loss: 0.7292, train/total_loss: 0.7547, train/util_ratio: 0.8750, train/run_time: 0.1726, lr: 0.0005, train/prefecth_time: 0.0024 
[2025-02-19 02:37:32,787 INFO] 31232 iteration USE_EMA: False, train/sup_loss: 0.0184, train/unsup_loss: 0.5042, train/total_loss: 0.5226, train/util_ratio: 0.6250, train/run_time: 0.1722, lr: 0.0005, train/prefecth_time: 0.0024 
[2025-02-19 02:38:21,719 INFO] 31488 iteration USE_EMA: False, train/sup_loss: 0.0012, train/unsup_loss: 0.0053, train/total_loss: 0.0064, train/util_ratio: 0.7500, train/run_time: 0.1728, lr: 0.0005, train/prefecth_time: 0.0025 
[2025-02-19 02:39:10,770 INFO] 31744 iteration USE_EMA: False, train/sup_loss: 0.0010, train/unsup_loss: 0.0573, train/total_loss: 0.0583, train/util_ratio: 0.5000, train/run_time: 0.1722, lr: 0.0005, train/prefecth_time: 0.0022 
[2025-02-19 02:40:00,172 INFO] 32000 iteration USE_EMA: False, train/sup_loss: 0.0000, train/unsup_loss: 0.0039, train/total_loss: 0.0040, train/util_ratio: 0.3750, train/run_time: 0.1737, lr: 0.0005, train/prefecth_time: 0.0024 
[2025-02-19 02:40:49,126 INFO] 32256 iteration USE_EMA: False, train/sup_loss: 0.0000, train/unsup_loss: 0.0158, train/total_loss: 0.0158, train/util_ratio: 0.7500, train/run_time: 0.1719, lr: 0.0005, train/prefecth_time: 0.0024 
[2025-02-19 02:41:38,082 INFO] 32512 iteration USE_EMA: False, train/sup_loss: 0.0133, train/unsup_loss: 0.0130, train/total_loss: 0.0263, train/util_ratio: 0.7500, train/run_time: 0.1733, lr: 0.0005, train/prefecth_time: 0.0025 
[2025-02-19 02:42:27,067 INFO] validating...
[2025-02-19 02:42:53,757 INFO] confusion matrix:
[[0.92 0.   0.   ... 0.   0.   0.  ]
 [0.   0.89 0.   ... 0.   0.   0.  ]
 [0.01 0.   0.78 ... 0.   0.02 0.  ]
 ...
 [0.   0.   0.   ... 0.93 0.   0.  ]
 [0.   0.   0.04 ... 0.   0.09 0.  ]
 [0.   0.   0.   ... 0.   0.   0.87]]
[2025-02-19 02:42:55,383 INFO] model saved: ./saved_models/usb_cv/fixmatch_cifar100_400_0/latest_model.pth
[2025-02-19 02:42:55,385 INFO] 32768 iteration, USE_EMA: False, train/sup_loss: 0.0001, train/unsup_loss: 0.0003, train/total_loss: 0.0005, train/util_ratio: 0.5000, train/run_time: 0.1724, eval/loss: 1.5389, eval/top-1-acc: 0.7674, eval/top-5-acc: 0.9477, eval/balanced_acc: 0.7674, eval/precision: 0.7797, eval/recall: 0.7674, eval/F1: 0.7538, lr: 0.0005, train/prefecth_time: 0.0023 BEST_EVAL_ACC: 0.7762, at 28672 iters
[2025-02-19 02:43:44,795 INFO] 33024 iteration USE_EMA: False, train/sup_loss: 0.0000, train/unsup_loss: 0.1218, train/total_loss: 0.1219, train/util_ratio: 1.0000, train/run_time: 0.1728, lr: 0.0005, train/prefecth_time: 0.0026 
[2025-02-19 02:44:33,828 INFO] 33280 iteration USE_EMA: False, train/sup_loss: 0.0038, train/unsup_loss: 0.1421, train/total_loss: 0.1459, train/util_ratio: 0.8750, train/run_time: 0.1725, lr: 0.0005, train/prefecth_time: 0.0023 
[2025-02-19 02:45:22,753 INFO] 33536 iteration USE_EMA: False, train/sup_loss: 0.0000, train/unsup_loss: 0.0052, train/total_loss: 0.0052, train/util_ratio: 0.6250, train/run_time: 0.1724, lr: 0.0005, train/prefecth_time: 0.0025 
[2025-02-19 02:46:11,753 INFO] 33792 iteration USE_EMA: False, train/sup_loss: 0.0385, train/unsup_loss: 0.2959, train/total_loss: 0.3344, train/util_ratio: 0.7500, train/run_time: 0.1722, lr: 0.0005, train/prefecth_time: 0.0022 
[2025-02-19 02:47:01,104 INFO] 34048 iteration USE_EMA: False, train/sup_loss: 0.3262, train/unsup_loss: 0.5728, train/total_loss: 0.8990, train/util_ratio: 0.5000, train/run_time: 0.1734, lr: 0.0005, train/prefecth_time: 0.0025 
[2025-02-19 02:47:50,103 INFO] 34304 iteration USE_EMA: False, train/sup_loss: 0.0000, train/unsup_loss: 0.2487, train/total_loss: 0.2487, train/util_ratio: 0.8750, train/run_time: 0.1728, lr: 0.0005, train/prefecth_time: 0.0025 
[2025-02-19 02:48:39,152 INFO] 34560 iteration USE_EMA: False, train/sup_loss: 0.0001, train/unsup_loss: 0.0104, train/total_loss: 0.0105, train/util_ratio: 0.8750, train/run_time: 0.1735, lr: 0.0005, train/prefecth_time: 0.0027 
[2025-02-19 02:49:28,162 INFO] validating...
[2025-02-19 02:49:54,849 INFO] confusion matrix:
[[1.   0.   0.   ... 0.   0.   0.  ]
 [0.   0.96 0.   ... 0.   0.   0.  ]
 [0.02 0.   0.64 ... 0.   0.04 0.  ]
 ...
 [0.   0.   0.   ... 0.94 0.   0.  ]
 [0.   0.   0.01 ... 0.   0.18 0.  ]
 [0.   0.   0.   ... 0.   0.   0.82]]
[2025-02-19 02:49:56,488 INFO] model saved: ./saved_models/usb_cv/fixmatch_cifar100_400_0/latest_model.pth
[2025-02-19 02:49:56,491 INFO] 34816 iteration, USE_EMA: False, train/sup_loss: 0.0001, train/unsup_loss: 0.0082, train/total_loss: 0.0084, train/util_ratio: 0.7500, train/run_time: 0.1723, eval/loss: 1.7486, eval/top-1-acc: 0.7648, eval/top-5-acc: 0.9405, eval/balanced_acc: 0.7648, eval/precision: 0.7889, eval/recall: 0.7648, eval/F1: 0.7471, lr: 0.0005, train/prefecth_time: 0.0024 BEST_EVAL_ACC: 0.7762, at 28672 iters
[2025-02-19 02:50:45,978 INFO] 35072 iteration USE_EMA: False, train/sup_loss: 0.0014, train/unsup_loss: 0.0315, train/total_loss: 0.0329, train/util_ratio: 0.8750, train/run_time: 0.1728, lr: 0.0005, train/prefecth_time: 0.0025 
[2025-02-19 02:51:34,985 INFO] 35328 iteration USE_EMA: False, train/sup_loss: 0.0002, train/unsup_loss: 0.1122, train/total_loss: 0.1124, train/util_ratio: 0.7500, train/run_time: 0.1727, lr: 0.0005, train/prefecth_time: 0.0025 
[2025-02-19 02:52:23,988 INFO] 35584 iteration USE_EMA: False, train/sup_loss: 0.0004, train/unsup_loss: 0.1479, train/total_loss: 0.1483, train/util_ratio: 0.6250, train/run_time: 0.1734, lr: 0.0005, train/prefecth_time: 0.0024 
[2025-02-19 02:53:12,959 INFO] 35840 iteration USE_EMA: False, train/sup_loss: 0.0003, train/unsup_loss: 0.1408, train/total_loss: 0.1411, train/util_ratio: 0.6250, train/run_time: 0.1729, lr: 0.0005, train/prefecth_time: 0.0024 
[2025-02-19 02:54:02,324 INFO] 36096 iteration USE_EMA: False, train/sup_loss: 0.0001, train/unsup_loss: 0.0071, train/total_loss: 0.0072, train/util_ratio: 0.8750, train/run_time: 0.1727, lr: 0.0005, train/prefecth_time: 0.0026 
[2025-02-19 02:54:51,279 INFO] 36352 iteration USE_EMA: False, train/sup_loss: 0.0295, train/unsup_loss: 0.0076, train/total_loss: 0.0371, train/util_ratio: 0.8750, train/run_time: 0.1732, lr: 0.0005, train/prefecth_time: 0.0025 
[2025-02-19 02:55:40,211 INFO] 36608 iteration USE_EMA: False, train/sup_loss: 0.0000, train/unsup_loss: 0.6979, train/total_loss: 0.6979, train/util_ratio: 0.8750, train/run_time: 0.1726, lr: 0.0005, train/prefecth_time: 0.0025 
[2025-02-19 02:56:29,168 INFO] validating...
[2025-02-19 02:56:55,850 INFO] confusion matrix:
[[0.99 0.   0.   ... 0.   0.   0.  ]
 [0.   0.99 0.   ... 0.   0.   0.  ]
 [0.   0.   0.65 ... 0.   0.18 0.  ]
 ...
 [0.   0.   0.   ... 0.98 0.   0.  ]
 [0.   0.   0.02 ... 0.   0.4  0.  ]
 [0.   0.   0.   ... 0.   0.   0.87]]
[2025-02-19 02:56:57,485 INFO] model saved: ./saved_models/usb_cv/fixmatch_cifar100_400_0/latest_model.pth
[2025-02-19 02:56:57,487 INFO] 36864 iteration, USE_EMA: False, train/sup_loss: 0.0001, train/unsup_loss: 0.3660, train/total_loss: 0.3661, train/util_ratio: 0.7500, train/run_time: 0.1722, eval/loss: 1.5516, eval/top-1-acc: 0.7751, eval/top-5-acc: 0.9435, eval/balanced_acc: 0.7751, eval/precision: 0.7858, eval/recall: 0.7751, eval/F1: 0.7595, lr: 0.0005, train/prefecth_time: 0.0022 BEST_EVAL_ACC: 0.7762, at 28672 iters
[2025-02-19 02:57:47,013 INFO] 37120 iteration USE_EMA: False, train/sup_loss: 0.0138, train/unsup_loss: 0.1414, train/total_loss: 0.1552, train/util_ratio: 0.7500, train/run_time: 0.1719, lr: 0.0005, train/prefecth_time: 0.0026 
[2025-02-19 02:58:36,147 INFO] 37376 iteration USE_EMA: False, train/sup_loss: 0.0001, train/unsup_loss: 0.0309, train/total_loss: 0.0309, train/util_ratio: 0.8750, train/run_time: 0.1729, lr: 0.0005, train/prefecth_time: 0.0025 
[2025-02-19 02:59:25,220 INFO] 37632 iteration USE_EMA: False, train/sup_loss: 0.0001, train/unsup_loss: 0.0618, train/total_loss: 0.0618, train/util_ratio: 1.0000, train/run_time: 0.1728, lr: 0.0005, train/prefecth_time: 0.0025 
[2025-02-19 03:00:14,257 INFO] 37888 iteration USE_EMA: False, train/sup_loss: 0.1931, train/unsup_loss: 0.5703, train/total_loss: 0.7634, train/util_ratio: 0.8750, train/run_time: 0.1732, lr: 0.0005, train/prefecth_time: 0.0023 
[2025-02-19 03:01:03,653 INFO] 38144 iteration USE_EMA: False, train/sup_loss: 0.0126, train/unsup_loss: 0.0337, train/total_loss: 0.0464, train/util_ratio: 0.8750, train/run_time: 0.1727, lr: 0.0005, train/prefecth_time: 0.0025 
[2025-02-19 03:01:52,670 INFO] 38400 iteration USE_EMA: False, train/sup_loss: 0.0709, train/unsup_loss: 0.2862, train/total_loss: 0.3570, train/util_ratio: 0.8750, train/run_time: 0.1728, lr: 0.0005, train/prefecth_time: 0.0024 
[2025-02-19 03:02:41,691 INFO] 38656 iteration USE_EMA: False, train/sup_loss: 0.0002, train/unsup_loss: 0.5822, train/total_loss: 0.5824, train/util_ratio: 0.7500, train/run_time: 0.1724, lr: 0.0005, train/prefecth_time: 0.0025 
[2025-02-19 03:03:30,700 INFO] validating...
[2025-02-19 03:03:57,466 INFO] confusion matrix:
[[0.99 0.   0.   ... 0.   0.   0.  ]
 [0.   0.99 0.   ... 0.   0.   0.  ]
 [0.01 0.   0.65 ... 0.   0.18 0.  ]
 ...
 [0.   0.   0.   ... 0.96 0.   0.  ]
 [0.   0.   0.02 ... 0.   0.34 0.  ]
 [0.01 0.   0.   ... 0.   0.   0.89]]
[2025-02-19 03:03:59,105 INFO] model saved: ./saved_models/usb_cv/fixmatch_cifar100_400_0/latest_model.pth
[2025-02-19 03:03:59,107 INFO] 38912 iteration, USE_EMA: False, train/sup_loss: 0.0043, train/unsup_loss: 0.2483, train/total_loss: 0.2525, train/util_ratio: 0.8750, train/run_time: 0.1723, eval/loss: 1.6257, eval/top-1-acc: 0.7672, eval/top-5-acc: 0.9429, eval/balanced_acc: 0.7672, eval/precision: 0.7890, eval/recall: 0.7672, eval/F1: 0.7535, lr: 0.0005, train/prefecth_time: 0.0024 BEST_EVAL_ACC: 0.7762, at 28672 iters
[2025-02-19 03:04:48,511 INFO] 39168 iteration USE_EMA: False, train/sup_loss: 0.0000, train/unsup_loss: 0.0187, train/total_loss: 0.0187, train/util_ratio: 0.3750, train/run_time: 0.1721, lr: 0.0005, train/prefecth_time: 0.0024 
[2025-02-19 03:05:37,455 INFO] 39424 iteration USE_EMA: False, train/sup_loss: 0.0012, train/unsup_loss: 0.2977, train/total_loss: 0.2989, train/util_ratio: 0.6250, train/run_time: 0.1719, lr: 0.0005, train/prefecth_time: 0.0025 
[2025-02-19 03:06:26,435 INFO] 39680 iteration USE_EMA: False, train/sup_loss: 0.0248, train/unsup_loss: 0.1542, train/total_loss: 0.1790, train/util_ratio: 0.7500, train/run_time: 0.1724, lr: 0.0005, train/prefecth_time: 0.0025 
[2025-02-19 03:07:15,386 INFO] 39936 iteration USE_EMA: False, train/sup_loss: 0.0003, train/unsup_loss: 0.0839, train/total_loss: 0.0842, train/util_ratio: 0.7500, train/run_time: 0.1733, lr: 0.0005, train/prefecth_time: 0.0022 
[2025-02-19 03:08:04,764 INFO] 40192 iteration USE_EMA: False, train/sup_loss: 0.0002, train/unsup_loss: 0.0017, train/total_loss: 0.0018, train/util_ratio: 0.7500, train/run_time: 0.1734, lr: 0.0005, train/prefecth_time: 0.0026 
[2025-02-19 03:08:53,736 INFO] 40448 iteration USE_EMA: False, train/sup_loss: 0.0001, train/unsup_loss: 1.6904, train/total_loss: 1.6905, train/util_ratio: 0.6250, train/run_time: 0.1729, lr: 0.0005, train/prefecth_time: 0.0024 
[2025-02-19 03:09:42,653 INFO] 40704 iteration USE_EMA: False, train/sup_loss: 0.0000, train/unsup_loss: 0.0193, train/total_loss: 0.0193, train/util_ratio: 0.7500, train/run_time: 0.1729, lr: 0.0005, train/prefecth_time: 0.0026 
[2025-02-19 03:10:31,648 INFO] validating...
[2025-02-19 03:10:58,559 INFO] confusion matrix:
[[0.93 0.   0.   ... 0.   0.   0.  ]
 [0.   0.97 0.   ... 0.   0.   0.  ]
 [0.   0.   0.68 ... 0.   0.16 0.  ]
 ...
 [0.   0.   0.   ... 0.96 0.   0.  ]
 [0.   0.   0.02 ... 0.   0.46 0.  ]
 [0.   0.   0.   ... 0.   0.   0.91]]
[2025-02-19 03:11:00,194 INFO] model saved: ./saved_models/usb_cv/fixmatch_cifar100_400_0/latest_model.pth
[2025-02-19 03:11:00,196 INFO] 40960 iteration, USE_EMA: False, train/sup_loss: 0.0002, train/unsup_loss: 0.5662, train/total_loss: 0.5664, train/util_ratio: 0.6250, train/run_time: 0.1729, eval/loss: 1.6903, eval/top-1-acc: 0.7708, eval/top-5-acc: 0.9426, eval/balanced_acc: 0.7708, eval/precision: 0.7951, eval/recall: 0.7708, eval/F1: 0.7548, lr: 0.0005, train/prefecth_time: 0.0024 BEST_EVAL_ACC: 0.7762, at 28672 iters
[2025-02-19 03:11:49,623 INFO] 41216 iteration USE_EMA: False, train/sup_loss: 0.0001, train/unsup_loss: 0.0009, train/total_loss: 0.0010, train/util_ratio: 0.6250, train/run_time: 0.1726, lr: 0.0005, train/prefecth_time: 0.0024 
[2025-02-19 03:12:38,637 INFO] 41472 iteration USE_EMA: False, train/sup_loss: 0.0004, train/unsup_loss: 0.0003, train/total_loss: 0.0006, train/util_ratio: 0.5000, train/run_time: 0.1732, lr: 0.0005, train/prefecth_time: 0.0024 
[2025-02-19 03:13:27,660 INFO] 41728 iteration USE_EMA: False, train/sup_loss: 0.0000, train/unsup_loss: 0.5151, train/total_loss: 0.5151, train/util_ratio: 1.0000, train/run_time: 0.1728, lr: 0.0005, train/prefecth_time: 0.0023 
[2025-02-19 03:14:16,693 INFO] 41984 iteration USE_EMA: False, train/sup_loss: 0.0001, train/unsup_loss: 0.7340, train/total_loss: 0.7341, train/util_ratio: 0.7500, train/run_time: 0.1724, lr: 0.0005, train/prefecth_time: 0.0022 
[2025-02-19 03:15:06,102 INFO] 42240 iteration USE_EMA: False, train/sup_loss: 0.0003, train/unsup_loss: 1.2780, train/total_loss: 1.2782, train/util_ratio: 0.8750, train/run_time: 0.1724, lr: 0.0005, train/prefecth_time: 0.0023 
[2025-02-19 03:15:55,101 INFO] 42496 iteration USE_EMA: False, train/sup_loss: 0.0000, train/unsup_loss: 0.0367, train/total_loss: 0.0367, train/util_ratio: 0.6250, train/run_time: 0.1729, lr: 0.0005, train/prefecth_time: 0.0026 
[2025-02-19 03:16:44,090 INFO] 42752 iteration USE_EMA: False, train/sup_loss: 0.0000, train/unsup_loss: 0.0118, train/total_loss: 0.0119, train/util_ratio: 0.8750, train/run_time: 0.1729, lr: 0.0005, train/prefecth_time: 0.0024 
[2025-02-19 03:17:33,068 INFO] validating...
[2025-02-19 03:17:59,553 INFO] confusion matrix:
[[0.98 0.   0.   ... 0.   0.   0.  ]
 [0.   0.94 0.   ... 0.   0.   0.  ]
 [0.01 0.   0.73 ... 0.   0.01 0.  ]
 ...
 [0.   0.   0.   ... 0.94 0.   0.  ]
 [0.   0.   0.03 ... 0.   0.05 0.  ]
 [0.   0.   0.   ... 0.   0.   0.83]]
[2025-02-19 03:18:01,184 INFO] model saved: ./saved_models/usb_cv/fixmatch_cifar100_400_0/latest_model.pth
[2025-02-19 03:18:01,186 INFO] 43008 iteration, USE_EMA: False, train/sup_loss: 0.0073, train/unsup_loss: 0.7757, train/total_loss: 0.7831, train/util_ratio: 0.6250, train/run_time: 0.1728, eval/loss: 1.7231, eval/top-1-acc: 0.7662, eval/top-5-acc: 0.9439, eval/balanced_acc: 0.7662, eval/precision: 0.7912, eval/recall: 0.7662, eval/F1: 0.7503, lr: 0.0005, train/prefecth_time: 0.0023 BEST_EVAL_ACC: 0.7762, at 28672 iters
[2025-02-19 03:18:50,733 INFO] 43264 iteration USE_EMA: False, train/sup_loss: 0.0037, train/unsup_loss: 0.4984, train/total_loss: 0.5021, train/util_ratio: 0.5000, train/run_time: 0.1721, lr: 0.0005, train/prefecth_time: 0.0024 
[2025-02-19 03:19:39,687 INFO] 43520 iteration USE_EMA: False, train/sup_loss: 0.0019, train/unsup_loss: 0.0024, train/total_loss: 0.0043, train/util_ratio: 0.6250, train/run_time: 0.1727, lr: 0.0005, train/prefecth_time: 0.0023 
[2025-02-19 03:20:28,678 INFO] 43776 iteration USE_EMA: False, train/sup_loss: 0.0000, train/unsup_loss: 0.6215, train/total_loss: 0.6216, train/util_ratio: 0.7500, train/run_time: 0.1721, lr: 0.0005, train/prefecth_time: 0.0027 
[2025-02-19 03:21:17,637 INFO] 44032 iteration USE_EMA: False, train/sup_loss: 0.0016, train/unsup_loss: 0.2994, train/total_loss: 0.3010, train/util_ratio: 0.8750, train/run_time: 0.1730, lr: 0.0005, train/prefecth_time: 0.0022 
[2025-02-19 03:22:07,010 INFO] 44288 iteration USE_EMA: False, train/sup_loss: 0.0001, train/unsup_loss: 0.0216, train/total_loss: 0.0217, train/util_ratio: 0.7500, train/run_time: 0.1728, lr: 0.0005, train/prefecth_time: 0.0027 
[2025-02-19 03:22:56,086 INFO] 44544 iteration USE_EMA: False, train/sup_loss: 0.0612, train/unsup_loss: 0.0003, train/total_loss: 0.0615, train/util_ratio: 0.5000, train/run_time: 0.1724, lr: 0.0005, train/prefecth_time: 0.0024 
[2025-02-19 03:23:45,137 INFO] 44800 iteration USE_EMA: False, train/sup_loss: 0.0004, train/unsup_loss: 0.1542, train/total_loss: 0.1545, train/util_ratio: 0.8750, train/run_time: 0.1726, lr: 0.0005, train/prefecth_time: 0.0024 
[2025-02-19 03:24:34,127 INFO] validating...
[2025-02-19 03:25:00,745 INFO] confusion matrix:
[[0.98 0.   0.   ... 0.   0.   0.  ]
 [0.   0.93 0.   ... 0.   0.   0.  ]
 [0.01 0.   0.7  ... 0.   0.04 0.  ]
 ...
 [0.   0.   0.   ... 0.97 0.   0.  ]
 [0.   0.   0.01 ... 0.   0.22 0.  ]
 [0.   0.   0.   ... 0.   0.   0.83]]
[2025-02-19 03:25:02,384 INFO] model saved: ./saved_models/usb_cv/fixmatch_cifar100_400_0/latest_model.pth
[2025-02-19 03:25:02,386 INFO] 45056 iteration, USE_EMA: False, train/sup_loss: 0.0001, train/unsup_loss: 0.3824, train/total_loss: 0.3825, train/util_ratio: 0.6250, train/run_time: 0.1730, eval/loss: 1.6270, eval/top-1-acc: 0.7734, eval/top-5-acc: 0.9412, eval/balanced_acc: 0.7734, eval/precision: 0.7953, eval/recall: 0.7734, eval/F1: 0.7567, lr: 0.0005, train/prefecth_time: 0.0023 BEST_EVAL_ACC: 0.7762, at 28672 iters
[2025-02-19 03:25:51,899 INFO] 45312 iteration USE_EMA: False, train/sup_loss: 0.2134, train/unsup_loss: 0.0772, train/total_loss: 0.2906, train/util_ratio: 0.7500, train/run_time: 0.1725, lr: 0.0005, train/prefecth_time: 0.0025 
[2025-02-19 03:26:40,974 INFO] 45568 iteration USE_EMA: False, train/sup_loss: 0.0002, train/unsup_loss: 0.5970, train/total_loss: 0.5972, train/util_ratio: 0.7500, train/run_time: 0.1724, lr: 0.0005, train/prefecth_time: 0.0027 
[2025-02-19 03:27:30,080 INFO] 45824 iteration USE_EMA: False, train/sup_loss: 0.0002, train/unsup_loss: 0.2704, train/total_loss: 0.2707, train/util_ratio: 0.8750, train/run_time: 0.1729, lr: 0.0005, train/prefecth_time: 0.0026 
[2025-02-19 03:28:19,043 INFO] 46080 iteration USE_EMA: False, train/sup_loss: 0.0028, train/unsup_loss: 0.1868, train/total_loss: 0.1896, train/util_ratio: 0.6250, train/run_time: 0.1722, lr: 0.0005, train/prefecth_time: 0.0023 
[2025-02-19 03:29:08,437 INFO] 46336 iteration USE_EMA: False, train/sup_loss: 0.0001, train/unsup_loss: 0.0069, train/total_loss: 0.0069, train/util_ratio: 0.5000, train/run_time: 0.1723, lr: 0.0005, train/prefecth_time: 0.0024 
[2025-02-19 03:29:57,410 INFO] 46592 iteration USE_EMA: False, train/sup_loss: 0.0000, train/unsup_loss: 0.0410, train/total_loss: 0.0410, train/util_ratio: 0.8750, train/run_time: 0.1733, lr: 0.0005, train/prefecth_time: 0.0022 
[2025-02-19 03:30:46,353 INFO] 46848 iteration USE_EMA: False, train/sup_loss: 0.0001, train/unsup_loss: 0.1584, train/total_loss: 0.1585, train/util_ratio: 0.3750, train/run_time: 0.1722, lr: 0.0005, train/prefecth_time: 0.0022 
[2025-02-19 03:31:35,288 INFO] validating...
[2025-02-19 03:32:01,769 INFO] confusion matrix:
[[0.97 0.   0.   ... 0.   0.   0.  ]
 [0.   0.96 0.   ... 0.   0.   0.  ]
 [0.   0.   0.64 ... 0.   0.19 0.  ]
 ...
 [0.   0.   0.   ... 0.98 0.   0.  ]
 [0.   0.   0.01 ... 0.   0.43 0.  ]
 [0.   0.   0.   ... 0.   0.   0.68]]
[2025-02-19 03:32:03,394 INFO] model saved: ./saved_models/usb_cv/fixmatch_cifar100_400_0/latest_model.pth
[2025-02-19 03:32:05,078 INFO] model saved: ./saved_models/usb_cv/fixmatch_cifar100_400_0/model_best.pth
[2025-02-19 03:32:05,080 INFO] 47104 iteration, USE_EMA: False, train/sup_loss: 0.0003, train/unsup_loss: 0.0615, train/total_loss: 0.0617, train/util_ratio: 0.8750, train/run_time: 0.1730, eval/loss: 1.6114, eval/top-1-acc: 0.7825, eval/top-5-acc: 0.9426, eval/balanced_acc: 0.7825, eval/precision: 0.8048, eval/recall: 0.7825, eval/F1: 0.7671, lr: 0.0005, train/prefecth_time: 0.0022 BEST_EVAL_ACC: 0.7825, at 47104 iters
[2025-02-19 03:32:54,521 INFO] 47360 iteration USE_EMA: False, train/sup_loss: 0.0002, train/unsup_loss: 0.5778, train/total_loss: 0.5779, train/util_ratio: 0.6250, train/run_time: 0.1725, lr: 0.0005, train/prefecth_time: 0.0027 
[2025-02-19 03:33:43,666 INFO] 47616 iteration USE_EMA: False, train/sup_loss: 0.0001, train/unsup_loss: 0.0606, train/total_loss: 0.0606, train/util_ratio: 0.3750, train/run_time: 0.1733, lr: 0.0005, train/prefecth_time: 0.0025 
[2025-02-19 03:34:32,670 INFO] 47872 iteration USE_EMA: False, train/sup_loss: 0.0004, train/unsup_loss: 0.0152, train/total_loss: 0.0156, train/util_ratio: 0.8750, train/run_time: 0.1722, lr: 0.0005, train/prefecth_time: 0.0024 
[2025-02-19 03:35:21,644 INFO] 48128 iteration USE_EMA: False, train/sup_loss: 0.0053, train/unsup_loss: 0.1039, train/total_loss: 0.1092, train/util_ratio: 0.8750, train/run_time: 0.1728, lr: 0.0005, train/prefecth_time: 0.0022 
[2025-02-19 03:36:10,927 INFO] 48384 iteration USE_EMA: False, train/sup_loss: 0.0006, train/unsup_loss: 0.0083, train/total_loss: 0.0089, train/util_ratio: 0.6250, train/run_time: 0.1727, lr: 0.0005, train/prefecth_time: 0.0024 
[2025-02-19 03:36:59,918 INFO] 48640 iteration USE_EMA: False, train/sup_loss: 0.0001, train/unsup_loss: 0.5357, train/total_loss: 0.5358, train/util_ratio: 0.6250, train/run_time: 0.1720, lr: 0.0005, train/prefecth_time: 0.0025 
[2025-02-19 03:37:48,889 INFO] 48896 iteration USE_EMA: False, train/sup_loss: 0.0000, train/unsup_loss: 0.4466, train/total_loss: 0.4466, train/util_ratio: 0.8750, train/run_time: 0.1738, lr: 0.0005, train/prefecth_time: 0.0025 
[2025-02-19 03:38:37,827 INFO] validating...
[2025-02-19 03:39:04,601 INFO] confusion matrix:
[[0.95 0.   0.   ... 0.   0.   0.  ]
 [0.   0.98 0.   ... 0.   0.   0.  ]
 [0.   0.   0.57 ... 0.   0.3  0.  ]
 ...
 [0.   0.   0.   ... 0.93 0.   0.  ]
 [0.   0.   0.03 ... 0.   0.46 0.  ]
 [0.   0.   0.   ... 0.   0.   0.73]]
[2025-02-19 03:39:06,215 INFO] model saved: ./saved_models/usb_cv/fixmatch_cifar100_400_0/latest_model.pth
[2025-02-19 03:39:06,216 INFO] 49152 iteration, USE_EMA: False, train/sup_loss: 0.0164, train/unsup_loss: 0.3009, train/total_loss: 0.3173, train/util_ratio: 0.6250, train/run_time: 0.1719, eval/loss: 1.6594, eval/top-1-acc: 0.7756, eval/top-5-acc: 0.9465, eval/balanced_acc: 0.7756, eval/precision: 0.7972, eval/recall: 0.7756, eval/F1: 0.7627, lr: 0.0005, train/prefecth_time: 0.0024 BEST_EVAL_ACC: 0.7825, at 47104 iters
[2025-02-19 03:39:55,681 INFO] 49408 iteration USE_EMA: False, train/sup_loss: 0.0000, train/unsup_loss: 0.1481, train/total_loss: 0.1481, train/util_ratio: 0.7500, train/run_time: 0.1723, lr: 0.0005, train/prefecth_time: 0.0024 
[2025-02-19 03:40:44,673 INFO] 49664 iteration USE_EMA: False, train/sup_loss: 0.0001, train/unsup_loss: 0.0083, train/total_loss: 0.0084, train/util_ratio: 0.7500, train/run_time: 0.1733, lr: 0.0005, train/prefecth_time: 0.0024 
[2025-02-19 03:41:33,682 INFO] 49920 iteration USE_EMA: False, train/sup_loss: 0.0015, train/unsup_loss: 0.0875, train/total_loss: 0.0889, train/util_ratio: 0.7500, train/run_time: 0.1725, lr: 0.0005, train/prefecth_time: 0.0026 
[2025-02-19 03:42:22,668 INFO] 50176 iteration USE_EMA: False, train/sup_loss: 0.0000, train/unsup_loss: 0.0071, train/total_loss: 0.0072, train/util_ratio: 0.7500, train/run_time: 0.1726, lr: 0.0005, train/prefecth_time: 0.0024 
[2025-02-19 03:43:12,025 INFO] 50432 iteration USE_EMA: False, train/sup_loss: 0.0001, train/unsup_loss: 0.1192, train/total_loss: 0.1193, train/util_ratio: 1.0000, train/run_time: 0.1724, lr: 0.0005, train/prefecth_time: 0.0024 
[2025-02-19 03:44:00,930 INFO] 50688 iteration USE_EMA: False, train/sup_loss: 0.0011, train/unsup_loss: 0.0170, train/total_loss: 0.0181, train/util_ratio: 1.0000, train/run_time: 0.1727, lr: 0.0005, train/prefecth_time: 0.0025 
[2025-02-19 03:44:49,826 INFO] 50944 iteration USE_EMA: False, train/sup_loss: 0.0000, train/unsup_loss: 0.5123, train/total_loss: 0.5123, train/util_ratio: 0.8750, train/run_time: 0.1725, lr: 0.0005, train/prefecth_time: 0.0024 
[2025-02-19 03:45:38,820 INFO] validating...
[2025-02-19 03:46:05,764 INFO] confusion matrix:
[[0.97 0.   0.   ... 0.   0.   0.  ]
 [0.   0.96 0.   ... 0.   0.   0.  ]
 [0.   0.   0.54 ... 0.   0.15 0.  ]
 ...
 [0.   0.   0.   ... 0.98 0.   0.  ]
 [0.   0.   0.01 ... 0.   0.08 0.  ]
 [0.   0.   0.   ... 0.   0.   0.82]]
[2025-02-19 03:46:07,400 INFO] model saved: ./saved_models/usb_cv/fixmatch_cifar100_400_0/latest_model.pth
[2025-02-19 03:46:07,402 INFO] 51200 iteration, USE_EMA: False, train/sup_loss: 0.0000, train/unsup_loss: 0.4370, train/total_loss: 0.4370, train/util_ratio: 0.8750, train/run_time: 0.1723, eval/loss: 1.6994, eval/top-1-acc: 0.7816, eval/top-5-acc: 0.9497, eval/balanced_acc: 0.7816, eval/precision: 0.7976, eval/recall: 0.7816, eval/F1: 0.7692, lr: 0.0005, train/prefecth_time: 0.0023 BEST_EVAL_ACC: 0.7825, at 47104 iters
[2025-02-19 03:46:56,836 INFO] 51456 iteration USE_EMA: False, train/sup_loss: 0.0000, train/unsup_loss: 0.0699, train/total_loss: 0.0699, train/util_ratio: 0.5000, train/run_time: 0.1731, lr: 0.0005, train/prefecth_time: 0.0027 
[2025-02-19 03:47:45,840 INFO] 51712 iteration USE_EMA: False, train/sup_loss: 0.0008, train/unsup_loss: 0.2806, train/total_loss: 0.2814, train/util_ratio: 0.8750, train/run_time: 0.1724, lr: 0.0005, train/prefecth_time: 0.0024 
[2025-02-19 03:48:34,852 INFO] 51968 iteration USE_EMA: False, train/sup_loss: 0.0000, train/unsup_loss: 0.0562, train/total_loss: 0.0563, train/util_ratio: 0.8750, train/run_time: 0.1718, lr: 0.0005, train/prefecth_time: 0.0027 
[2025-02-19 03:49:23,819 INFO] 52224 iteration USE_EMA: False, train/sup_loss: 0.0000, train/unsup_loss: 0.3636, train/total_loss: 0.3636, train/util_ratio: 0.5000, train/run_time: 0.1726, lr: 0.0005, train/prefecth_time: 0.0024 
[2025-02-19 03:50:13,222 INFO] 52480 iteration USE_EMA: False, train/sup_loss: 0.0036, train/unsup_loss: 0.6196, train/total_loss: 0.6232, train/util_ratio: 0.7500, train/run_time: 0.1726, lr: 0.0005, train/prefecth_time: 0.0026 
[2025-02-19 03:51:02,228 INFO] 52736 iteration USE_EMA: False, train/sup_loss: 0.0000, train/unsup_loss: 0.0288, train/total_loss: 0.0288, train/util_ratio: 0.6250, train/run_time: 0.1736, lr: 0.0005, train/prefecth_time: 0.0026 
[2025-02-19 03:51:51,209 INFO] 52992 iteration USE_EMA: False, train/sup_loss: 0.0001, train/unsup_loss: 0.0287, train/total_loss: 0.0288, train/util_ratio: 1.0000, train/run_time: 0.1727, lr: 0.0005, train/prefecth_time: 0.0025 
[2025-02-19 03:52:40,156 INFO] validating...
[2025-02-19 03:53:06,979 INFO] confusion matrix:
[[1.   0.   0.   ... 0.   0.   0.  ]
 [0.   0.95 0.   ... 0.   0.   0.  ]
 [0.   0.   0.51 ... 0.   0.23 0.  ]
 ...
 [0.   0.   0.   ... 0.97 0.   0.  ]
 [0.   0.   0.01 ... 0.   0.26 0.  ]
 [0.   0.   0.   ... 0.   0.   0.69]]
[2025-02-19 03:53:08,613 INFO] model saved: ./saved_models/usb_cv/fixmatch_cifar100_400_0/latest_model.pth
[2025-02-19 03:53:08,615 INFO] 53248 iteration, USE_EMA: False, train/sup_loss: 0.0046, train/unsup_loss: 0.2529, train/total_loss: 0.2575, train/util_ratio: 0.8750, train/run_time: 0.1722, eval/loss: 1.6930, eval/top-1-acc: 0.7744, eval/top-5-acc: 0.9418, eval/balanced_acc: 0.7744, eval/precision: 0.7953, eval/recall: 0.7744, eval/F1: 0.7610, lr: 0.0005, train/prefecth_time: 0.0021 BEST_EVAL_ACC: 0.7825, at 47104 iters
[2025-02-19 03:53:58,081 INFO] 53504 iteration USE_EMA: False, train/sup_loss: 0.0001, train/unsup_loss: 0.4213, train/total_loss: 0.4214, train/util_ratio: 0.8750, train/run_time: 0.1716, lr: 0.0005, train/prefecth_time: 0.0026 
[2025-02-19 03:54:47,070 INFO] 53760 iteration USE_EMA: False, train/sup_loss: 0.0052, train/unsup_loss: 0.0038, train/total_loss: 0.0089, train/util_ratio: 0.7500, train/run_time: 0.1720, lr: 0.0005, train/prefecth_time: 0.0025 
[2025-02-19 03:55:36,095 INFO] 54016 iteration USE_EMA: False, train/sup_loss: 0.0000, train/unsup_loss: 0.5713, train/total_loss: 0.5713, train/util_ratio: 0.7500, train/run_time: 0.1728, lr: 0.0005, train/prefecth_time: 0.0025 
[2025-02-19 03:56:25,086 INFO] 54272 iteration USE_EMA: False, train/sup_loss: 0.0002, train/unsup_loss: 0.0006, train/total_loss: 0.0008, train/util_ratio: 0.7500, train/run_time: 0.1727, lr: 0.0005, train/prefecth_time: 0.0022 
[2025-02-19 03:57:14,429 INFO] 54528 iteration USE_EMA: False, train/sup_loss: 0.0000, train/unsup_loss: 0.2072, train/total_loss: 0.2072, train/util_ratio: 0.6250, train/run_time: 0.1724, lr: 0.0005, train/prefecth_time: 0.0025 
[2025-02-19 03:58:03,376 INFO] 54784 iteration USE_EMA: False, train/sup_loss: 0.0001, train/unsup_loss: 0.0746, train/total_loss: 0.0748, train/util_ratio: 0.3750, train/run_time: 0.1727, lr: 0.0005, train/prefecth_time: 0.0024 
[2025-02-19 03:58:52,346 INFO] 55040 iteration USE_EMA: False, train/sup_loss: 0.0001, train/unsup_loss: 0.1665, train/total_loss: 0.1666, train/util_ratio: 0.7500, train/run_time: 0.1728, lr: 0.0005, train/prefecth_time: 0.0028 
[2025-02-19 03:59:41,334 INFO] validating...
[2025-02-19 04:00:07,986 INFO] confusion matrix:
[[0.93 0.   0.   ... 0.   0.   0.  ]
 [0.   0.96 0.   ... 0.   0.   0.  ]
 [0.   0.   0.47 ... 0.   0.31 0.  ]
 ...
 [0.   0.   0.   ... 0.95 0.   0.  ]
 [0.   0.   0.   ... 0.   0.33 0.  ]
 [0.   0.   0.   ... 0.   0.   0.81]]
[2025-02-19 04:00:09,611 INFO] model saved: ./saved_models/usb_cv/fixmatch_cifar100_400_0/latest_model.pth
[2025-02-19 04:00:11,264 INFO] model saved: ./saved_models/usb_cv/fixmatch_cifar100_400_0/model_best.pth
[2025-02-19 04:00:11,266 INFO] 55296 iteration, USE_EMA: False, train/sup_loss: 0.0019, train/unsup_loss: 0.0007, train/total_loss: 0.0026, train/util_ratio: 0.7500, train/run_time: 0.1737, eval/loss: 1.5310, eval/top-1-acc: 0.7841, eval/top-5-acc: 0.9499, eval/balanced_acc: 0.7841, eval/precision: 0.7989, eval/recall: 0.7841, eval/F1: 0.7731, lr: 0.0005, train/prefecth_time: 0.0023 BEST_EVAL_ACC: 0.7841, at 55296 iters
[2025-02-19 04:01:00,682 INFO] 55552 iteration USE_EMA: False, train/sup_loss: 0.0001, train/unsup_loss: 0.1534, train/total_loss: 0.1536, train/util_ratio: 0.8750, train/run_time: 0.1721, lr: 0.0005, train/prefecth_time: 0.0023 
[2025-02-19 04:01:49,616 INFO] 55808 iteration USE_EMA: False, train/sup_loss: 0.0000, train/unsup_loss: 1.0673, train/total_loss: 1.0673, train/util_ratio: 0.7500, train/run_time: 0.1730, lr: 0.0005, train/prefecth_time: 0.0027 
[2025-02-19 04:02:38,576 INFO] 56064 iteration USE_EMA: False, train/sup_loss: 0.0000, train/unsup_loss: 0.0446, train/total_loss: 0.0447, train/util_ratio: 0.8750, train/run_time: 0.1721, lr: 0.0005, train/prefecth_time: 0.0025 
[2025-02-19 04:03:27,539 INFO] 56320 iteration USE_EMA: False, train/sup_loss: 0.0003, train/unsup_loss: 2.6084, train/total_loss: 2.6087, train/util_ratio: 0.8750, train/run_time: 0.1727, lr: 0.0005, train/prefecth_time: 0.0024 
[2025-02-19 04:04:16,908 INFO] 56576 iteration USE_EMA: False, train/sup_loss: 0.0001, train/unsup_loss: 0.3006, train/total_loss: 0.3007, train/util_ratio: 0.6250, train/run_time: 0.1726, lr: 0.0005, train/prefecth_time: 0.0024 
[2025-02-19 04:05:05,962 INFO] 56832 iteration USE_EMA: False, train/sup_loss: 0.0009, train/unsup_loss: 0.3127, train/total_loss: 0.3137, train/util_ratio: 0.7500, train/run_time: 0.1733, lr: 0.0005, train/prefecth_time: 0.0024 
[2025-02-19 04:05:54,945 INFO] 57088 iteration USE_EMA: False, train/sup_loss: 0.0000, train/unsup_loss: 0.5393, train/total_loss: 0.5393, train/util_ratio: 0.7500, train/run_time: 0.1732, lr: 0.0005, train/prefecth_time: 0.0024 
[2025-02-19 04:06:43,906 INFO] validating...
[2025-02-19 04:07:10,685 INFO] confusion matrix:
[[0.97 0.   0.   ... 0.   0.   0.  ]
 [0.   0.98 0.   ... 0.   0.   0.  ]
 [0.   0.   0.51 ... 0.   0.27 0.  ]
 ...
 [0.   0.   0.   ... 0.95 0.   0.  ]
 [0.   0.   0.01 ... 0.   0.38 0.  ]
 [0.   0.   0.   ... 0.   0.   0.83]]
[2025-02-19 04:07:12,325 INFO] model saved: ./saved_models/usb_cv/fixmatch_cifar100_400_0/latest_model.pth
[2025-02-19 04:07:12,327 INFO] 57344 iteration, USE_EMA: False, train/sup_loss: 0.0012, train/unsup_loss: 0.9115, train/total_loss: 0.9127, train/util_ratio: 1.0000, train/run_time: 0.1723, eval/loss: 1.5919, eval/top-1-acc: 0.7827, eval/top-5-acc: 0.9447, eval/balanced_acc: 0.7827, eval/precision: 0.8025, eval/recall: 0.7827, eval/F1: 0.7676, lr: 0.0005, train/prefecth_time: 0.0022 BEST_EVAL_ACC: 0.7841, at 55296 iters
[2025-02-19 04:08:01,811 INFO] 57600 iteration USE_EMA: False, train/sup_loss: 0.0003, train/unsup_loss: 0.0016, train/total_loss: 0.0019, train/util_ratio: 0.6250, train/run_time: 0.1727, lr: 0.0005, train/prefecth_time: 0.0024 
[2025-02-19 04:08:50,851 INFO] 57856 iteration USE_EMA: False, train/sup_loss: 0.0002, train/unsup_loss: 0.0285, train/total_loss: 0.0286, train/util_ratio: 0.8750, train/run_time: 0.1732, lr: 0.0005, train/prefecth_time: 0.0025 
[2025-02-19 04:09:39,920 INFO] 58112 iteration USE_EMA: False, train/sup_loss: 0.0000, train/unsup_loss: 0.0231, train/total_loss: 0.0231, train/util_ratio: 0.8750, train/run_time: 0.1725, lr: 0.0005, train/prefecth_time: 0.0025 
[2025-02-19 04:10:28,980 INFO] 58368 iteration USE_EMA: False, train/sup_loss: 0.0004, train/unsup_loss: 0.5310, train/total_loss: 0.5314, train/util_ratio: 0.6250, train/run_time: 0.1724, lr: 0.0005, train/prefecth_time: 0.0023 
[2025-02-19 04:11:18,298 INFO] 58624 iteration USE_EMA: False, train/sup_loss: 0.1070, train/unsup_loss: 0.0000, train/total_loss: 0.1071, train/util_ratio: 0.5000, train/run_time: 0.1722, lr: 0.0005, train/prefecth_time: 0.0021 
[2025-02-19 04:12:07,351 INFO] 58880 iteration USE_EMA: False, train/sup_loss: 0.0002, train/unsup_loss: 0.3036, train/total_loss: 0.3038, train/util_ratio: 0.7500, train/run_time: 0.1721, lr: 0.0005, train/prefecth_time: 0.0028 
[2025-02-19 04:12:56,422 INFO] 59136 iteration USE_EMA: False, train/sup_loss: 0.0000, train/unsup_loss: 0.5846, train/total_loss: 0.5846, train/util_ratio: 0.5000, train/run_time: 0.1725, lr: 0.0005, train/prefecth_time: 0.0024 
[2025-02-19 04:13:45,424 INFO] validating...
[2025-02-19 04:14:11,986 INFO] confusion matrix:
[[0.99 0.   0.   ... 0.   0.   0.  ]
 [0.   0.92 0.   ... 0.   0.   0.  ]
 [0.   0.   0.51 ... 0.   0.24 0.  ]
 ...
 [0.   0.   0.   ... 0.96 0.   0.  ]
 [0.   0.   0.01 ... 0.   0.25 0.  ]
 [0.   0.   0.   ... 0.   0.   0.71]]
[2025-02-19 04:14:13,622 INFO] model saved: ./saved_models/usb_cv/fixmatch_cifar100_400_0/latest_model.pth
[2025-02-19 04:14:13,624 INFO] 59392 iteration, USE_EMA: False, train/sup_loss: 0.0001, train/unsup_loss: 0.6647, train/total_loss: 0.6648, train/util_ratio: 0.7500, train/run_time: 0.1719, eval/loss: 1.7265, eval/top-1-acc: 0.7769, eval/top-5-acc: 0.9423, eval/balanced_acc: 0.7769, eval/precision: 0.8022, eval/recall: 0.7769, eval/F1: 0.7622, lr: 0.0005, train/prefecth_time: 0.0023 BEST_EVAL_ACC: 0.7841, at 55296 iters
[2025-02-19 04:15:03,086 INFO] 59648 iteration USE_EMA: False, train/sup_loss: 0.0001, train/unsup_loss: 0.7019, train/total_loss: 0.7020, train/util_ratio: 0.6250, train/run_time: 0.1726, lr: 0.0005, train/prefecth_time: 0.0024 
[2025-02-19 04:15:52,128 INFO] 59904 iteration USE_EMA: False, train/sup_loss: 0.0002, train/unsup_loss: 0.1011, train/total_loss: 0.1012, train/util_ratio: 0.5000, train/run_time: 0.1719, lr: 0.0005, train/prefecth_time: 0.0025 
[2025-02-19 04:16:41,126 INFO] 60160 iteration USE_EMA: False, train/sup_loss: 0.0000, train/unsup_loss: 0.0941, train/total_loss: 0.0941, train/util_ratio: 0.5000, train/run_time: 0.1731, lr: 0.0005, train/prefecth_time: 0.0023 
[2025-02-19 04:17:30,097 INFO] 60416 iteration USE_EMA: False, train/sup_loss: 0.0047, train/unsup_loss: 0.6051, train/total_loss: 0.6098, train/util_ratio: 0.7500, train/run_time: 0.1715, lr: 0.0005, train/prefecth_time: 0.0023 
[2025-02-19 04:18:19,426 INFO] 60672 iteration USE_EMA: False, train/sup_loss: 0.0000, train/unsup_loss: 0.1248, train/total_loss: 0.1248, train/util_ratio: 0.7500, train/run_time: 0.1723, lr: 0.0005, train/prefecth_time: 0.0027 
[2025-02-19 04:19:08,450 INFO] 60928 iteration USE_EMA: False, train/sup_loss: 0.0046, train/unsup_loss: 0.3263, train/total_loss: 0.3309, train/util_ratio: 0.8750, train/run_time: 0.1728, lr: 0.0005, train/prefecth_time: 0.0024 
[2025-02-19 04:19:57,407 INFO] 61184 iteration USE_EMA: False, train/sup_loss: 0.0000, train/unsup_loss: 0.2599, train/total_loss: 0.2599, train/util_ratio: 0.8750, train/run_time: 0.1730, lr: 0.0005, train/prefecth_time: 0.0025 
[2025-02-19 04:20:46,418 INFO] validating...
[2025-02-19 04:21:13,099 INFO] confusion matrix:
[[1.   0.   0.   ... 0.   0.   0.  ]
 [0.   0.93 0.   ... 0.   0.   0.  ]
 [0.   0.   0.46 ... 0.   0.33 0.  ]
 ...
 [0.   0.   0.   ... 0.98 0.   0.  ]
 [0.   0.   0.01 ... 0.   0.57 0.  ]
 [0.   0.   0.   ... 0.   0.   0.84]]
[2025-02-19 04:21:14,726 INFO] model saved: ./saved_models/usb_cv/fixmatch_cifar100_400_0/latest_model.pth
[2025-02-19 04:21:16,407 INFO] model saved: ./saved_models/usb_cv/fixmatch_cifar100_400_0/model_best.pth
[2025-02-19 04:21:16,408 INFO] 61440 iteration, USE_EMA: False, train/sup_loss: 0.0020, train/unsup_loss: 0.1676, train/total_loss: 0.1696, train/util_ratio: 0.6250, train/run_time: 0.1721, eval/loss: 1.6358, eval/top-1-acc: 0.7862, eval/top-5-acc: 0.9464, eval/balanced_acc: 0.7862, eval/precision: 0.8067, eval/recall: 0.7862, eval/F1: 0.7740, lr: 0.0005, train/prefecth_time: 0.0022 BEST_EVAL_ACC: 0.7862, at 61440 iters
[2025-02-19 04:22:05,914 INFO] 61696 iteration USE_EMA: False, train/sup_loss: 0.0001, train/unsup_loss: 0.1119, train/total_loss: 0.1119, train/util_ratio: 0.8750, train/run_time: 0.1725, lr: 0.0005, train/prefecth_time: 0.0025 
[2025-02-19 04:22:54,874 INFO] 61952 iteration USE_EMA: False, train/sup_loss: 0.0054, train/unsup_loss: 0.4179, train/total_loss: 0.4233, train/util_ratio: 0.8750, train/run_time: 0.1729, lr: 0.0005, train/prefecth_time: 0.0026 
[2025-02-19 04:23:43,839 INFO] 62208 iteration USE_EMA: False, train/sup_loss: 0.0001, train/unsup_loss: 0.0061, train/total_loss: 0.0061, train/util_ratio: 0.7500, train/run_time: 0.1725, lr: 0.0005, train/prefecth_time: 0.0027 
[2025-02-19 04:24:32,793 INFO] 62464 iteration USE_EMA: False, train/sup_loss: 0.0002, train/unsup_loss: 0.0058, train/total_loss: 0.0060, train/util_ratio: 0.7500, train/run_time: 0.1722, lr: 0.0005, train/prefecth_time: 0.0024 
[2025-02-19 04:25:22,136 INFO] 62720 iteration USE_EMA: False, train/sup_loss: 0.0083, train/unsup_loss: 0.0186, train/total_loss: 0.0269, train/util_ratio: 0.6250, train/run_time: 0.1729, lr: 0.0005, train/prefecth_time: 0.0025 
[2025-02-19 04:26:11,123 INFO] 62976 iteration USE_EMA: False, train/sup_loss: 0.0001, train/unsup_loss: 0.4412, train/total_loss: 0.4413, train/util_ratio: 0.7500, train/run_time: 0.1724, lr: 0.0005, train/prefecth_time: 0.0025 
[2025-02-19 04:27:00,082 INFO] 63232 iteration USE_EMA: False, train/sup_loss: 0.0000, train/unsup_loss: 0.1760, train/total_loss: 0.1761, train/util_ratio: 1.0000, train/run_time: 0.1729, lr: 0.0005, train/prefecth_time: 0.0024 
[2025-02-19 04:27:49,090 INFO] validating...
[2025-02-19 04:28:16,012 INFO] confusion matrix:
[[0.98 0.   0.   ... 0.   0.   0.  ]
 [0.   0.97 0.   ... 0.   0.   0.  ]
 [0.   0.   0.48 ... 0.   0.28 0.  ]
 ...
 [0.   0.   0.   ... 0.98 0.   0.  ]
 [0.   0.   0.01 ... 0.   0.45 0.  ]
 [0.   0.   0.   ... 0.   0.   0.81]]
[2025-02-19 04:28:17,642 INFO] model saved: ./saved_models/usb_cv/fixmatch_cifar100_400_0/latest_model.pth
[2025-02-19 04:28:17,644 INFO] 63488 iteration, USE_EMA: False, train/sup_loss: 0.0015, train/unsup_loss: 0.0436, train/total_loss: 0.0451, train/util_ratio: 0.7500, train/run_time: 0.1730, eval/loss: 1.7358, eval/top-1-acc: 0.7791, eval/top-5-acc: 0.9389, eval/balanced_acc: 0.7791, eval/precision: 0.8022, eval/recall: 0.7791, eval/F1: 0.7627, lr: 0.0005, train/prefecth_time: 0.0022 BEST_EVAL_ACC: 0.7862, at 61440 iters
[2025-02-19 04:29:07,235 INFO] 63744 iteration USE_EMA: False, train/sup_loss: 0.0004, train/unsup_loss: 0.6474, train/total_loss: 0.6478, train/util_ratio: 0.8750, train/run_time: 0.1727, lr: 0.0005, train/prefecth_time: 0.0025 
[2025-02-19 04:29:56,241 INFO] 64000 iteration USE_EMA: False, train/sup_loss: 0.0000, train/unsup_loss: 0.1548, train/total_loss: 0.1548, train/util_ratio: 1.0000, train/run_time: 0.1729, lr: 0.0005, train/prefecth_time: 0.0025 
[2025-02-19 04:30:45,258 INFO] 64256 iteration USE_EMA: False, train/sup_loss: 0.0000, train/unsup_loss: 0.0035, train/total_loss: 0.0036, train/util_ratio: 0.5000, train/run_time: 0.1727, lr: 0.0005, train/prefecth_time: 0.0024 
[2025-02-19 04:31:34,268 INFO] 64512 iteration USE_EMA: False, train/sup_loss: 0.0001, train/unsup_loss: 0.0039, train/total_loss: 0.0040, train/util_ratio: 0.6250, train/run_time: 0.1727, lr: 0.0005, train/prefecth_time: 0.0024 
[2025-02-19 04:32:23,623 INFO] 64768 iteration USE_EMA: False, train/sup_loss: 0.0004, train/unsup_loss: 0.0289, train/total_loss: 0.0294, train/util_ratio: 0.6250, train/run_time: 0.1725, lr: 0.0005, train/prefecth_time: 0.0026 
[2025-02-19 04:33:12,543 INFO] 65024 iteration USE_EMA: False, train/sup_loss: 0.0000, train/unsup_loss: 0.0208, train/total_loss: 0.0209, train/util_ratio: 0.7500, train/run_time: 0.1741, lr: 0.0005, train/prefecth_time: 0.0022 
[2025-02-19 04:34:01,498 INFO] 65280 iteration USE_EMA: False, train/sup_loss: 0.0001, train/unsup_loss: 0.0188, train/total_loss: 0.0189, train/util_ratio: 0.7500, train/run_time: 0.1721, lr: 0.0005, train/prefecth_time: 0.0022 
[2025-02-19 04:34:50,425 INFO] validating...
[2025-02-19 04:35:17,065 INFO] confusion matrix:
[[0.98 0.   0.   ... 0.   0.   0.  ]
 [0.   0.98 0.   ... 0.   0.   0.  ]
 [0.   0.   0.49 ... 0.   0.22 0.  ]
 ...
 [0.   0.   0.   ... 0.95 0.   0.  ]
 [0.   0.   0.01 ... 0.   0.31 0.  ]
 [0.   0.   0.   ... 0.   0.   0.74]]
[2025-02-19 04:35:18,684 INFO] model saved: ./saved_models/usb_cv/fixmatch_cifar100_400_0/latest_model.pth
[2025-02-19 04:35:18,686 INFO] 65536 iteration, USE_EMA: False, train/sup_loss: 0.0001, train/unsup_loss: 0.0651, train/total_loss: 0.0652, train/util_ratio: 0.8750, train/run_time: 0.1732, eval/loss: 1.6302, eval/top-1-acc: 0.7861, eval/top-5-acc: 0.9404, eval/balanced_acc: 0.7861, eval/precision: 0.7979, eval/recall: 0.7861, eval/F1: 0.7697, lr: 0.0005, train/prefecth_time: 0.0022 BEST_EVAL_ACC: 0.7862, at 61440 iters
[2025-02-19 04:36:08,090 INFO] 65792 iteration USE_EMA: False, train/sup_loss: 0.0000, train/unsup_loss: 0.5358, train/total_loss: 0.5358, train/util_ratio: 0.8750, train/run_time: 0.1719, lr: 0.0005, train/prefecth_time: 0.0023 
[2025-02-19 04:36:57,077 INFO] 66048 iteration USE_EMA: False, train/sup_loss: 0.0039, train/unsup_loss: 0.4861, train/total_loss: 0.4900, train/util_ratio: 0.8750, train/run_time: 0.1721, lr: 0.0005, train/prefecth_time: 0.0024 
[2025-02-19 04:37:46,058 INFO] 66304 iteration USE_EMA: False, train/sup_loss: 0.0004, train/unsup_loss: 0.0065, train/total_loss: 0.0069, train/util_ratio: 0.8750, train/run_time: 0.1733, lr: 0.0005, train/prefecth_time: 0.0026 
[2025-02-19 04:38:35,097 INFO] 66560 iteration USE_EMA: False, train/sup_loss: 0.0000, train/unsup_loss: 0.4933, train/total_loss: 0.4933, train/util_ratio: 0.8750, train/run_time: 0.1730, lr: 0.0005, train/prefecth_time: 0.0024 
[2025-02-19 04:39:24,442 INFO] 66816 iteration USE_EMA: False, train/sup_loss: 0.0016, train/unsup_loss: 0.0625, train/total_loss: 0.0641, train/util_ratio: 0.3750, train/run_time: 0.1731, lr: 0.0005, train/prefecth_time: 0.0024 
[2025-02-19 04:40:13,363 INFO] 67072 iteration USE_EMA: False, train/sup_loss: 0.0080, train/unsup_loss: 0.2691, train/total_loss: 0.2772, train/util_ratio: 0.6250, train/run_time: 0.1731, lr: 0.0005, train/prefecth_time: 0.0024 
[2025-02-19 04:41:02,256 INFO] 67328 iteration USE_EMA: False, train/sup_loss: 0.0002, train/unsup_loss: 0.1338, train/total_loss: 0.1340, train/util_ratio: 0.5000, train/run_time: 0.1722, lr: 0.0005, train/prefecth_time: 0.0024 
[2025-02-19 04:41:51,152 INFO] validating...
[2025-02-19 04:42:18,061 INFO] confusion matrix:
[[0.92 0.   0.   ... 0.   0.   0.  ]
 [0.   0.98 0.   ... 0.   0.   0.  ]
 [0.   0.   0.37 ... 0.   0.3  0.  ]
 ...
 [0.   0.   0.   ... 0.98 0.   0.  ]
 [0.   0.   0.01 ... 0.   0.44 0.  ]
 [0.   0.   0.   ... 0.   0.   0.81]]
[2025-02-19 04:42:19,686 INFO] model saved: ./saved_models/usb_cv/fixmatch_cifar100_400_0/latest_model.pth
[2025-02-19 04:42:19,688 INFO] 67584 iteration, USE_EMA: False, train/sup_loss: 0.0383, train/unsup_loss: 0.0069, train/total_loss: 0.0452, train/util_ratio: 0.7500, train/run_time: 0.1725, eval/loss: 1.6885, eval/top-1-acc: 0.7817, eval/top-5-acc: 0.9431, eval/balanced_acc: 0.7817, eval/precision: 0.7981, eval/recall: 0.7817, eval/F1: 0.7687, lr: 0.0005, train/prefecth_time: 0.0022 BEST_EVAL_ACC: 0.7862, at 61440 iters
[2025-02-19 04:43:09,186 INFO] 67840 iteration USE_EMA: False, train/sup_loss: 0.0000, train/unsup_loss: 0.0082, train/total_loss: 0.0083, train/util_ratio: 0.6250, train/run_time: 0.1723, lr: 0.0005, train/prefecth_time: 0.0025 
[2025-02-19 04:43:58,188 INFO] 68096 iteration USE_EMA: False, train/sup_loss: 0.0182, train/unsup_loss: 0.5106, train/total_loss: 0.5288, train/util_ratio: 0.8750, train/run_time: 0.1730, lr: 0.0005, train/prefecth_time: 0.0025 
[2025-02-19 04:44:47,204 INFO] 68352 iteration USE_EMA: False, train/sup_loss: 0.0048, train/unsup_loss: 0.6391, train/total_loss: 0.6440, train/util_ratio: 0.7500, train/run_time: 0.1724, lr: 0.0005, train/prefecth_time: 0.0024 
[2025-02-19 04:45:36,209 INFO] 68608 iteration USE_EMA: False, train/sup_loss: 0.0021, train/unsup_loss: 0.9412, train/total_loss: 0.9433, train/util_ratio: 1.0000, train/run_time: 0.1727, lr: 0.0005, train/prefecth_time: 0.0023 
[2025-02-19 04:46:25,573 INFO] 68864 iteration USE_EMA: False, train/sup_loss: 0.0001, train/unsup_loss: 0.0519, train/total_loss: 0.0520, train/util_ratio: 0.8750, train/run_time: 0.1726, lr: 0.0005, train/prefecth_time: 0.0025 
[2025-02-19 04:47:14,576 INFO] 69120 iteration USE_EMA: False, train/sup_loss: 0.0010, train/unsup_loss: 0.2333, train/total_loss: 0.2344, train/util_ratio: 0.8750, train/run_time: 0.1720, lr: 0.0005, train/prefecth_time: 0.0025 
[2025-02-19 04:48:03,587 INFO] 69376 iteration USE_EMA: False, train/sup_loss: 0.0001, train/unsup_loss: 0.0222, train/total_loss: 0.0223, train/util_ratio: 0.8750, train/run_time: 0.1721, lr: 0.0005, train/prefecth_time: 0.0024 
[2025-02-19 04:48:52,575 INFO] validating...
[2025-02-19 04:49:19,367 INFO] confusion matrix:
[[0.91 0.   0.   ... 0.   0.   0.  ]
 [0.   0.98 0.   ... 0.   0.   0.  ]
 [0.   0.   0.5  ... 0.   0.28 0.  ]
 ...
 [0.   0.   0.   ... 0.89 0.   0.  ]
 [0.   0.   0.01 ... 0.   0.47 0.  ]
 [0.   0.   0.   ... 0.   0.   0.74]]
[2025-02-19 04:49:20,998 INFO] model saved: ./saved_models/usb_cv/fixmatch_cifar100_400_0/latest_model.pth
[2025-02-19 04:49:20,999 INFO] 69632 iteration, USE_EMA: False, train/sup_loss: 0.0003, train/unsup_loss: 0.3278, train/total_loss: 0.3281, train/util_ratio: 0.8750, train/run_time: 0.1727, eval/loss: 1.6563, eval/top-1-acc: 0.7813, eval/top-5-acc: 0.9389, eval/balanced_acc: 0.7813, eval/precision: 0.8004, eval/recall: 0.7813, eval/F1: 0.7665, lr: 0.0005, train/prefecth_time: 0.0022 BEST_EVAL_ACC: 0.7862, at 61440 iters
[2025-02-19 04:50:10,465 INFO] 69888 iteration USE_EMA: False, train/sup_loss: 0.0000, train/unsup_loss: 0.2397, train/total_loss: 0.2397, train/util_ratio: 1.0000, train/run_time: 0.1725, lr: 0.0005, train/prefecth_time: 0.0026 
[2025-02-19 04:50:59,496 INFO] 70144 iteration USE_EMA: False, train/sup_loss: 0.0005, train/unsup_loss: 0.0791, train/total_loss: 0.0796, train/util_ratio: 0.8750, train/run_time: 0.1724, lr: 0.0005, train/prefecth_time: 0.0026 
[2025-02-19 04:51:48,516 INFO] 70400 iteration USE_EMA: False, train/sup_loss: 0.0004, train/unsup_loss: 0.0307, train/total_loss: 0.0311, train/util_ratio: 0.8750, train/run_time: 0.1726, lr: 0.0005, train/prefecth_time: 0.0034 
[2025-02-19 04:52:37,526 INFO] 70656 iteration USE_EMA: False, train/sup_loss: 0.0000, train/unsup_loss: 0.0593, train/total_loss: 0.0593, train/util_ratio: 0.7500, train/run_time: 0.1727, lr: 0.0004, train/prefecth_time: 0.0025 
[2025-02-19 04:53:26,983 INFO] 70912 iteration USE_EMA: False, train/sup_loss: 0.0003, train/unsup_loss: 0.1109, train/total_loss: 0.1112, train/util_ratio: 0.8750, train/run_time: 0.1730, lr: 0.0004, train/prefecth_time: 0.0026 
[2025-02-19 04:54:16,030 INFO] 71168 iteration USE_EMA: False, train/sup_loss: 0.0002, train/unsup_loss: 0.3402, train/total_loss: 0.3404, train/util_ratio: 0.8750, train/run_time: 0.1728, lr: 0.0004, train/prefecth_time: 0.0026 
[2025-02-19 04:55:05,032 INFO] 71424 iteration USE_EMA: False, train/sup_loss: 0.0001, train/unsup_loss: 0.0001, train/total_loss: 0.0002, train/util_ratio: 0.6250, train/run_time: 0.1729, lr: 0.0004, train/prefecth_time: 0.0028 
[2025-02-19 04:55:54,034 INFO] validating...
[2025-02-19 04:56:20,659 INFO] confusion matrix:
[[0.98 0.   0.   ... 0.   0.   0.  ]
 [0.   0.98 0.   ... 0.   0.   0.  ]
 [0.   0.   0.37 ... 0.   0.45 0.  ]
 ...
 [0.   0.   0.   ... 0.95 0.   0.  ]
 [0.   0.   0.   ... 0.   0.6  0.  ]
 [0.   0.   0.   ... 0.   0.   0.74]]
[2025-02-19 04:56:22,292 INFO] model saved: ./saved_models/usb_cv/fixmatch_cifar100_400_0/latest_model.pth
[2025-02-19 04:56:22,294 INFO] 71680 iteration, USE_EMA: False, train/sup_loss: 0.0001, train/unsup_loss: 0.1678, train/total_loss: 0.1679, train/util_ratio: 0.6250, train/run_time: 0.1723, eval/loss: 1.8107, eval/top-1-acc: 0.7790, eval/top-5-acc: 0.9422, eval/balanced_acc: 0.7790, eval/precision: 0.8014, eval/recall: 0.7790, eval/F1: 0.7663, lr: 0.0004, train/prefecth_time: 0.0023 BEST_EVAL_ACC: 0.7862, at 61440 iters
[2025-02-19 04:57:11,769 INFO] 71936 iteration USE_EMA: False, train/sup_loss: 0.0001, train/unsup_loss: 0.0905, train/total_loss: 0.0906, train/util_ratio: 0.7500, train/run_time: 0.1732, lr: 0.0004, train/prefecth_time: 0.0025 
[2025-02-19 04:58:00,831 INFO] 72192 iteration USE_EMA: False, train/sup_loss: 0.0072, train/unsup_loss: 0.1176, train/total_loss: 0.1248, train/util_ratio: 0.7500, train/run_time: 0.1717, lr: 0.0004, train/prefecth_time: 0.0026 
[2025-02-19 04:58:49,873 INFO] 72448 iteration USE_EMA: False, train/sup_loss: 0.0000, train/unsup_loss: 0.4049, train/total_loss: 0.4049, train/util_ratio: 0.8750, train/run_time: 0.1729, lr: 0.0004, train/prefecth_time: 0.0026 
[2025-02-19 04:59:38,960 INFO] 72704 iteration USE_EMA: False, train/sup_loss: 0.0415, train/unsup_loss: 0.0206, train/total_loss: 0.0621, train/util_ratio: 0.5000, train/run_time: 0.1717, lr: 0.0004, train/prefecth_time: 0.0025 
[2025-02-19 05:00:28,322 INFO] 72960 iteration USE_EMA: False, train/sup_loss: 0.0044, train/unsup_loss: 0.1743, train/total_loss: 0.1788, train/util_ratio: 0.8750, train/run_time: 0.1725, lr: 0.0004, train/prefecth_time: 0.0024 
[2025-02-19 05:01:17,300 INFO] 73216 iteration USE_EMA: False, train/sup_loss: 0.0019, train/unsup_loss: 0.7233, train/total_loss: 0.7253, train/util_ratio: 1.0000, train/run_time: 0.1728, lr: 0.0004, train/prefecth_time: 0.0024 
[2025-02-19 05:02:06,270 INFO] 73472 iteration USE_EMA: False, train/sup_loss: 0.0002, train/unsup_loss: 0.0519, train/total_loss: 0.0521, train/util_ratio: 0.5000, train/run_time: 0.1726, lr: 0.0004, train/prefecth_time: 0.0025 
[2025-02-19 05:02:55,234 INFO] validating...
[2025-02-19 05:03:21,822 INFO] confusion matrix:
[[0.77 0.   0.   ... 0.   0.   0.  ]
 [0.   0.97 0.   ... 0.   0.   0.  ]
 [0.   0.   0.4  ... 0.   0.33 0.  ]
 ...
 [0.   0.   0.   ... 0.95 0.   0.  ]
 [0.   0.   0.   ... 0.   0.38 0.  ]
 [0.   0.   0.   ... 0.   0.   0.81]]
[2025-02-19 05:03:23,442 INFO] model saved: ./saved_models/usb_cv/fixmatch_cifar100_400_0/latest_model.pth
[2025-02-19 05:03:23,444 INFO] 73728 iteration, USE_EMA: False, train/sup_loss: 0.0000, train/unsup_loss: 0.0158, train/total_loss: 0.0158, train/util_ratio: 0.8750, train/run_time: 0.1724, eval/loss: 1.7292, eval/top-1-acc: 0.7791, eval/top-5-acc: 0.9429, eval/balanced_acc: 0.7791, eval/precision: 0.8094, eval/recall: 0.7791, eval/F1: 0.7665, lr: 0.0004, train/prefecth_time: 0.0022 BEST_EVAL_ACC: 0.7862, at 61440 iters
[2025-02-19 05:04:12,866 INFO] 73984 iteration USE_EMA: False, train/sup_loss: 0.0003, train/unsup_loss: 1.5781, train/total_loss: 1.5784, train/util_ratio: 1.0000, train/run_time: 0.1723, lr: 0.0004, train/prefecth_time: 0.0026 
[2025-02-19 05:05:01,807 INFO] 74240 iteration USE_EMA: False, train/sup_loss: 0.0000, train/unsup_loss: 0.9826, train/total_loss: 0.9826, train/util_ratio: 0.8750, train/run_time: 0.1736, lr: 0.0004, train/prefecth_time: 0.0024 
[2025-02-19 05:05:50,769 INFO] 74496 iteration USE_EMA: False, train/sup_loss: 0.0001, train/unsup_loss: 0.0841, train/total_loss: 0.0841, train/util_ratio: 0.6250, train/run_time: 0.1715, lr: 0.0004, train/prefecth_time: 0.0023 
[2025-02-19 05:06:39,746 INFO] 74752 iteration USE_EMA: False, train/sup_loss: 0.0000, train/unsup_loss: 0.1262, train/total_loss: 0.1263, train/util_ratio: 0.6250, train/run_time: 0.1723, lr: 0.0004, train/prefecth_time: 0.0023 
[2025-02-19 05:07:29,071 INFO] 75008 iteration USE_EMA: False, train/sup_loss: 0.0000, train/unsup_loss: 0.4082, train/total_loss: 0.4083, train/util_ratio: 0.6250, train/run_time: 0.1726, lr: 0.0004, train/prefecth_time: 0.0025 
[2025-02-19 05:08:18,082 INFO] 75264 iteration USE_EMA: False, train/sup_loss: 0.0000, train/unsup_loss: 0.5043, train/total_loss: 0.5043, train/util_ratio: 0.7500, train/run_time: 0.1725, lr: 0.0004, train/prefecth_time: 0.0024 
[2025-02-19 05:09:07,161 INFO] 75520 iteration USE_EMA: False, train/sup_loss: 0.0000, train/unsup_loss: 0.4255, train/total_loss: 0.4255, train/util_ratio: 0.6250, train/run_time: 0.1729, lr: 0.0004, train/prefecth_time: 0.0025 
[2025-02-19 05:09:56,207 INFO] validating...
/home/zakerian/miniconda3/envs/usb/lib/python3.8/site-packages/sklearn/metrics/_classification.py:1471: UndefinedMetricWarning: Precision is ill-defined and being set to 0.0 in labels with no predicted samples. Use `zero_division` parameter to control this behavior.
  _warn_prf(average, modifier, msg_start, len(result))
[2025-02-19 05:10:22,715 INFO] confusion matrix:
[[0.92 0.   0.   ... 0.   0.   0.  ]
 [0.   0.98 0.   ... 0.   0.   0.  ]
 [0.   0.   0.39 ... 0.   0.23 0.  ]
 ...
 [0.   0.   0.   ... 0.92 0.   0.  ]
 [0.   0.   0.   ... 0.   0.12 0.  ]
 [0.   0.   0.   ... 0.   0.   0.83]]
[2025-02-19 05:10:24,354 INFO] model saved: ./saved_models/usb_cv/fixmatch_cifar100_400_0/latest_model.pth
[2025-02-19 05:10:24,355 INFO] 75776 iteration, USE_EMA: False, train/sup_loss: 0.0001, train/unsup_loss: 0.2339, train/total_loss: 0.2340, train/util_ratio: 0.8750, train/run_time: 0.1723, eval/loss: 1.7804, eval/top-1-acc: 0.7786, eval/top-5-acc: 0.9379, eval/balanced_acc: 0.7786, eval/precision: 0.8005, eval/recall: 0.7786, eval/F1: 0.7645, lr: 0.0004, train/prefecth_time: 0.0022 BEST_EVAL_ACC: 0.7862, at 61440 iters
[2025-02-19 05:11:13,829 INFO] 76032 iteration USE_EMA: False, train/sup_loss: 0.0000, train/unsup_loss: 0.0339, train/total_loss: 0.0339, train/util_ratio: 0.7500, train/run_time: 0.1734, lr: 0.0004, train/prefecth_time: 0.0025 
[2025-02-19 05:12:02,806 INFO] 76288 iteration USE_EMA: False, train/sup_loss: 0.0007, train/unsup_loss: 1.5120, train/total_loss: 1.5126, train/util_ratio: 0.7500, train/run_time: 0.1722, lr: 0.0004, train/prefecth_time: 0.0025 
[2025-02-19 05:12:51,810 INFO] 76544 iteration USE_EMA: False, train/sup_loss: 0.0004, train/unsup_loss: 0.0067, train/total_loss: 0.0072, train/util_ratio: 0.5000, train/run_time: 0.1728, lr: 0.0004, train/prefecth_time: 0.0024 
[2025-02-19 05:13:40,817 INFO] 76800 iteration USE_EMA: False, train/sup_loss: 0.0004, train/unsup_loss: 0.1857, train/total_loss: 0.1862, train/util_ratio: 1.0000, train/run_time: 0.1730, lr: 0.0004, train/prefecth_time: 0.0024 
[2025-02-19 05:14:30,213 INFO] 77056 iteration USE_EMA: False, train/sup_loss: 0.0000, train/unsup_loss: 0.2913, train/total_loss: 0.2913, train/util_ratio: 0.8750, train/run_time: 0.1721, lr: 0.0004, train/prefecth_time: 0.0024 
[2025-02-19 05:15:19,304 INFO] 77312 iteration USE_EMA: False, train/sup_loss: 0.0000, train/unsup_loss: 0.6791, train/total_loss: 0.6791, train/util_ratio: 0.6250, train/run_time: 0.1740, lr: 0.0004, train/prefecth_time: 0.0024 
[2025-02-19 05:16:08,377 INFO] 77568 iteration USE_EMA: False, train/sup_loss: 0.0008, train/unsup_loss: 0.6255, train/total_loss: 0.6263, train/util_ratio: 0.7500, train/run_time: 0.1730, lr: 0.0004, train/prefecth_time: 0.0028 
[2025-02-19 05:16:57,419 INFO] validating...
[2025-02-19 05:17:24,130 INFO] confusion matrix:
[[0.95 0.   0.   ... 0.   0.   0.  ]
 [0.   0.97 0.   ... 0.   0.   0.  ]
 [0.   0.   0.51 ... 0.   0.03 0.  ]
 ...
 [0.   0.   0.   ... 0.94 0.   0.  ]
 [0.   0.   0.01 ... 0.   0.01 0.  ]
 [0.   0.   0.   ... 0.   0.   0.9 ]]
[2025-02-19 05:17:25,753 INFO] model saved: ./saved_models/usb_cv/fixmatch_cifar100_400_0/latest_model.pth
[2025-02-19 05:17:27,441 INFO] model saved: ./saved_models/usb_cv/fixmatch_cifar100_400_0/model_best.pth
[2025-02-19 05:17:27,443 INFO] 77824 iteration, USE_EMA: False, train/sup_loss: 0.0000, train/unsup_loss: 0.2005, train/total_loss: 0.2005, train/util_ratio: 0.7500, train/run_time: 0.1724, eval/loss: 1.6021, eval/top-1-acc: 0.7880, eval/top-5-acc: 0.9421, eval/balanced_acc: 0.7880, eval/precision: 0.8071, eval/recall: 0.7880, eval/F1: 0.7730, lr: 0.0004, train/prefecth_time: 0.0025 BEST_EVAL_ACC: 0.7880, at 77824 iters
[2025-02-19 05:18:16,951 INFO] 78080 iteration USE_EMA: False, train/sup_loss: 0.0000, train/unsup_loss: 1.2199, train/total_loss: 1.2200, train/util_ratio: 0.7500, train/run_time: 0.1732, lr: 0.0004, train/prefecth_time: 0.0025 
[2025-02-19 05:19:06,022 INFO] 78336 iteration USE_EMA: False, train/sup_loss: 0.0001, train/unsup_loss: 0.1163, train/total_loss: 0.1164, train/util_ratio: 1.0000, train/run_time: 0.1727, lr: 0.0004, train/prefecth_time: 0.0026 
[2025-02-19 05:19:55,057 INFO] 78592 iteration USE_EMA: False, train/sup_loss: 0.0008, train/unsup_loss: 0.0259, train/total_loss: 0.0267, train/util_ratio: 0.8750, train/run_time: 0.1729, lr: 0.0004, train/prefecth_time: 0.0027 
[2025-02-19 05:20:44,118 INFO] 78848 iteration USE_EMA: False, train/sup_loss: 0.0009, train/unsup_loss: 0.2597, train/total_loss: 0.2607, train/util_ratio: 0.8750, train/run_time: 0.1730, lr: 0.0004, train/prefecth_time: 0.0024 
[2025-02-19 05:21:33,581 INFO] 79104 iteration USE_EMA: False, train/sup_loss: 0.0001, train/unsup_loss: 0.0718, train/total_loss: 0.0719, train/util_ratio: 1.0000, train/run_time: 0.1727, lr: 0.0004, train/prefecth_time: 0.0023 
[2025-02-19 05:22:22,534 INFO] 79360 iteration USE_EMA: False, train/sup_loss: 0.0001, train/unsup_loss: 0.0932, train/total_loss: 0.0933, train/util_ratio: 1.0000, train/run_time: 0.1719, lr: 0.0004, train/prefecth_time: 0.0025 
[2025-02-19 05:23:11,438 INFO] 79616 iteration USE_EMA: False, train/sup_loss: 0.0000, train/unsup_loss: 0.0014, train/total_loss: 0.0015, train/util_ratio: 0.6250, train/run_time: 0.1738, lr: 0.0004, train/prefecth_time: 0.0026 
[2025-02-19 05:24:00,349 INFO] validating...
[2025-02-19 05:24:27,147 INFO] confusion matrix:
[[0.98 0.   0.   ... 0.   0.   0.  ]
 [0.   0.98 0.   ... 0.   0.   0.  ]
 [0.01 0.   0.41 ... 0.   0.   0.  ]
 ...
 [0.   0.   0.   ... 0.93 0.   0.  ]
 [0.   0.   0.01 ... 0.   0.   0.  ]
 [0.   0.   0.   ... 0.   0.   0.84]]
[2025-02-19 05:24:28,789 INFO] model saved: ./saved_models/usb_cv/fixmatch_cifar100_400_0/latest_model.pth
[2025-02-19 05:24:28,791 INFO] 79872 iteration, USE_EMA: False, train/sup_loss: 0.0000, train/unsup_loss: 0.0023, train/total_loss: 0.0023, train/util_ratio: 0.6250, train/run_time: 0.1729, eval/loss: 1.7914, eval/top-1-acc: 0.7777, eval/top-5-acc: 0.9380, eval/balanced_acc: 0.7777, eval/precision: 0.8063, eval/recall: 0.7777, eval/F1: 0.7630, lr: 0.0004, train/prefecth_time: 0.0022 BEST_EVAL_ACC: 0.7880, at 77824 iters
[2025-02-19 05:25:18,224 INFO] 80128 iteration USE_EMA: False, train/sup_loss: 0.0017, train/unsup_loss: 0.4386, train/total_loss: 0.4402, train/util_ratio: 1.0000, train/run_time: 0.1722, lr: 0.0004, train/prefecth_time: 0.0025 
[2025-02-19 05:26:07,261 INFO] 80384 iteration USE_EMA: False, train/sup_loss: 0.0000, train/unsup_loss: 0.0005, train/total_loss: 0.0005, train/util_ratio: 0.8750, train/run_time: 0.1724, lr: 0.0004, train/prefecth_time: 0.0027 
[2025-02-19 05:26:56,380 INFO] 80640 iteration USE_EMA: False, train/sup_loss: 0.0000, train/unsup_loss: 0.4775, train/total_loss: 0.4775, train/util_ratio: 0.7500, train/run_time: 0.1719, lr: 0.0004, train/prefecth_time: 0.0025 
[2025-02-19 05:27:45,364 INFO] 80896 iteration USE_EMA: False, train/sup_loss: 0.0001, train/unsup_loss: 0.7766, train/total_loss: 0.7767, train/util_ratio: 0.8750, train/run_time: 0.1726, lr: 0.0004, train/prefecth_time: 0.0024 
[2025-02-19 05:28:34,781 INFO] 81152 iteration USE_EMA: False, train/sup_loss: 0.0000, train/unsup_loss: 0.1164, train/total_loss: 0.1164, train/util_ratio: 0.5000, train/run_time: 0.1730, lr: 0.0004, train/prefecth_time: 0.0026 
[2025-02-19 05:29:23,745 INFO] 81408 iteration USE_EMA: False, train/sup_loss: 0.0001, train/unsup_loss: 0.0361, train/total_loss: 0.0363, train/util_ratio: 0.8750, train/run_time: 0.1719, lr: 0.0004, train/prefecth_time: 0.0023 
[2025-02-19 05:30:12,720 INFO] 81664 iteration USE_EMA: False, train/sup_loss: 0.0000, train/unsup_loss: 0.1527, train/total_loss: 0.1528, train/util_ratio: 0.7500, train/run_time: 0.1724, lr: 0.0004, train/prefecth_time: 0.0025 
[2025-02-19 05:31:01,678 INFO] validating...
[2025-02-19 05:31:28,327 INFO] confusion matrix:
[[0.87 0.   0.   ... 0.   0.   0.  ]
 [0.   0.99 0.   ... 0.   0.   0.  ]
 [0.   0.   0.39 ... 0.   0.   0.  ]
 ...
 [0.   0.   0.   ... 0.95 0.   0.  ]
 [0.   0.   0.01 ... 0.   0.   0.  ]
 [0.   0.   0.   ... 0.   0.   0.79]]
[2025-02-19 05:31:29,973 INFO] model saved: ./saved_models/usb_cv/fixmatch_cifar100_400_0/latest_model.pth
[2025-02-19 05:31:29,975 INFO] 81920 iteration, USE_EMA: False, train/sup_loss: 0.0025, train/unsup_loss: 0.1151, train/total_loss: 0.1175, train/util_ratio: 0.8750, train/run_time: 0.1736, eval/loss: 1.7103, eval/top-1-acc: 0.7816, eval/top-5-acc: 0.9389, eval/balanced_acc: 0.7816, eval/precision: 0.8069, eval/recall: 0.7816, eval/F1: 0.7663, lr: 0.0004, train/prefecth_time: 0.0023 BEST_EVAL_ACC: 0.7880, at 77824 iters
[2025-02-19 05:32:19,397 INFO] 82176 iteration USE_EMA: False, train/sup_loss: 0.0003, train/unsup_loss: 0.1782, train/total_loss: 0.1785, train/util_ratio: 0.8750, train/run_time: 0.1729, lr: 0.0004, train/prefecth_time: 0.0023 
[2025-02-19 05:33:08,369 INFO] 82432 iteration USE_EMA: False, train/sup_loss: 0.0003, train/unsup_loss: 0.0074, train/total_loss: 0.0076, train/util_ratio: 0.8750, train/run_time: 0.1727, lr: 0.0004, train/prefecth_time: 0.0026 
[2025-02-19 05:33:57,379 INFO] 82688 iteration USE_EMA: False, train/sup_loss: 0.0000, train/unsup_loss: 0.0150, train/total_loss: 0.0150, train/util_ratio: 0.7500, train/run_time: 0.1730, lr: 0.0004, train/prefecth_time: 0.0025 
[2025-02-19 05:34:46,377 INFO] 82944 iteration USE_EMA: False, train/sup_loss: 0.0002, train/unsup_loss: 0.4658, train/total_loss: 0.4660, train/util_ratio: 1.0000, train/run_time: 0.1721, lr: 0.0004, train/prefecth_time: 0.0022 
[2025-02-19 05:35:35,762 INFO] 83200 iteration USE_EMA: False, train/sup_loss: 0.0000, train/unsup_loss: 0.8285, train/total_loss: 0.8285, train/util_ratio: 0.6250, train/run_time: 0.1726, lr: 0.0004, train/prefecth_time: 0.0024 
[2025-02-19 05:36:24,708 INFO] 83456 iteration USE_EMA: False, train/sup_loss: 0.0000, train/unsup_loss: 0.0827, train/total_loss: 0.0827, train/util_ratio: 0.3750, train/run_time: 0.1733, lr: 0.0004, train/prefecth_time: 0.0025 
[2025-02-19 05:37:13,686 INFO] 83712 iteration USE_EMA: False, train/sup_loss: 0.0002, train/unsup_loss: 0.0806, train/total_loss: 0.0807, train/util_ratio: 0.7500, train/run_time: 0.1725, lr: 0.0004, train/prefecth_time: 0.0024 
[2025-02-19 05:38:02,663 INFO] validating...
[2025-02-19 05:38:29,267 INFO] confusion matrix:
[[0.99 0.   0.   ... 0.   0.   0.  ]
 [0.   0.99 0.   ... 0.   0.   0.  ]
 [0.01 0.   0.35 ... 0.   0.   0.  ]
 ...
 [0.   0.   0.   ... 0.95 0.   0.  ]
 [0.   0.   0.01 ... 0.   0.   0.  ]
 [0.   0.   0.   ... 0.   0.   0.87]]
[2025-02-19 05:38:30,890 INFO] model saved: ./saved_models/usb_cv/fixmatch_cifar100_400_0/latest_model.pth
[2025-02-19 05:38:30,892 INFO] 83968 iteration, USE_EMA: False, train/sup_loss: 0.0027, train/unsup_loss: 0.0479, train/total_loss: 0.0506, train/util_ratio: 0.7500, train/run_time: 0.1721, eval/loss: 1.8390, eval/top-1-acc: 0.7786, eval/top-5-acc: 0.9388, eval/balanced_acc: 0.7786, eval/precision: 0.8046, eval/recall: 0.7786, eval/F1: 0.7635, lr: 0.0004, train/prefecth_time: 0.0025 BEST_EVAL_ACC: 0.7880, at 77824 iters
[2025-02-19 05:39:20,377 INFO] 84224 iteration USE_EMA: False, train/sup_loss: 0.0001, train/unsup_loss: 0.0144, train/total_loss: 0.0144, train/util_ratio: 0.6250, train/run_time: 0.1724, lr: 0.0004, train/prefecth_time: 0.0026 
[2025-02-19 05:40:09,400 INFO] 84480 iteration USE_EMA: False, train/sup_loss: 0.0001, train/unsup_loss: 0.0022, train/total_loss: 0.0023, train/util_ratio: 0.7500, train/run_time: 0.1725, lr: 0.0004, train/prefecth_time: 0.0026 
[2025-02-19 05:40:58,346 INFO] 84736 iteration USE_EMA: False, train/sup_loss: 0.0000, train/unsup_loss: 0.1915, train/total_loss: 0.1915, train/util_ratio: 0.6250, train/run_time: 0.1722, lr: 0.0004, train/prefecth_time: 0.0024 
[2025-02-19 05:41:47,299 INFO] 84992 iteration USE_EMA: False, train/sup_loss: 0.0014, train/unsup_loss: 0.0082, train/total_loss: 0.0096, train/util_ratio: 0.6250, train/run_time: 0.1715, lr: 0.0004, train/prefecth_time: 0.0024 
[2025-02-19 05:42:36,702 INFO] 85248 iteration USE_EMA: False, train/sup_loss: 0.0000, train/unsup_loss: 0.2799, train/total_loss: 0.2799, train/util_ratio: 0.8750, train/run_time: 0.1724, lr: 0.0004, train/prefecth_time: 0.0025 
[2025-02-19 05:43:25,682 INFO] 85504 iteration USE_EMA: False, train/sup_loss: 0.0647, train/unsup_loss: 1.6228, train/total_loss: 1.6875, train/util_ratio: 0.8750, train/run_time: 0.1728, lr: 0.0004, train/prefecth_time: 0.0026 
[2025-02-19 05:44:14,675 INFO] 85760 iteration USE_EMA: False, train/sup_loss: 0.0001, train/unsup_loss: 0.6414, train/total_loss: 0.6415, train/util_ratio: 1.0000, train/run_time: 0.1722, lr: 0.0004, train/prefecth_time: 0.0026 
[2025-02-19 05:45:03,643 INFO] validating...
[2025-02-19 05:45:30,330 INFO] confusion matrix:
[[0.92 0.   0.   ... 0.   0.   0.  ]
 [0.   0.99 0.   ... 0.   0.   0.  ]
 [0.01 0.   0.5  ... 0.   0.   0.  ]
 ...
 [0.   0.   0.   ... 0.92 0.   0.  ]
 [0.   0.   0.01 ... 0.   0.   0.  ]
 [0.   0.   0.   ... 0.   0.   0.84]]
[2025-02-19 05:45:31,962 INFO] model saved: ./saved_models/usb_cv/fixmatch_cifar100_400_0/latest_model.pth
[2025-02-19 05:45:33,628 INFO] model saved: ./saved_models/usb_cv/fixmatch_cifar100_400_0/model_best.pth
[2025-02-19 05:45:33,630 INFO] 86016 iteration, USE_EMA: False, train/sup_loss: 0.0002, train/unsup_loss: 0.3687, train/total_loss: 0.3689, train/util_ratio: 0.5000, train/run_time: 0.1729, eval/loss: 1.6636, eval/top-1-acc: 0.7900, eval/top-5-acc: 0.9446, eval/balanced_acc: 0.7900, eval/precision: 0.8014, eval/recall: 0.7900, eval/F1: 0.7766, lr: 0.0004, train/prefecth_time: 0.0023 BEST_EVAL_ACC: 0.7900, at 86016 iters
[2025-02-19 05:46:23,059 INFO] 86272 iteration USE_EMA: False, train/sup_loss: 0.0000, train/unsup_loss: 0.0010, train/total_loss: 0.0010, train/util_ratio: 0.8750, train/run_time: 0.1725, lr: 0.0004, train/prefecth_time: 0.0024 
[2025-02-19 05:47:12,022 INFO] 86528 iteration USE_EMA: False, train/sup_loss: 0.0005, train/unsup_loss: 0.0886, train/total_loss: 0.0891, train/util_ratio: 0.7500, train/run_time: 0.1732, lr: 0.0004, train/prefecth_time: 0.0025 
[2025-02-19 05:48:00,958 INFO] 86784 iteration USE_EMA: False, train/sup_loss: 0.0000, train/unsup_loss: 0.3342, train/total_loss: 0.3343, train/util_ratio: 0.7500, train/run_time: 0.1735, lr: 0.0004, train/prefecth_time: 0.0024 
[2025-02-19 05:48:49,960 INFO] 87040 iteration USE_EMA: False, train/sup_loss: 0.0000, train/unsup_loss: 0.2073, train/total_loss: 0.2073, train/util_ratio: 0.8750, train/run_time: 0.1734, lr: 0.0004, train/prefecth_time: 0.0020 
[2025-02-19 05:49:39,435 INFO] 87296 iteration USE_EMA: False, train/sup_loss: 0.0000, train/unsup_loss: 0.1106, train/total_loss: 0.1106, train/util_ratio: 0.8750, train/run_time: 0.1736, lr: 0.0004, train/prefecth_time: 0.0025 
[2025-02-19 05:50:28,570 INFO] 87552 iteration USE_EMA: False, train/sup_loss: 0.0000, train/unsup_loss: 0.1690, train/total_loss: 0.1691, train/util_ratio: 0.8750, train/run_time: 0.1721, lr: 0.0004, train/prefecth_time: 0.0025 
[2025-02-19 05:51:17,701 INFO] 87808 iteration USE_EMA: False, train/sup_loss: 0.0001, train/unsup_loss: 0.0672, train/total_loss: 0.0673, train/util_ratio: 1.0000, train/run_time: 0.1726, lr: 0.0004, train/prefecth_time: 0.0026 
[2025-02-19 05:52:06,709 INFO] validating...
[2025-02-19 05:52:33,393 INFO] confusion matrix:
[[0.97 0.   0.   ... 0.   0.   0.  ]
 [0.   0.99 0.   ... 0.   0.   0.  ]
 [0.01 0.   0.45 ... 0.   0.   0.  ]
 ...
 [0.   0.   0.   ... 0.99 0.   0.  ]
 [0.   0.   0.01 ... 0.   0.   0.  ]
 [0.   0.   0.   ... 0.   0.   0.85]]
[2025-02-19 05:52:35,035 INFO] model saved: ./saved_models/usb_cv/fixmatch_cifar100_400_0/latest_model.pth
[2025-02-19 05:52:36,682 INFO] model saved: ./saved_models/usb_cv/fixmatch_cifar100_400_0/model_best.pth
[2025-02-19 05:52:36,684 INFO] 88064 iteration, USE_EMA: False, train/sup_loss: 0.0000, train/unsup_loss: 0.9132, train/total_loss: 0.9132, train/util_ratio: 0.8750, train/run_time: 0.1724, eval/loss: 1.7271, eval/top-1-acc: 0.7921, eval/top-5-acc: 0.9446, eval/balanced_acc: 0.7921, eval/precision: 0.8100, eval/recall: 0.7921, eval/F1: 0.7785, lr: 0.0004, train/prefecth_time: 0.0022 BEST_EVAL_ACC: 0.7921, at 88064 iters
[2025-02-19 05:53:26,163 INFO] 88320 iteration USE_EMA: False, train/sup_loss: 0.0000, train/unsup_loss: 0.1972, train/total_loss: 0.1972, train/util_ratio: 0.8750, train/run_time: 0.1728, lr: 0.0004, train/prefecth_time: 0.0026 
[2025-02-19 05:54:15,178 INFO] 88576 iteration USE_EMA: False, train/sup_loss: 0.0000, train/unsup_loss: 0.1034, train/total_loss: 0.1034, train/util_ratio: 0.6250, train/run_time: 0.1729, lr: 0.0004, train/prefecth_time: 0.0025 
[2025-02-19 05:55:04,207 INFO] 88832 iteration USE_EMA: False, train/sup_loss: 0.0102, train/unsup_loss: 0.5167, train/total_loss: 0.5269, train/util_ratio: 0.6250, train/run_time: 0.1723, lr: 0.0004, train/prefecth_time: 0.0025 
[2025-02-19 05:55:53,210 INFO] 89088 iteration USE_EMA: False, train/sup_loss: 0.0107, train/unsup_loss: 0.2814, train/total_loss: 0.2921, train/util_ratio: 1.0000, train/run_time: 0.1724, lr: 0.0004, train/prefecth_time: 0.0021 
[2025-02-19 05:56:42,593 INFO] 89344 iteration USE_EMA: False, train/sup_loss: 0.0000, train/unsup_loss: 0.0284, train/total_loss: 0.0284, train/util_ratio: 0.8750, train/run_time: 0.1724, lr: 0.0004, train/prefecth_time: 0.0026 
[2025-02-19 05:57:31,537 INFO] 89600 iteration USE_EMA: False, train/sup_loss: 0.0001, train/unsup_loss: 0.0197, train/total_loss: 0.0198, train/util_ratio: 0.7500, train/run_time: 0.1726, lr: 0.0004, train/prefecth_time: 0.0024 
[2025-02-19 05:58:20,414 INFO] 89856 iteration USE_EMA: False, train/sup_loss: 0.0001, train/unsup_loss: 0.1834, train/total_loss: 0.1835, train/util_ratio: 0.8750, train/run_time: 0.1733, lr: 0.0004, train/prefecth_time: 0.0024 
[2025-02-19 05:59:09,312 INFO] validating...
/home/zakerian/miniconda3/envs/usb/lib/python3.8/site-packages/sklearn/metrics/_classification.py:1471: UndefinedMetricWarning: Precision is ill-defined and being set to 0.0 in labels with no predicted samples. Use `zero_division` parameter to control this behavior.
  _warn_prf(average, modifier, msg_start, len(result))
[2025-02-19 05:59:35,924 INFO] confusion matrix:
[[0.93 0.   0.   ... 0.   0.   0.  ]
 [0.   1.   0.   ... 0.   0.   0.  ]
 [0.   0.   0.46 ... 0.   0.   0.  ]
 ...
 [0.   0.   0.   ... 0.98 0.   0.  ]
 [0.   0.   0.01 ... 0.   0.   0.  ]
 [0.   0.   0.   ... 0.   0.   0.85]]
[2025-02-19 05:59:37,544 INFO] model saved: ./saved_models/usb_cv/fixmatch_cifar100_400_0/latest_model.pth
[2025-02-19 05:59:37,546 INFO] 90112 iteration, USE_EMA: False, train/sup_loss: 0.0000, train/unsup_loss: 0.2637, train/total_loss: 0.2637, train/util_ratio: 0.7500, train/run_time: 0.1732, eval/loss: 1.8035, eval/top-1-acc: 0.7858, eval/top-5-acc: 0.9418, eval/balanced_acc: 0.7858, eval/precision: 0.8062, eval/recall: 0.7858, eval/F1: 0.7726, lr: 0.0004, train/prefecth_time: 0.0021 BEST_EVAL_ACC: 0.7921, at 88064 iters
[2025-02-19 06:00:27,038 INFO] 90368 iteration USE_EMA: False, train/sup_loss: 0.0001, train/unsup_loss: 0.0670, train/total_loss: 0.0670, train/util_ratio: 0.8750, train/run_time: 0.1724, lr: 0.0004, train/prefecth_time: 0.0025 
[2025-02-19 06:01:16,104 INFO] 90624 iteration USE_EMA: False, train/sup_loss: 0.0000, train/unsup_loss: 0.8924, train/total_loss: 0.8924, train/util_ratio: 0.8750, train/run_time: 0.1725, lr: 0.0004, train/prefecth_time: 0.0025 
[2025-02-19 06:02:05,195 INFO] 90880 iteration USE_EMA: False, train/sup_loss: 0.0000, train/unsup_loss: 0.1770, train/total_loss: 0.1770, train/util_ratio: 0.5000, train/run_time: 0.1731, lr: 0.0004, train/prefecth_time: 0.0025 
[2025-02-19 06:02:54,203 INFO] 91136 iteration USE_EMA: False, train/sup_loss: 0.0000, train/unsup_loss: 0.0139, train/total_loss: 0.0139, train/util_ratio: 0.7500, train/run_time: 0.1730, lr: 0.0004, train/prefecth_time: 0.0021 
[2025-02-19 06:03:43,506 INFO] 91392 iteration USE_EMA: False, train/sup_loss: 0.0000, train/unsup_loss: 0.0035, train/total_loss: 0.0035, train/util_ratio: 0.8750, train/run_time: 0.1726, lr: 0.0004, train/prefecth_time: 0.0024 
[2025-02-19 06:04:32,426 INFO] 91648 iteration USE_EMA: False, train/sup_loss: 0.0004, train/unsup_loss: 0.0013, train/total_loss: 0.0017, train/util_ratio: 0.6250, train/run_time: 0.1728, lr: 0.0004, train/prefecth_time: 0.0024 
[2025-02-19 06:05:21,444 INFO] 91904 iteration USE_EMA: False, train/sup_loss: 0.0000, train/unsup_loss: 0.0022, train/total_loss: 0.0022, train/util_ratio: 0.8750, train/run_time: 0.1732, lr: 0.0004, train/prefecth_time: 0.0025 
[2025-02-19 06:06:10,467 INFO] validating...
[2025-02-19 06:06:37,383 INFO] confusion matrix:
[[1.   0.   0.   ... 0.   0.   0.  ]
 [0.   0.97 0.   ... 0.   0.   0.  ]
 [0.01 0.   0.4  ... 0.   0.   0.  ]
 ...
 [0.   0.   0.   ... 0.96 0.   0.  ]
 [0.   0.   0.01 ... 0.   0.   0.  ]
 [0.   0.   0.   ... 0.   0.   0.86]]
[2025-02-19 06:06:39,020 INFO] model saved: ./saved_models/usb_cv/fixmatch_cifar100_400_0/latest_model.pth
[2025-02-19 06:06:39,022 INFO] 92160 iteration, USE_EMA: False, train/sup_loss: 0.0000, train/unsup_loss: 0.0376, train/total_loss: 0.0376, train/util_ratio: 1.0000, train/run_time: 0.1719, eval/loss: 1.7200, eval/top-1-acc: 0.7860, eval/top-5-acc: 0.9403, eval/balanced_acc: 0.7860, eval/precision: 0.8075, eval/recall: 0.7860, eval/F1: 0.7708, lr: 0.0004, train/prefecth_time: 0.0022 BEST_EVAL_ACC: 0.7921, at 88064 iters
[2025-02-19 06:07:28,423 INFO] 92416 iteration USE_EMA: False, train/sup_loss: 0.0002, train/unsup_loss: 0.6375, train/total_loss: 0.6377, train/util_ratio: 0.8750, train/run_time: 0.1723, lr: 0.0004, train/prefecth_time: 0.0024 
[2025-02-19 06:08:17,412 INFO] 92672 iteration USE_EMA: False, train/sup_loss: 0.0000, train/unsup_loss: 0.0106, train/total_loss: 0.0106, train/util_ratio: 1.0000, train/run_time: 0.1720, lr: 0.0004, train/prefecth_time: 0.0025 
[2025-02-19 06:09:06,364 INFO] 92928 iteration USE_EMA: False, train/sup_loss: 0.0096, train/unsup_loss: 0.1242, train/total_loss: 0.1339, train/util_ratio: 0.6250, train/run_time: 0.1729, lr: 0.0004, train/prefecth_time: 0.0029 
[2025-02-19 06:09:55,345 INFO] 93184 iteration USE_EMA: False, train/sup_loss: 0.1347, train/unsup_loss: 0.0024, train/total_loss: 0.1371, train/util_ratio: 0.7500, train/run_time: 0.1726, lr: 0.0004, train/prefecth_time: 0.0021 
[2025-02-19 06:10:44,754 INFO] 93440 iteration USE_EMA: False, train/sup_loss: 0.0000, train/unsup_loss: 0.1884, train/total_loss: 0.1884, train/util_ratio: 0.8750, train/run_time: 0.1724, lr: 0.0004, train/prefecth_time: 0.0028 
[2025-02-19 06:11:33,697 INFO] 93696 iteration USE_EMA: False, train/sup_loss: 0.0007, train/unsup_loss: 0.0354, train/total_loss: 0.0362, train/util_ratio: 0.6250, train/run_time: 0.1737, lr: 0.0004, train/prefecth_time: 0.0023 
[2025-02-19 06:12:22,629 INFO] 93952 iteration USE_EMA: False, train/sup_loss: 0.0879, train/unsup_loss: 0.0243, train/total_loss: 0.1122, train/util_ratio: 1.0000, train/run_time: 0.1728, lr: 0.0004, train/prefecth_time: 0.0025 
[2025-02-19 06:13:11,586 INFO] validating...
/home/zakerian/miniconda3/envs/usb/lib/python3.8/site-packages/sklearn/metrics/_classification.py:1471: UndefinedMetricWarning: Precision is ill-defined and being set to 0.0 in labels with no predicted samples. Use `zero_division` parameter to control this behavior.
  _warn_prf(average, modifier, msg_start, len(result))
[2025-02-19 06:13:38,357 INFO] confusion matrix:
[[0.9  0.   0.   ... 0.   0.   0.  ]
 [0.   1.   0.   ... 0.   0.   0.  ]
 [0.   0.   0.39 ... 0.   0.   0.  ]
 ...
 [0.   0.   0.   ... 0.94 0.   0.  ]
 [0.   0.   0.01 ... 0.   0.   0.  ]
 [0.   0.   0.   ... 0.   0.   0.85]]
[2025-02-19 06:13:39,977 INFO] model saved: ./saved_models/usb_cv/fixmatch_cifar100_400_0/latest_model.pth
[2025-02-19 06:13:39,978 INFO] 94208 iteration, USE_EMA: False, train/sup_loss: 0.0000, train/unsup_loss: 0.0126, train/total_loss: 0.0126, train/util_ratio: 0.8750, train/run_time: 0.1722, eval/loss: 1.8362, eval/top-1-acc: 0.7833, eval/top-5-acc: 0.9393, eval/balanced_acc: 0.7833, eval/precision: 0.8099, eval/recall: 0.7833, eval/F1: 0.7681, lr: 0.0004, train/prefecth_time: 0.0022 BEST_EVAL_ACC: 0.7921, at 88064 iters
[2025-02-19 06:14:29,462 INFO] 94464 iteration USE_EMA: False, train/sup_loss: 0.0000, train/unsup_loss: 0.0876, train/total_loss: 0.0877, train/util_ratio: 1.0000, train/run_time: 0.1730, lr: 0.0004, train/prefecth_time: 0.0024 
[2025-02-19 06:15:18,449 INFO] 94720 iteration USE_EMA: False, train/sup_loss: 0.0001, train/unsup_loss: 0.0446, train/total_loss: 0.0447, train/util_ratio: 0.6250, train/run_time: 0.1733, lr: 0.0004, train/prefecth_time: 0.0024 
[2025-02-19 06:16:07,423 INFO] 94976 iteration USE_EMA: False, train/sup_loss: 0.0009, train/unsup_loss: 0.0075, train/total_loss: 0.0085, train/util_ratio: 0.8750, train/run_time: 0.1728, lr: 0.0004, train/prefecth_time: 0.0026 
[2025-02-19 06:16:56,354 INFO] 95232 iteration USE_EMA: False, train/sup_loss: 0.0000, train/unsup_loss: 0.0002, train/total_loss: 0.0002, train/util_ratio: 0.5000, train/run_time: 0.1722, lr: 0.0004, train/prefecth_time: 0.0023 
[2025-02-19 06:17:45,723 INFO] 95488 iteration USE_EMA: False, train/sup_loss: 0.0002, train/unsup_loss: 0.0588, train/total_loss: 0.0589, train/util_ratio: 1.0000, train/run_time: 0.1733, lr: 0.0004, train/prefecth_time: 0.0022 
[2025-02-19 06:18:34,687 INFO] 95744 iteration USE_EMA: False, train/sup_loss: 0.0022, train/unsup_loss: 0.1937, train/total_loss: 0.1959, train/util_ratio: 0.6250, train/run_time: 0.1725, lr: 0.0004, train/prefecth_time: 0.0024 
[2025-02-19 06:19:23,683 INFO] 96000 iteration USE_EMA: False, train/sup_loss: 0.0001, train/unsup_loss: 0.2982, train/total_loss: 0.2983, train/util_ratio: 1.0000, train/run_time: 0.1728, lr: 0.0004, train/prefecth_time: 0.0027 
[2025-02-19 06:20:12,696 INFO] validating...
[2025-02-19 06:20:39,327 INFO] confusion matrix:
[[0.98 0.   0.   ... 0.   0.   0.  ]
 [0.   0.99 0.   ... 0.   0.   0.  ]
 [0.01 0.   0.5  ... 0.   0.   0.  ]
 ...
 [0.   0.   0.   ... 0.95 0.   0.  ]
 [0.   0.   0.01 ... 0.   0.   0.  ]
 [0.   0.   0.   ... 0.   0.   0.86]]
[2025-02-19 06:20:40,953 INFO] model saved: ./saved_models/usb_cv/fixmatch_cifar100_400_0/latest_model.pth
[2025-02-19 06:20:40,955 INFO] 96256 iteration, USE_EMA: False, train/sup_loss: 0.0006, train/unsup_loss: 0.6179, train/total_loss: 0.6185, train/util_ratio: 0.7500, train/run_time: 0.1730, eval/loss: 1.7574, eval/top-1-acc: 0.7828, eval/top-5-acc: 0.9405, eval/balanced_acc: 0.7828, eval/precision: 0.8088, eval/recall: 0.7828, eval/F1: 0.7693, lr: 0.0004, train/prefecth_time: 0.0023 BEST_EVAL_ACC: 0.7921, at 88064 iters
[2025-02-19 06:21:30,402 INFO] 96512 iteration USE_EMA: False, train/sup_loss: 0.0000, train/unsup_loss: 1.1349, train/total_loss: 1.1349, train/util_ratio: 1.0000, train/run_time: 0.1726, lr: 0.0004, train/prefecth_time: 0.0026 
[2025-02-19 06:22:19,389 INFO] 96768 iteration USE_EMA: False, train/sup_loss: 0.0018, train/unsup_loss: 0.0002, train/total_loss: 0.0020, train/util_ratio: 0.3750, train/run_time: 0.1727, lr: 0.0004, train/prefecth_time: 0.0025 
[2025-02-19 06:23:08,318 INFO] 97024 iteration USE_EMA: False, train/sup_loss: 0.0003, train/unsup_loss: 0.2070, train/total_loss: 0.2073, train/util_ratio: 0.8750, train/run_time: 0.1734, lr: 0.0004, train/prefecth_time: 0.0024 
[2025-02-19 06:23:57,296 INFO] 97280 iteration USE_EMA: False, train/sup_loss: 0.0019, train/unsup_loss: 0.2320, train/total_loss: 0.2339, train/util_ratio: 1.0000, train/run_time: 0.1716, lr: 0.0004, train/prefecth_time: 0.0021 
[2025-02-19 06:24:46,629 INFO] 97536 iteration USE_EMA: False, train/sup_loss: 0.0000, train/unsup_loss: 0.5245, train/total_loss: 0.5245, train/util_ratio: 1.0000, train/run_time: 0.1726, lr: 0.0004, train/prefecth_time: 0.0025 
[2025-02-19 06:25:35,606 INFO] 97792 iteration USE_EMA: False, train/sup_loss: 0.0000, train/unsup_loss: 0.0000, train/total_loss: 0.0001, train/util_ratio: 0.6250, train/run_time: 0.1719, lr: 0.0004, train/prefecth_time: 0.0025 
[2025-02-19 06:26:24,624 INFO] 98048 iteration USE_EMA: False, train/sup_loss: 0.0098, train/unsup_loss: 0.0007, train/total_loss: 0.0106, train/util_ratio: 0.7500, train/run_time: 0.1724, lr: 0.0004, train/prefecth_time: 0.0027 
[2025-02-19 06:27:13,634 INFO] validating...
/home/zakerian/miniconda3/envs/usb/lib/python3.8/site-packages/sklearn/metrics/_classification.py:1471: UndefinedMetricWarning: Precision is ill-defined and being set to 0.0 in labels with no predicted samples. Use `zero_division` parameter to control this behavior.
  _warn_prf(average, modifier, msg_start, len(result))
[2025-02-19 06:27:40,234 INFO] confusion matrix:
[[0.86 0.   0.   ... 0.   0.   0.  ]
 [0.   0.99 0.   ... 0.   0.   0.  ]
 [0.   0.   0.46 ... 0.   0.   0.  ]
 ...
 [0.   0.   0.   ... 0.95 0.   0.  ]
 [0.   0.   0.01 ... 0.   0.   0.  ]
 [0.   0.   0.   ... 0.   0.   0.8 ]]
[2025-02-19 06:27:41,874 INFO] model saved: ./saved_models/usb_cv/fixmatch_cifar100_400_0/latest_model.pth
[2025-02-19 06:27:41,875 INFO] 98304 iteration, USE_EMA: False, train/sup_loss: 0.0000, train/unsup_loss: 0.7553, train/total_loss: 0.7553, train/util_ratio: 0.8750, train/run_time: 0.1723, eval/loss: 1.7720, eval/top-1-acc: 0.7836, eval/top-5-acc: 0.9418, eval/balanced_acc: 0.7836, eval/precision: 0.7979, eval/recall: 0.7836, eval/F1: 0.7698, lr: 0.0004, train/prefecth_time: 0.0023 BEST_EVAL_ACC: 0.7921, at 88064 iters
[2025-02-19 06:28:31,341 INFO] 98560 iteration USE_EMA: False, train/sup_loss: 0.1147, train/unsup_loss: 0.3747, train/total_loss: 0.4893, train/util_ratio: 1.0000, train/run_time: 0.1732, lr: 0.0004, train/prefecth_time: 0.0027 
[2025-02-19 06:29:20,315 INFO] 98816 iteration USE_EMA: False, train/sup_loss: 0.0004, train/unsup_loss: 0.0029, train/total_loss: 0.0033, train/util_ratio: 0.5000, train/run_time: 0.1722, lr: 0.0004, train/prefecth_time: 0.0024 
[2025-02-19 06:30:09,330 INFO] 99072 iteration USE_EMA: False, train/sup_loss: 0.0000, train/unsup_loss: 0.5096, train/total_loss: 0.5096, train/util_ratio: 0.8750, train/run_time: 0.1724, lr: 0.0004, train/prefecth_time: 0.0024 
[2025-02-19 06:30:58,318 INFO] 99328 iteration USE_EMA: False, train/sup_loss: 0.0001, train/unsup_loss: 0.4585, train/total_loss: 0.4586, train/util_ratio: 0.7500, train/run_time: 0.1721, lr: 0.0004, train/prefecth_time: 0.0021 
[2025-02-19 06:31:47,665 INFO] 99584 iteration USE_EMA: False, train/sup_loss: 0.0000, train/unsup_loss: 0.5151, train/total_loss: 0.5152, train/util_ratio: 1.0000, train/run_time: 0.1734, lr: 0.0004, train/prefecth_time: 0.0026 
[2025-02-19 06:32:36,573 INFO] 99840 iteration USE_EMA: False, train/sup_loss: 0.0000, train/unsup_loss: 0.2498, train/total_loss: 0.2498, train/util_ratio: 0.6250, train/run_time: 0.1733, lr: 0.0004, train/prefecth_time: 0.0023 
[2025-02-19 06:33:25,550 INFO] 100096 iteration USE_EMA: False, train/sup_loss: 0.0009, train/unsup_loss: 0.4813, train/total_loss: 0.4822, train/util_ratio: 1.0000, train/run_time: 0.1727, lr: 0.0004, train/prefecth_time: 0.0024 
[2025-02-19 06:34:14,536 INFO] validating...
/home/zakerian/miniconda3/envs/usb/lib/python3.8/site-packages/sklearn/metrics/_classification.py:1471: UndefinedMetricWarning: Precision is ill-defined and being set to 0.0 in labels with no predicted samples. Use `zero_division` parameter to control this behavior.
  _warn_prf(average, modifier, msg_start, len(result))
[2025-02-19 06:34:41,127 INFO] confusion matrix:
[[0.91 0.   0.   ... 0.   0.   0.  ]
 [0.   1.   0.   ... 0.   0.   0.  ]
 [0.   0.   0.49 ... 0.   0.   0.  ]
 ...
 [0.   0.   0.   ... 0.96 0.   0.  ]
 [0.   0.   0.01 ... 0.   0.   0.  ]
 [0.   0.   0.   ... 0.   0.   0.86]]
[2025-02-19 06:34:42,761 INFO] model saved: ./saved_models/usb_cv/fixmatch_cifar100_400_0/latest_model.pth
[2025-02-19 06:34:42,763 INFO] 100352 iteration, USE_EMA: False, train/sup_loss: 0.0001, train/unsup_loss: 0.0184, train/total_loss: 0.0186, train/util_ratio: 0.8750, train/run_time: 0.1721, eval/loss: 1.7898, eval/top-1-acc: 0.7821, eval/top-5-acc: 0.9458, eval/balanced_acc: 0.7821, eval/precision: 0.8051, eval/recall: 0.7821, eval/F1: 0.7688, lr: 0.0004, train/prefecth_time: 0.0023 BEST_EVAL_ACC: 0.7921, at 88064 iters
[2025-02-19 06:35:32,227 INFO] 100608 iteration USE_EMA: False, train/sup_loss: 0.0002, train/unsup_loss: 0.0057, train/total_loss: 0.0059, train/util_ratio: 1.0000, train/run_time: 0.1733, lr: 0.0004, train/prefecth_time: 0.0027 
[2025-02-19 06:36:21,235 INFO] 100864 iteration USE_EMA: False, train/sup_loss: 0.0005, train/unsup_loss: 0.3271, train/total_loss: 0.3277, train/util_ratio: 0.8750, train/run_time: 0.1726, lr: 0.0004, train/prefecth_time: 0.0027 
[2025-02-19 06:37:10,244 INFO] 101120 iteration USE_EMA: False, train/sup_loss: 0.0000, train/unsup_loss: 0.0357, train/total_loss: 0.0357, train/util_ratio: 1.0000, train/run_time: 0.1729, lr: 0.0004, train/prefecth_time: 0.0026 
[2025-02-19 06:37:59,270 INFO] 101376 iteration USE_EMA: False, train/sup_loss: 0.0000, train/unsup_loss: 0.4235, train/total_loss: 0.4235, train/util_ratio: 0.8750, train/run_time: 0.1725, lr: 0.0004, train/prefecth_time: 0.0021 
[2025-02-19 06:38:48,681 INFO] 101632 iteration USE_EMA: False, train/sup_loss: 0.0000, train/unsup_loss: 0.2608, train/total_loss: 0.2608, train/util_ratio: 0.7500, train/run_time: 0.1722, lr: 0.0004, train/prefecth_time: 0.0027 
[2025-02-19 06:39:37,734 INFO] 101888 iteration USE_EMA: False, train/sup_loss: 0.0004, train/unsup_loss: 0.6316, train/total_loss: 0.6320, train/util_ratio: 0.7500, train/run_time: 0.1722, lr: 0.0004, train/prefecth_time: 0.0024 
[2025-02-19 06:40:26,729 INFO] 102144 iteration USE_EMA: False, train/sup_loss: 0.0040, train/unsup_loss: 0.3687, train/total_loss: 0.3727, train/util_ratio: 0.8750, train/run_time: 0.1723, lr: 0.0004, train/prefecth_time: 0.0025 
[2025-02-19 06:41:15,718 INFO] validating...
/home/zakerian/miniconda3/envs/usb/lib/python3.8/site-packages/sklearn/metrics/_classification.py:1471: UndefinedMetricWarning: Precision is ill-defined and being set to 0.0 in labels with no predicted samples. Use `zero_division` parameter to control this behavior.
  _warn_prf(average, modifier, msg_start, len(result))
[2025-02-19 06:41:42,170 INFO] confusion matrix:
[[0.99 0.   0.   ... 0.   0.   0.  ]
 [0.   0.97 0.   ... 0.   0.   0.  ]
 [0.   0.   0.52 ... 0.   0.   0.  ]
 ...
 [0.   0.   0.   ... 0.96 0.   0.  ]
 [0.   0.   0.01 ... 0.   0.   0.  ]
 [0.   0.   0.   ... 0.   0.   0.82]]
[2025-02-19 06:41:43,803 INFO] model saved: ./saved_models/usb_cv/fixmatch_cifar100_400_0/latest_model.pth
[2025-02-19 06:41:43,805 INFO] 102400 iteration, USE_EMA: False, train/sup_loss: 0.0008, train/unsup_loss: 0.0419, train/total_loss: 0.0427, train/util_ratio: 0.7500, train/run_time: 0.1715, eval/loss: 1.6525, eval/top-1-acc: 0.7888, eval/top-5-acc: 0.9449, eval/balanced_acc: 0.7888, eval/precision: 0.8071, eval/recall: 0.7888, eval/F1: 0.7763, lr: 0.0004, train/prefecth_time: 0.0022 BEST_EVAL_ACC: 0.7921, at 88064 iters
[2025-02-19 06:42:33,307 INFO] 102656 iteration USE_EMA: False, train/sup_loss: 0.0000, train/unsup_loss: 0.2666, train/total_loss: 0.2666, train/util_ratio: 0.7500, train/run_time: 0.1726, lr: 0.0004, train/prefecth_time: 0.0026 
[2025-02-19 06:43:22,338 INFO] 102912 iteration USE_EMA: False, train/sup_loss: 0.0001, train/unsup_loss: 0.0014, train/total_loss: 0.0015, train/util_ratio: 0.6250, train/run_time: 0.1732, lr: 0.0004, train/prefecth_time: 0.0027 
[2025-02-19 06:44:11,332 INFO] 103168 iteration USE_EMA: False, train/sup_loss: 0.0000, train/unsup_loss: 0.0023, train/total_loss: 0.0023, train/util_ratio: 0.8750, train/run_time: 0.1724, lr: 0.0004, train/prefecth_time: 0.0026 
[2025-02-19 06:45:00,329 INFO] 103424 iteration USE_EMA: False, train/sup_loss: 0.0000, train/unsup_loss: 0.0221, train/total_loss: 0.0221, train/util_ratio: 1.0000, train/run_time: 0.1719, lr: 0.0004, train/prefecth_time: 0.0023 
[2025-02-19 06:45:49,688 INFO] 103680 iteration USE_EMA: False, train/sup_loss: 0.0000, train/unsup_loss: 0.0452, train/total_loss: 0.0453, train/util_ratio: 0.6250, train/run_time: 0.1730, lr: 0.0004, train/prefecth_time: 0.0028 
[2025-02-19 06:46:38,655 INFO] 103936 iteration USE_EMA: False, train/sup_loss: 0.0000, train/unsup_loss: 0.2871, train/total_loss: 0.2871, train/util_ratio: 0.5000, train/run_time: 0.1727, lr: 0.0004, train/prefecth_time: 0.0026 
[2025-02-19 06:47:27,598 INFO] 104192 iteration USE_EMA: False, train/sup_loss: 0.0005, train/unsup_loss: 0.0714, train/total_loss: 0.0720, train/util_ratio: 0.6250, train/run_time: 0.1720, lr: 0.0004, train/prefecth_time: 0.0027 
[2025-02-19 06:48:16,578 INFO] validating...
/home/zakerian/miniconda3/envs/usb/lib/python3.8/site-packages/sklearn/metrics/_classification.py:1471: UndefinedMetricWarning: Precision is ill-defined and being set to 0.0 in labels with no predicted samples. Use `zero_division` parameter to control this behavior.
  _warn_prf(average, modifier, msg_start, len(result))
[2025-02-19 06:48:43,185 INFO] confusion matrix:
[[0.94 0.   0.   ... 0.   0.   0.  ]
 [0.   0.99 0.   ... 0.   0.   0.  ]
 [0.   0.   0.63 ... 0.   0.   0.  ]
 ...
 [0.   0.   0.   ... 0.96 0.   0.  ]
 [0.   0.   0.01 ... 0.   0.   0.  ]
 [0.   0.   0.   ... 0.   0.   0.85]]
[2025-02-19 06:48:44,819 INFO] model saved: ./saved_models/usb_cv/fixmatch_cifar100_400_0/latest_model.pth
[2025-02-19 06:48:44,821 INFO] 104448 iteration, USE_EMA: False, train/sup_loss: 0.0001, train/unsup_loss: 0.4093, train/total_loss: 0.4094, train/util_ratio: 1.0000, train/run_time: 0.1720, eval/loss: 1.7296, eval/top-1-acc: 0.7897, eval/top-5-acc: 0.9444, eval/balanced_acc: 0.7897, eval/precision: 0.8012, eval/recall: 0.7897, eval/F1: 0.7751, lr: 0.0004, train/prefecth_time: 0.0022 BEST_EVAL_ACC: 0.7921, at 88064 iters
[2025-02-19 06:49:34,217 INFO] 104704 iteration USE_EMA: False, train/sup_loss: 0.0003, train/unsup_loss: 0.5766, train/total_loss: 0.5769, train/util_ratio: 1.0000, train/run_time: 0.1730, lr: 0.0004, train/prefecth_time: 0.0024 
[2025-02-19 06:50:23,153 INFO] 104960 iteration USE_EMA: False, train/sup_loss: 0.0000, train/unsup_loss: 0.2883, train/total_loss: 0.2883, train/util_ratio: 0.7500, train/run_time: 0.1727, lr: 0.0004, train/prefecth_time: 0.0027 
[2025-02-19 06:51:12,172 INFO] 105216 iteration USE_EMA: False, train/sup_loss: 0.0001, train/unsup_loss: 0.3091, train/total_loss: 0.3092, train/util_ratio: 0.7500, train/run_time: 0.1721, lr: 0.0004, train/prefecth_time: 0.0026 
[2025-02-19 06:52:01,165 INFO] 105472 iteration USE_EMA: False, train/sup_loss: 0.0002, train/unsup_loss: 1.1328, train/total_loss: 1.1330, train/util_ratio: 0.7500, train/run_time: 0.1722, lr: 0.0004, train/prefecth_time: 0.0022 
[2025-02-19 06:52:50,511 INFO] 105728 iteration USE_EMA: False, train/sup_loss: 0.0001, train/unsup_loss: 0.0204, train/total_loss: 0.0205, train/util_ratio: 0.7500, train/run_time: 0.1724, lr: 0.0004, train/prefecth_time: 0.0024 
[2025-02-19 06:53:39,491 INFO] 105984 iteration USE_EMA: False, train/sup_loss: 0.0000, train/unsup_loss: 0.1269, train/total_loss: 0.1270, train/util_ratio: 1.0000, train/run_time: 0.1721, lr: 0.0004, train/prefecth_time: 0.0024 
[2025-02-19 06:54:28,493 INFO] 106240 iteration USE_EMA: False, train/sup_loss: 0.0000, train/unsup_loss: 0.0156, train/total_loss: 0.0156, train/util_ratio: 1.0000, train/run_time: 0.1728, lr: 0.0004, train/prefecth_time: 0.0027 
[2025-02-19 06:55:17,505 INFO] validating...
[2025-02-19 06:55:44,321 INFO] confusion matrix:
[[0.96 0.   0.   ... 0.   0.   0.  ]
 [0.   0.97 0.   ... 0.   0.   0.  ]
 [0.   0.   0.51 ... 0.   0.   0.  ]
 ...
 [0.   0.   0.   ... 0.95 0.   0.  ]
 [0.   0.   0.01 ... 0.   0.   0.  ]
 [0.   0.   0.   ... 0.   0.   0.8 ]]
[2025-02-19 06:55:45,964 INFO] model saved: ./saved_models/usb_cv/fixmatch_cifar100_400_0/latest_model.pth
[2025-02-19 06:55:45,964 INFO] 106496 iteration, USE_EMA: False, train/sup_loss: 0.0000, train/unsup_loss: 0.0050, train/total_loss: 0.0050, train/util_ratio: 1.0000, train/run_time: 0.1723, eval/loss: 1.8115, eval/top-1-acc: 0.7860, eval/top-5-acc: 0.9438, eval/balanced_acc: 0.7860, eval/precision: 0.8063, eval/recall: 0.7860, eval/F1: 0.7735, lr: 0.0004, train/prefecth_time: 0.0020 BEST_EVAL_ACC: 0.7921, at 88064 iters
[2025-02-19 06:56:35,396 INFO] 106752 iteration USE_EMA: False, train/sup_loss: 0.0000, train/unsup_loss: 0.0539, train/total_loss: 0.0539, train/util_ratio: 0.8750, train/run_time: 0.1727, lr: 0.0004, train/prefecth_time: 0.0026 
[2025-02-19 06:57:24,412 INFO] 107008 iteration USE_EMA: False, train/sup_loss: 0.0000, train/unsup_loss: 0.0558, train/total_loss: 0.0558, train/util_ratio: 0.7500, train/run_time: 0.1730, lr: 0.0004, train/prefecth_time: 0.0025 
[2025-02-19 06:58:13,678 INFO] 107264 iteration USE_EMA: False, train/sup_loss: 0.0000, train/unsup_loss: 0.2920, train/total_loss: 0.2920, train/util_ratio: 0.8750, train/run_time: 0.1730, lr: 0.0004, train/prefecth_time: 0.0028 
[2025-02-19 06:59:02,982 INFO] 107520 iteration USE_EMA: False, train/sup_loss: 0.0000, train/unsup_loss: 0.9738, train/total_loss: 0.9738, train/util_ratio: 1.0000, train/run_time: 0.1721, lr: 0.0004, train/prefecth_time: 0.0023 
[2025-02-19 06:59:52,414 INFO] 107776 iteration USE_EMA: False, train/sup_loss: 0.0000, train/unsup_loss: 0.4270, train/total_loss: 0.4270, train/util_ratio: 1.0000, train/run_time: 0.1719, lr: 0.0004, train/prefecth_time: 0.0025 
[2025-02-19 07:00:41,404 INFO] 108032 iteration USE_EMA: False, train/sup_loss: 0.0000, train/unsup_loss: 0.3879, train/total_loss: 0.3879, train/util_ratio: 0.8750, train/run_time: 0.1730, lr: 0.0004, train/prefecth_time: 0.0025 
[2025-02-19 07:01:30,392 INFO] 108288 iteration USE_EMA: False, train/sup_loss: 0.0004, train/unsup_loss: 0.0237, train/total_loss: 0.0241, train/util_ratio: 1.0000, train/run_time: 0.1732, lr: 0.0004, train/prefecth_time: 0.0025 
[2025-02-19 07:02:19,348 INFO] validating...
/home/zakerian/miniconda3/envs/usb/lib/python3.8/site-packages/sklearn/metrics/_classification.py:1471: UndefinedMetricWarning: Precision is ill-defined and being set to 0.0 in labels with no predicted samples. Use `zero_division` parameter to control this behavior.
  _warn_prf(average, modifier, msg_start, len(result))
[2025-02-19 07:02:46,225 INFO] confusion matrix:
[[0.98 0.   0.   ... 0.   0.   0.  ]
 [0.   0.98 0.   ... 0.   0.   0.  ]
 [0.   0.   0.47 ... 0.   0.   0.  ]
 ...
 [0.   0.   0.   ... 0.97 0.   0.  ]
 [0.   0.   0.01 ... 0.   0.   0.  ]
 [0.   0.   0.   ... 0.   0.   0.74]]
[2025-02-19 07:02:47,860 INFO] model saved: ./saved_models/usb_cv/fixmatch_cifar100_400_0/latest_model.pth
[2025-02-19 07:02:47,862 INFO] 108544 iteration, USE_EMA: False, train/sup_loss: 0.0000, train/unsup_loss: 0.0487, train/total_loss: 0.0487, train/util_ratio: 0.8750, train/run_time: 0.1733, eval/loss: 1.7507, eval/top-1-acc: 0.7862, eval/top-5-acc: 0.9414, eval/balanced_acc: 0.7862, eval/precision: 0.8126, eval/recall: 0.7862, eval/F1: 0.7734, lr: 0.0004, train/prefecth_time: 0.0024 BEST_EVAL_ACC: 0.7921, at 88064 iters
[2025-02-19 07:03:37,265 INFO] 108800 iteration USE_EMA: False, train/sup_loss: 0.0032, train/unsup_loss: 0.0506, train/total_loss: 0.0538, train/util_ratio: 0.8750, train/run_time: 0.1725, lr: 0.0004, train/prefecth_time: 0.0022 
[2025-02-19 07:04:26,271 INFO] 109056 iteration USE_EMA: False, train/sup_loss: 0.0001, train/unsup_loss: 0.2555, train/total_loss: 0.2556, train/util_ratio: 1.0000, train/run_time: 0.1733, lr: 0.0004, train/prefecth_time: 0.0029 
[2025-02-19 07:05:15,316 INFO] 109312 iteration USE_EMA: False, train/sup_loss: 0.0004, train/unsup_loss: 1.3148, train/total_loss: 1.3151, train/util_ratio: 1.0000, train/run_time: 0.1735, lr: 0.0004, train/prefecth_time: 0.0026 
[2025-02-19 07:06:04,215 INFO] 109568 iteration USE_EMA: False, train/sup_loss: 0.0000, train/unsup_loss: 0.0876, train/total_loss: 0.0876, train/util_ratio: 0.6250, train/run_time: 0.1727, lr: 0.0004, train/prefecth_time: 0.0022 
[2025-02-19 07:06:53,614 INFO] 109824 iteration USE_EMA: False, train/sup_loss: 0.0000, train/unsup_loss: 0.2730, train/total_loss: 0.2730, train/util_ratio: 0.8750, train/run_time: 0.1734, lr: 0.0004, train/prefecth_time: 0.0025 
[2025-02-19 07:07:42,597 INFO] 110080 iteration USE_EMA: False, train/sup_loss: 0.0000, train/unsup_loss: 0.0474, train/total_loss: 0.0475, train/util_ratio: 1.0000, train/run_time: 0.1725, lr: 0.0004, train/prefecth_time: 0.0027 
[2025-02-19 07:08:31,604 INFO] 110336 iteration USE_EMA: False, train/sup_loss: 0.0000, train/unsup_loss: 0.8141, train/total_loss: 0.8142, train/util_ratio: 0.8750, train/run_time: 0.1716, lr: 0.0004, train/prefecth_time: 0.0025 
[2025-02-19 07:09:20,601 INFO] validating...
/home/zakerian/miniconda3/envs/usb/lib/python3.8/site-packages/sklearn/metrics/_classification.py:1471: UndefinedMetricWarning: Precision is ill-defined and being set to 0.0 in labels with no predicted samples. Use `zero_division` parameter to control this behavior.
  _warn_prf(average, modifier, msg_start, len(result))
[2025-02-19 07:09:47,261 INFO] confusion matrix:
[[0.98 0.   0.   ... 0.   0.   0.  ]
 [0.   0.96 0.   ... 0.   0.   0.  ]
 [0.   0.   0.49 ... 0.   0.   0.  ]
 ...
 [0.   0.   0.   ... 0.95 0.   0.  ]
 [0.   0.   0.01 ... 0.   0.   0.  ]
 [0.   0.   0.   ... 0.   0.   0.83]]
[2025-02-19 07:09:48,900 INFO] model saved: ./saved_models/usb_cv/fixmatch_cifar100_400_0/latest_model.pth
[2025-02-19 07:09:50,569 INFO] model saved: ./saved_models/usb_cv/fixmatch_cifar100_400_0/model_best.pth
[2025-02-19 07:09:50,571 INFO] 110592 iteration, USE_EMA: False, train/sup_loss: 0.0000, train/unsup_loss: 1.2218, train/total_loss: 1.2219, train/util_ratio: 1.0000, train/run_time: 0.1722, eval/loss: 1.7540, eval/top-1-acc: 0.7932, eval/top-5-acc: 0.9406, eval/balanced_acc: 0.7932, eval/precision: 0.8129, eval/recall: 0.7932, eval/F1: 0.7808, lr: 0.0004, train/prefecth_time: 0.0023 BEST_EVAL_ACC: 0.7932, at 110592 iters
[2025-02-19 07:10:39,998 INFO] 110848 iteration USE_EMA: False, train/sup_loss: 0.0000, train/unsup_loss: 0.0105, train/total_loss: 0.0105, train/util_ratio: 1.0000, train/run_time: 0.1731, lr: 0.0004, train/prefecth_time: 0.0023 
[2025-02-19 07:11:28,997 INFO] 111104 iteration USE_EMA: False, train/sup_loss: 0.0000, train/unsup_loss: 0.0244, train/total_loss: 0.0244, train/util_ratio: 0.8750, train/run_time: 0.1716, lr: 0.0004, train/prefecth_time: 0.0025 
[2025-02-19 07:12:17,993 INFO] 111360 iteration USE_EMA: False, train/sup_loss: 0.0000, train/unsup_loss: 0.0267, train/total_loss: 0.0267, train/util_ratio: 0.8750, train/run_time: 0.1730, lr: 0.0004, train/prefecth_time: 0.0025 
[2025-02-19 07:13:06,945 INFO] 111616 iteration USE_EMA: False, train/sup_loss: 0.0017, train/unsup_loss: 0.0472, train/total_loss: 0.0490, train/util_ratio: 0.7500, train/run_time: 0.1726, lr: 0.0004, train/prefecth_time: 0.0022 
[2025-02-19 07:13:56,422 INFO] 111872 iteration USE_EMA: False, train/sup_loss: 0.0000, train/unsup_loss: 0.1658, train/total_loss: 0.1658, train/util_ratio: 0.6250, train/run_time: 0.1728, lr: 0.0004, train/prefecth_time: 0.0026 
[2025-02-19 07:14:45,403 INFO] 112128 iteration USE_EMA: False, train/sup_loss: 0.0000, train/unsup_loss: 0.2271, train/total_loss: 0.2271, train/util_ratio: 0.7500, train/run_time: 0.1723, lr: 0.0004, train/prefecth_time: 0.0025 
[2025-02-19 07:15:34,360 INFO] 112384 iteration USE_EMA: False, train/sup_loss: 0.0001, train/unsup_loss: 0.2033, train/total_loss: 0.2035, train/util_ratio: 0.7500, train/run_time: 0.1723, lr: 0.0004, train/prefecth_time: 0.0026 
[2025-02-19 07:16:23,349 INFO] validating...
/home/zakerian/miniconda3/envs/usb/lib/python3.8/site-packages/sklearn/metrics/_classification.py:1471: UndefinedMetricWarning: Precision is ill-defined and being set to 0.0 in labels with no predicted samples. Use `zero_division` parameter to control this behavior.
  _warn_prf(average, modifier, msg_start, len(result))
[2025-02-19 07:16:49,856 INFO] confusion matrix:
[[0.97 0.   0.   ... 0.   0.   0.  ]
 [0.   0.97 0.   ... 0.   0.   0.  ]
 [0.   0.   0.58 ... 0.   0.   0.  ]
 ...
 [0.   0.   0.   ... 0.95 0.   0.  ]
 [0.   0.   0.01 ... 0.   0.   0.  ]
 [0.   0.   0.   ... 0.   0.   0.84]]
[2025-02-19 07:16:51,488 INFO] model saved: ./saved_models/usb_cv/fixmatch_cifar100_400_0/latest_model.pth
[2025-02-19 07:16:51,490 INFO] 112640 iteration, USE_EMA: False, train/sup_loss: 0.0017, train/unsup_loss: 0.7867, train/total_loss: 0.7884, train/util_ratio: 0.7500, train/run_time: 0.1720, eval/loss: 1.8063, eval/top-1-acc: 0.7876, eval/top-5-acc: 0.9397, eval/balanced_acc: 0.7876, eval/precision: 0.8011, eval/recall: 0.7876, eval/F1: 0.7747, lr: 0.0004, train/prefecth_time: 0.0021 BEST_EVAL_ACC: 0.7932, at 110592 iters
[2025-02-19 07:17:40,885 INFO] 112896 iteration USE_EMA: False, train/sup_loss: 0.0000, train/unsup_loss: 0.5877, train/total_loss: 0.5877, train/util_ratio: 1.0000, train/run_time: 0.1729, lr: 0.0004, train/prefecth_time: 0.0024 
[2025-02-19 07:18:29,917 INFO] 113152 iteration USE_EMA: False, train/sup_loss: 0.0002, train/unsup_loss: 0.0140, train/total_loss: 0.0142, train/util_ratio: 0.7500, train/run_time: 0.1725, lr: 0.0004, train/prefecth_time: 0.0024 
[2025-02-19 07:19:18,880 INFO] 113408 iteration USE_EMA: False, train/sup_loss: 0.0000, train/unsup_loss: 0.0508, train/total_loss: 0.0508, train/util_ratio: 0.7500, train/run_time: 0.1728, lr: 0.0004, train/prefecth_time: 0.0024 
[2025-02-19 07:20:07,843 INFO] 113664 iteration USE_EMA: False, train/sup_loss: 0.0001, train/unsup_loss: 0.0150, train/total_loss: 0.0151, train/util_ratio: 0.6250, train/run_time: 0.1720, lr: 0.0004, train/prefecth_time: 0.0023 
[2025-02-19 07:20:57,118 INFO] 113920 iteration USE_EMA: False, train/sup_loss: 0.0000, train/unsup_loss: 0.3953, train/total_loss: 0.3953, train/util_ratio: 1.0000, train/run_time: 0.1727, lr: 0.0004, train/prefecth_time: 0.0023 
[2025-02-19 07:21:46,050 INFO] 114176 iteration USE_EMA: False, train/sup_loss: 0.0000, train/unsup_loss: 0.0113, train/total_loss: 0.0113, train/util_ratio: 0.8750, train/run_time: 0.1718, lr: 0.0004, train/prefecth_time: 0.0024 
[2025-02-19 07:22:35,039 INFO] 114432 iteration USE_EMA: False, train/sup_loss: 0.0000, train/unsup_loss: 0.0117, train/total_loss: 0.0117, train/util_ratio: 0.6250, train/run_time: 0.1719, lr: 0.0004, train/prefecth_time: 0.0025 
[2025-02-19 07:23:24,069 INFO] validating...
/home/zakerian/miniconda3/envs/usb/lib/python3.8/site-packages/sklearn/metrics/_classification.py:1471: UndefinedMetricWarning: Precision is ill-defined and being set to 0.0 in labels with no predicted samples. Use `zero_division` parameter to control this behavior.
  _warn_prf(average, modifier, msg_start, len(result))
[2025-02-19 07:23:50,754 INFO] confusion matrix:
[[0.94 0.   0.   ... 0.   0.   0.  ]
 [0.   0.97 0.   ... 0.   0.   0.  ]
 [0.   0.   0.56 ... 0.   0.   0.  ]
 ...
 [0.   0.   0.   ... 0.96 0.   0.  ]
 [0.   0.   0.01 ... 0.   0.   0.  ]
 [0.   0.   0.   ... 0.   0.   0.82]]
[2025-02-19 07:23:52,384 INFO] model saved: ./saved_models/usb_cv/fixmatch_cifar100_400_0/latest_model.pth
[2025-02-19 07:23:52,386 INFO] 114688 iteration, USE_EMA: False, train/sup_loss: 0.0000, train/unsup_loss: 0.2182, train/total_loss: 0.2182, train/util_ratio: 1.0000, train/run_time: 0.1732, eval/loss: 1.8624, eval/top-1-acc: 0.7879, eval/top-5-acc: 0.9373, eval/balanced_acc: 0.7879, eval/precision: 0.8016, eval/recall: 0.7879, eval/F1: 0.7744, lr: 0.0004, train/prefecth_time: 0.0024 BEST_EVAL_ACC: 0.7932, at 110592 iters
[2025-02-19 07:24:41,855 INFO] 114944 iteration USE_EMA: False, train/sup_loss: 0.0001, train/unsup_loss: 0.3486, train/total_loss: 0.3487, train/util_ratio: 0.8750, train/run_time: 0.1737, lr: 0.0004, train/prefecth_time: 0.0030 
[2025-02-19 07:25:30,849 INFO] 115200 iteration USE_EMA: False, train/sup_loss: 0.0000, train/unsup_loss: 1.2156, train/total_loss: 1.2156, train/util_ratio: 0.7500, train/run_time: 0.1735, lr: 0.0004, train/prefecth_time: 0.0026 
[2025-02-19 07:26:19,815 INFO] 115456 iteration USE_EMA: False, train/sup_loss: 0.0016, train/unsup_loss: 0.0557, train/total_loss: 0.0573, train/util_ratio: 0.6250, train/run_time: 0.1732, lr: 0.0004, train/prefecth_time: 0.0024 
[2025-02-19 07:27:08,823 INFO] 115712 iteration USE_EMA: False, train/sup_loss: 0.0000, train/unsup_loss: 0.0002, train/total_loss: 0.0002, train/util_ratio: 0.6250, train/run_time: 0.1724, lr: 0.0004, train/prefecth_time: 0.0024 
[2025-02-19 07:27:58,234 INFO] 115968 iteration USE_EMA: False, train/sup_loss: 0.0000, train/unsup_loss: 0.2932, train/total_loss: 0.2932, train/util_ratio: 0.7500, train/run_time: 0.1731, lr: 0.0004, train/prefecth_time: 0.0024 
[2025-02-19 07:28:47,195 INFO] 116224 iteration USE_EMA: False, train/sup_loss: 0.0003, train/unsup_loss: 0.0012, train/total_loss: 0.0014, train/util_ratio: 0.3750, train/run_time: 0.1716, lr: 0.0004, train/prefecth_time: 0.0026 
[2025-02-19 07:29:36,152 INFO] 116480 iteration USE_EMA: False, train/sup_loss: 0.0013, train/unsup_loss: 0.0020, train/total_loss: 0.0034, train/util_ratio: 0.5000, train/run_time: 0.1720, lr: 0.0004, train/prefecth_time: 0.0026 
[2025-02-19 07:30:25,179 INFO] validating...
/home/zakerian/miniconda3/envs/usb/lib/python3.8/site-packages/sklearn/metrics/_classification.py:1471: UndefinedMetricWarning: Precision is ill-defined and being set to 0.0 in labels with no predicted samples. Use `zero_division` parameter to control this behavior.
  _warn_prf(average, modifier, msg_start, len(result))
[2025-02-19 07:30:51,915 INFO] confusion matrix:
[[1.   0.   0.   ... 0.   0.   0.  ]
 [0.   0.97 0.   ... 0.   0.   0.  ]
 [0.   0.   0.58 ... 0.   0.   0.  ]
 ...
 [0.   0.   0.   ... 0.96 0.   0.  ]
 [0.   0.   0.01 ... 0.   0.   0.  ]
 [0.   0.   0.   ... 0.   0.   0.85]]
[2025-02-19 07:30:53,544 INFO] model saved: ./saved_models/usb_cv/fixmatch_cifar100_400_0/latest_model.pth
[2025-02-19 07:30:53,544 INFO] 116736 iteration, USE_EMA: False, train/sup_loss: 0.0000, train/unsup_loss: 0.3439, train/total_loss: 0.3439, train/util_ratio: 0.8750, train/run_time: 0.1726, eval/loss: 1.8267, eval/top-1-acc: 0.7901, eval/top-5-acc: 0.9397, eval/balanced_acc: 0.7901, eval/precision: 0.8016, eval/recall: 0.7901, eval/F1: 0.7766, lr: 0.0004, train/prefecth_time: 0.0024 BEST_EVAL_ACC: 0.7932, at 110592 iters
[2025-02-19 07:31:42,919 INFO] 116992 iteration USE_EMA: False, train/sup_loss: 0.0000, train/unsup_loss: 0.0649, train/total_loss: 0.0649, train/util_ratio: 0.7500, train/run_time: 0.1722, lr: 0.0004, train/prefecth_time: 0.0026 
[2025-02-19 07:32:31,879 INFO] 117248 iteration USE_EMA: False, train/sup_loss: 0.0002, train/unsup_loss: 0.1411, train/total_loss: 0.1413, train/util_ratio: 1.0000, train/run_time: 0.1726, lr: 0.0004, train/prefecth_time: 0.0028 
[2025-02-19 07:33:20,935 INFO] 117504 iteration USE_EMA: False, train/sup_loss: 0.0005, train/unsup_loss: 0.0175, train/total_loss: 0.0180, train/util_ratio: 0.8750, train/run_time: 0.1726, lr: 0.0004, train/prefecth_time: 0.0025 
[2025-02-19 07:34:09,899 INFO] 117760 iteration USE_EMA: False, train/sup_loss: 0.0814, train/unsup_loss: 0.7613, train/total_loss: 0.8427, train/util_ratio: 0.8750, train/run_time: 0.1728, lr: 0.0004, train/prefecth_time: 0.0022 
[2025-02-19 07:34:59,292 INFO] 118016 iteration USE_EMA: False, train/sup_loss: 0.0006, train/unsup_loss: 1.0899, train/total_loss: 1.0905, train/util_ratio: 0.8750, train/run_time: 0.1733, lr: 0.0004, train/prefecth_time: 0.0025 
[2025-02-19 07:35:48,315 INFO] 118272 iteration USE_EMA: False, train/sup_loss: 0.0000, train/unsup_loss: 0.1823, train/total_loss: 0.1823, train/util_ratio: 0.8750, train/run_time: 0.1725, lr: 0.0004, train/prefecth_time: 0.0024 
[2025-02-19 07:36:37,300 INFO] 118528 iteration USE_EMA: False, train/sup_loss: 0.0000, train/unsup_loss: 0.5492, train/total_loss: 0.5492, train/util_ratio: 1.0000, train/run_time: 0.1735, lr: 0.0004, train/prefecth_time: 0.0025 
[2025-02-19 07:37:26,238 INFO] validating...
/home/zakerian/miniconda3/envs/usb/lib/python3.8/site-packages/sklearn/metrics/_classification.py:1471: UndefinedMetricWarning: Precision is ill-defined and being set to 0.0 in labels with no predicted samples. Use `zero_division` parameter to control this behavior.
  _warn_prf(average, modifier, msg_start, len(result))
[2025-02-19 07:37:52,932 INFO] confusion matrix:
[[0.99 0.   0.   ... 0.   0.   0.  ]
 [0.   0.97 0.   ... 0.   0.   0.  ]
 [0.   0.   0.67 ... 0.   0.   0.  ]
 ...
 [0.   0.   0.   ... 0.96 0.   0.  ]
 [0.   0.   0.03 ... 0.   0.   0.  ]
 [0.   0.   0.   ... 0.   0.   0.78]]
[2025-02-19 07:37:54,571 INFO] model saved: ./saved_models/usb_cv/fixmatch_cifar100_400_0/latest_model.pth
[2025-02-19 07:37:54,572 INFO] 118784 iteration, USE_EMA: False, train/sup_loss: 0.0000, train/unsup_loss: 0.1689, train/total_loss: 0.1689, train/util_ratio: 0.7500, train/run_time: 0.1719, eval/loss: 1.8312, eval/top-1-acc: 0.7914, eval/top-5-acc: 0.9390, eval/balanced_acc: 0.7914, eval/precision: 0.8138, eval/recall: 0.7914, eval/F1: 0.7774, lr: 0.0004, train/prefecth_time: 0.0021 BEST_EVAL_ACC: 0.7932, at 110592 iters
[2025-02-19 07:38:44,021 INFO] 119040 iteration USE_EMA: False, train/sup_loss: 0.0007, train/unsup_loss: 0.0024, train/total_loss: 0.0030, train/util_ratio: 0.7500, train/run_time: 0.1720, lr: 0.0004, train/prefecth_time: 0.0028 
[2025-02-19 07:39:33,002 INFO] 119296 iteration USE_EMA: False, train/sup_loss: 0.0000, train/unsup_loss: 0.9042, train/total_loss: 0.9042, train/util_ratio: 1.0000, train/run_time: 0.1721, lr: 0.0004, train/prefecth_time: 0.0024 
[2025-02-19 07:40:22,084 INFO] 119552 iteration USE_EMA: False, train/sup_loss: 0.0002, train/unsup_loss: 0.5634, train/total_loss: 0.5636, train/util_ratio: 0.8750, train/run_time: 0.1733, lr: 0.0004, train/prefecth_time: 0.0024 
[2025-02-19 07:41:11,054 INFO] 119808 iteration USE_EMA: False, train/sup_loss: 0.4957, train/unsup_loss: 0.0327, train/total_loss: 0.5284, train/util_ratio: 0.7500, train/run_time: 0.1722, lr: 0.0004, train/prefecth_time: 0.0022 
[2025-02-19 07:42:00,423 INFO] 120064 iteration USE_EMA: False, train/sup_loss: 0.0003, train/unsup_loss: 0.0016, train/total_loss: 0.0019, train/util_ratio: 0.8750, train/run_time: 0.1718, lr: 0.0004, train/prefecth_time: 0.0025 
[2025-02-19 07:42:49,455 INFO] 120320 iteration USE_EMA: False, train/sup_loss: 0.0000, train/unsup_loss: 0.1927, train/total_loss: 0.1927, train/util_ratio: 0.8750, train/run_time: 0.1722, lr: 0.0004, train/prefecth_time: 0.0024 
[2025-02-19 07:43:38,414 INFO] 120576 iteration USE_EMA: False, train/sup_loss: 0.0000, train/unsup_loss: 0.0009, train/total_loss: 0.0009, train/util_ratio: 0.6250, train/run_time: 0.1718, lr: 0.0004, train/prefecth_time: 0.0026 
[2025-02-19 07:44:27,343 INFO] validating...
/home/zakerian/miniconda3/envs/usb/lib/python3.8/site-packages/sklearn/metrics/_classification.py:1471: UndefinedMetricWarning: Precision is ill-defined and being set to 0.0 in labels with no predicted samples. Use `zero_division` parameter to control this behavior.
  _warn_prf(average, modifier, msg_start, len(result))
[2025-02-19 07:44:54,170 INFO] confusion matrix:
[[0.97 0.   0.   ... 0.   0.   0.  ]
 [0.   0.97 0.   ... 0.   0.   0.  ]
 [0.   0.   0.54 ... 0.   0.   0.  ]
 ...
 [0.   0.   0.   ... 0.96 0.   0.  ]
 [0.   0.   0.01 ... 0.   0.   0.  ]
 [0.   0.   0.   ... 0.   0.   0.7 ]]
[2025-02-19 07:44:55,802 INFO] model saved: ./saved_models/usb_cv/fixmatch_cifar100_400_0/latest_model.pth
[2025-02-19 07:44:55,803 INFO] 120832 iteration, USE_EMA: False, train/sup_loss: 0.0000, train/unsup_loss: 0.0456, train/total_loss: 0.0456, train/util_ratio: 0.8750, train/run_time: 0.1732, eval/loss: 1.8260, eval/top-1-acc: 0.7882, eval/top-5-acc: 0.9393, eval/balanced_acc: 0.7882, eval/precision: 0.7984, eval/recall: 0.7882, eval/F1: 0.7737, lr: 0.0003, train/prefecth_time: 0.0021 BEST_EVAL_ACC: 0.7932, at 110592 iters
[2025-02-19 07:45:45,257 INFO] 121088 iteration USE_EMA: False, train/sup_loss: 0.0062, train/unsup_loss: 0.6016, train/total_loss: 0.6078, train/util_ratio: 1.0000, train/run_time: 0.1723, lr: 0.0003, train/prefecth_time: 0.0026 
[2025-02-19 07:46:34,421 INFO] 121344 iteration USE_EMA: False, train/sup_loss: 0.0001, train/unsup_loss: 0.3626, train/total_loss: 0.3626, train/util_ratio: 1.0000, train/run_time: 0.1721, lr: 0.0003, train/prefecth_time: 0.0025 
[2025-02-19 07:47:23,453 INFO] 121600 iteration USE_EMA: False, train/sup_loss: 0.0000, train/unsup_loss: 0.0113, train/total_loss: 0.0113, train/util_ratio: 0.8750, train/run_time: 0.1735, lr: 0.0003, train/prefecth_time: 0.0028 
[2025-02-19 07:48:12,475 INFO] 121856 iteration USE_EMA: False, train/sup_loss: 0.0000, train/unsup_loss: 1.0501, train/total_loss: 1.0501, train/util_ratio: 0.7500, train/run_time: 0.1732, lr: 0.0003, train/prefecth_time: 0.0021 
[2025-02-19 07:49:01,867 INFO] 122112 iteration USE_EMA: False, train/sup_loss: 0.0004, train/unsup_loss: 0.1168, train/total_loss: 0.1172, train/util_ratio: 0.8750, train/run_time: 0.1728, lr: 0.0003, train/prefecth_time: 0.0028 
[2025-02-19 07:49:50,900 INFO] 122368 iteration USE_EMA: False, train/sup_loss: 0.0000, train/unsup_loss: 0.3738, train/total_loss: 0.3738, train/util_ratio: 1.0000, train/run_time: 0.1733, lr: 0.0003, train/prefecth_time: 0.0025 
[2025-02-19 07:50:39,921 INFO] 122624 iteration USE_EMA: False, train/sup_loss: 0.0019, train/unsup_loss: 0.5075, train/total_loss: 0.5094, train/util_ratio: 0.8750, train/run_time: 0.1727, lr: 0.0003, train/prefecth_time: 0.0024 
[2025-02-19 07:51:28,901 INFO] validating...
[2025-02-19 07:51:55,788 INFO] confusion matrix:
[[0.95 0.   0.   ... 0.   0.   0.  ]
 [0.   0.97 0.   ... 0.   0.   0.  ]
 [0.   0.   0.51 ... 0.   0.   0.  ]
 ...
 [0.   0.   0.   ... 0.93 0.   0.  ]
 [0.   0.   0.01 ... 0.   0.   0.  ]
 [0.   0.   0.   ... 0.   0.   0.82]]
[2025-02-19 07:51:57,420 INFO] model saved: ./saved_models/usb_cv/fixmatch_cifar100_400_0/latest_model.pth
[2025-02-19 07:51:57,422 INFO] 122880 iteration, USE_EMA: False, train/sup_loss: 0.0002, train/unsup_loss: 0.0017, train/total_loss: 0.0019, train/util_ratio: 0.8750, train/run_time: 0.1720, eval/loss: 1.8401, eval/top-1-acc: 0.7899, eval/top-5-acc: 0.9399, eval/balanced_acc: 0.7899, eval/precision: 0.8071, eval/recall: 0.7899, eval/F1: 0.7768, lr: 0.0003, train/prefecth_time: 0.0022 BEST_EVAL_ACC: 0.7932, at 110592 iters
[2025-02-19 07:52:46,917 INFO] 123136 iteration USE_EMA: False, train/sup_loss: 0.0021, train/unsup_loss: 0.0031, train/total_loss: 0.0052, train/util_ratio: 0.8750, train/run_time: 0.1723, lr: 0.0003, train/prefecth_time: 0.0025 
[2025-02-19 07:53:36,034 INFO] 123392 iteration USE_EMA: False, train/sup_loss: 0.0000, train/unsup_loss: 1.0729, train/total_loss: 1.0730, train/util_ratio: 1.0000, train/run_time: 0.1730, lr: 0.0003, train/prefecth_time: 0.0027 
[2025-02-19 07:54:25,075 INFO] 123648 iteration USE_EMA: False, train/sup_loss: 0.0000, train/unsup_loss: 0.0306, train/total_loss: 0.0306, train/util_ratio: 0.6250, train/run_time: 0.1720, lr: 0.0003, train/prefecth_time: 0.0026 
[2025-02-19 07:55:14,093 INFO] 123904 iteration USE_EMA: False, train/sup_loss: 0.0000, train/unsup_loss: 0.5611, train/total_loss: 0.5611, train/util_ratio: 1.0000, train/run_time: 0.1725, lr: 0.0003, train/prefecth_time: 0.0022 
[2025-02-19 07:56:03,474 INFO] 124160 iteration USE_EMA: False, train/sup_loss: 0.0038, train/unsup_loss: 0.0700, train/total_loss: 0.0739, train/util_ratio: 0.8750, train/run_time: 0.1724, lr: 0.0003, train/prefecth_time: 0.0025 
[2025-02-19 07:56:52,494 INFO] 124416 iteration USE_EMA: False, train/sup_loss: 0.0000, train/unsup_loss: 0.7395, train/total_loss: 0.7395, train/util_ratio: 0.3750, train/run_time: 0.1724, lr: 0.0003, train/prefecth_time: 0.0026 
[2025-02-19 07:57:41,510 INFO] 124672 iteration USE_EMA: False, train/sup_loss: 0.0000, train/unsup_loss: 0.2495, train/total_loss: 0.2495, train/util_ratio: 0.5000, train/run_time: 0.1721, lr: 0.0003, train/prefecth_time: 0.0024 
[2025-02-19 07:58:30,536 INFO] validating...
[2025-02-19 07:58:57,289 INFO] confusion matrix:
[[0.97 0.   0.   ... 0.   0.   0.  ]
 [0.   0.97 0.   ... 0.   0.   0.  ]
 [0.   0.   0.54 ... 0.   0.01 0.  ]
 ...
 [0.   0.   0.   ... 0.96 0.   0.  ]
 [0.   0.   0.01 ... 0.   0.   0.  ]
 [0.   0.   0.   ... 0.   0.   0.78]]
[2025-02-19 07:58:58,927 INFO] model saved: ./saved_models/usb_cv/fixmatch_cifar100_400_0/latest_model.pth
[2025-02-19 07:58:58,929 INFO] 124928 iteration, USE_EMA: False, train/sup_loss: 0.0000, train/unsup_loss: 0.0009, train/total_loss: 0.0009, train/util_ratio: 0.8750, train/run_time: 0.1715, eval/loss: 1.7357, eval/top-1-acc: 0.7904, eval/top-5-acc: 0.9365, eval/balanced_acc: 0.7904, eval/precision: 0.8030, eval/recall: 0.7904, eval/F1: 0.7758, lr: 0.0003, train/prefecth_time: 0.0021 BEST_EVAL_ACC: 0.7932, at 110592 iters
[2025-02-19 07:59:48,430 INFO] 125184 iteration USE_EMA: False, train/sup_loss: 0.0004, train/unsup_loss: 0.5860, train/total_loss: 0.5863, train/util_ratio: 1.0000, train/run_time: 0.1727, lr: 0.0003, train/prefecth_time: 0.0025 
[2025-02-19 08:00:37,498 INFO] 125440 iteration USE_EMA: False, train/sup_loss: 0.0004, train/unsup_loss: 0.0000, train/total_loss: 0.0004, train/util_ratio: 0.8750, train/run_time: 0.1725, lr: 0.0003, train/prefecth_time: 0.0028 
[2025-02-19 08:01:26,536 INFO] 125696 iteration USE_EMA: False, train/sup_loss: 0.0000, train/unsup_loss: 0.0782, train/total_loss: 0.0782, train/util_ratio: 0.5000, train/run_time: 0.1731, lr: 0.0003, train/prefecth_time: 0.0025 
[2025-02-19 08:02:15,581 INFO] 125952 iteration USE_EMA: False, train/sup_loss: 0.0007, train/unsup_loss: 0.2082, train/total_loss: 0.2089, train/util_ratio: 0.8750, train/run_time: 0.1728, lr: 0.0003, train/prefecth_time: 0.0022 
[2025-02-19 08:03:04,957 INFO] 126208 iteration USE_EMA: False, train/sup_loss: 0.0114, train/unsup_loss: 0.4854, train/total_loss: 0.4968, train/util_ratio: 0.5000, train/run_time: 0.1736, lr: 0.0003, train/prefecth_time: 0.0024 
[2025-02-19 08:03:53,956 INFO] 126464 iteration USE_EMA: False, train/sup_loss: 0.0000, train/unsup_loss: 0.1321, train/total_loss: 0.1321, train/util_ratio: 1.0000, train/run_time: 0.1727, lr: 0.0003, train/prefecth_time: 0.0025 
[2025-02-19 08:04:42,968 INFO] 126720 iteration USE_EMA: False, train/sup_loss: 0.0001, train/unsup_loss: 0.0181, train/total_loss: 0.0181, train/util_ratio: 1.0000, train/run_time: 0.1724, lr: 0.0003, train/prefecth_time: 0.0025 
[2025-02-19 08:05:31,983 INFO] validating...
/home/zakerian/miniconda3/envs/usb/lib/python3.8/site-packages/sklearn/metrics/_classification.py:1471: UndefinedMetricWarning: Precision is ill-defined and being set to 0.0 in labels with no predicted samples. Use `zero_division` parameter to control this behavior.
  _warn_prf(average, modifier, msg_start, len(result))
[2025-02-19 08:05:58,688 INFO] confusion matrix:
[[0.94 0.   0.   ... 0.   0.   0.  ]
 [0.   0.97 0.   ... 0.   0.   0.  ]
 [0.   0.   0.57 ... 0.   0.   0.  ]
 ...
 [0.   0.   0.   ... 0.96 0.   0.  ]
 [0.   0.   0.01 ... 0.   0.   0.  ]
 [0.   0.   0.   ... 0.   0.   0.76]]
[2025-02-19 08:06:00,329 INFO] model saved: ./saved_models/usb_cv/fixmatch_cifar100_400_0/latest_model.pth
[2025-02-19 08:06:00,331 INFO] 126976 iteration, USE_EMA: False, train/sup_loss: 0.0000, train/unsup_loss: 0.9445, train/total_loss: 0.9446, train/util_ratio: 0.8750, train/run_time: 0.1725, eval/loss: 1.7212, eval/top-1-acc: 0.7923, eval/top-5-acc: 0.9398, eval/balanced_acc: 0.7923, eval/precision: 0.7994, eval/recall: 0.7923, eval/F1: 0.7779, lr: 0.0003, train/prefecth_time: 0.0022 BEST_EVAL_ACC: 0.7932, at 110592 iters
[2025-02-19 08:06:49,856 INFO] 127232 iteration USE_EMA: False, train/sup_loss: 0.0000, train/unsup_loss: 0.0082, train/total_loss: 0.0082, train/util_ratio: 0.6250, train/run_time: 0.1735, lr: 0.0003, train/prefecth_time: 0.0025 
[2025-02-19 08:07:38,952 INFO] 127488 iteration USE_EMA: False, train/sup_loss: 0.0000, train/unsup_loss: 0.0101, train/total_loss: 0.0101, train/util_ratio: 0.8750, train/run_time: 0.1726, lr: 0.0003, train/prefecth_time: 0.0025 
[2025-02-19 08:08:27,956 INFO] 127744 iteration USE_EMA: False, train/sup_loss: 0.0010, train/unsup_loss: 0.0411, train/total_loss: 0.0421, train/util_ratio: 0.7500, train/run_time: 0.1727, lr: 0.0003, train/prefecth_time: 0.0026 
[2025-02-19 08:09:17,009 INFO] 128000 iteration USE_EMA: False, train/sup_loss: 0.0007, train/unsup_loss: 0.1924, train/total_loss: 0.1931, train/util_ratio: 0.8750, train/run_time: 0.1726, lr: 0.0003, train/prefecth_time: 0.0022 
[2025-02-19 08:10:06,378 INFO] 128256 iteration USE_EMA: False, train/sup_loss: 0.0006, train/unsup_loss: 0.0912, train/total_loss: 0.0918, train/util_ratio: 0.8750, train/run_time: 0.1729, lr: 0.0003, train/prefecth_time: 0.0026 
[2025-02-19 08:10:55,341 INFO] 128512 iteration USE_EMA: False, train/sup_loss: 0.0002, train/unsup_loss: 0.0841, train/total_loss: 0.0843, train/util_ratio: 0.7500, train/run_time: 0.1725, lr: 0.0003, train/prefecth_time: 0.0027 
[2025-02-19 08:11:44,328 INFO] 128768 iteration USE_EMA: False, train/sup_loss: 0.0000, train/unsup_loss: 0.0245, train/total_loss: 0.0245, train/util_ratio: 0.8750, train/run_time: 0.1731, lr: 0.0003, train/prefecth_time: 0.0026 
[2025-02-19 08:12:33,348 INFO] validating...
[2025-02-19 08:12:59,964 INFO] confusion matrix:
[[0.99 0.   0.   ... 0.   0.   0.  ]
 [0.   0.97 0.   ... 0.   0.   0.  ]
 [0.   0.   0.53 ... 0.   0.01 0.  ]
 ...
 [0.   0.   0.   ... 0.97 0.   0.  ]
 [0.   0.   0.02 ... 0.   0.   0.  ]
 [0.   0.   0.   ... 0.   0.   0.76]]
[2025-02-19 08:13:01,591 INFO] model saved: ./saved_models/usb_cv/fixmatch_cifar100_400_0/latest_model.pth
[2025-02-19 08:13:03,270 INFO] model saved: ./saved_models/usb_cv/fixmatch_cifar100_400_0/model_best.pth
[2025-02-19 08:13:03,270 INFO] 129024 iteration, USE_EMA: False, train/sup_loss: 0.0000, train/unsup_loss: 0.2308, train/total_loss: 0.2308, train/util_ratio: 0.8750, train/run_time: 0.1722, eval/loss: 1.7818, eval/top-1-acc: 0.7940, eval/top-5-acc: 0.9395, eval/balanced_acc: 0.7940, eval/precision: 0.8153, eval/recall: 0.7940, eval/F1: 0.7811, lr: 0.0003, train/prefecth_time: 0.0022 BEST_EVAL_ACC: 0.7940, at 129024 iters
[2025-02-19 08:13:52,769 INFO] 129280 iteration USE_EMA: False, train/sup_loss: 0.0008, train/unsup_loss: 0.0017, train/total_loss: 0.0026, train/util_ratio: 0.8750, train/run_time: 0.1723, lr: 0.0003, train/prefecth_time: 0.0024 
[2025-02-19 08:14:41,789 INFO] 129536 iteration USE_EMA: False, train/sup_loss: 0.0001, train/unsup_loss: 0.0070, train/total_loss: 0.0070, train/util_ratio: 0.7500, train/run_time: 0.1730, lr: 0.0003, train/prefecth_time: 0.0025 
[2025-02-19 08:15:30,748 INFO] 129792 iteration USE_EMA: False, train/sup_loss: 0.0000, train/unsup_loss: 0.2484, train/total_loss: 0.2484, train/util_ratio: 0.7500, train/run_time: 0.1732, lr: 0.0003, train/prefecth_time: 0.0026 
[2025-02-19 08:16:19,729 INFO] 130048 iteration USE_EMA: False, train/sup_loss: 0.0001, train/unsup_loss: 0.0188, train/total_loss: 0.0189, train/util_ratio: 0.8750, train/run_time: 0.1730, lr: 0.0003, train/prefecth_time: 0.0024 
[2025-02-19 08:17:09,117 INFO] 130304 iteration USE_EMA: False, train/sup_loss: 0.3504, train/unsup_loss: 0.2130, train/total_loss: 0.5634, train/util_ratio: 0.8750, train/run_time: 0.1728, lr: 0.0003, train/prefecth_time: 0.0026 
[2025-02-19 08:17:58,132 INFO] 130560 iteration USE_EMA: False, train/sup_loss: 0.0000, train/unsup_loss: 0.0088, train/total_loss: 0.0088, train/util_ratio: 0.7500, train/run_time: 0.1731, lr: 0.0003, train/prefecth_time: 0.0025 
[2025-02-19 08:18:47,150 INFO] 130816 iteration USE_EMA: False, train/sup_loss: 0.0000, train/unsup_loss: 0.2220, train/total_loss: 0.2221, train/util_ratio: 0.8750, train/run_time: 0.1727, lr: 0.0003, train/prefecth_time: 0.0024 
[2025-02-19 08:19:36,168 INFO] validating...
/home/zakerian/miniconda3/envs/usb/lib/python3.8/site-packages/sklearn/metrics/_classification.py:1471: UndefinedMetricWarning: Precision is ill-defined and being set to 0.0 in labels with no predicted samples. Use `zero_division` parameter to control this behavior.
  _warn_prf(average, modifier, msg_start, len(result))
[2025-02-19 08:20:02,857 INFO] confusion matrix:
[[0.86 0.   0.   ... 0.   0.   0.  ]
 [0.   0.98 0.   ... 0.   0.   0.  ]
 [0.   0.   0.52 ... 0.   0.   0.  ]
 ...
 [0.   0.   0.   ... 0.94 0.   0.  ]
 [0.   0.   0.02 ... 0.   0.02 0.  ]
 [0.   0.   0.   ... 0.   0.   0.75]]
[2025-02-19 08:20:04,491 INFO] model saved: ./saved_models/usb_cv/fixmatch_cifar100_400_0/latest_model.pth
[2025-02-19 08:20:04,493 INFO] 131072 iteration, USE_EMA: False, train/sup_loss: 0.0001, train/unsup_loss: 1.0592, train/total_loss: 1.0593, train/util_ratio: 1.0000, train/run_time: 0.1721, eval/loss: 1.8836, eval/top-1-acc: 0.7844, eval/top-5-acc: 0.9345, eval/balanced_acc: 0.7844, eval/precision: 0.8061, eval/recall: 0.7844, eval/F1: 0.7700, lr: 0.0003, train/prefecth_time: 0.0021 BEST_EVAL_ACC: 0.7940, at 129024 iters
[2025-02-19 08:20:53,935 INFO] 131328 iteration USE_EMA: False, train/sup_loss: 0.0012, train/unsup_loss: 0.2215, train/total_loss: 0.2226, train/util_ratio: 1.0000, train/run_time: 0.1723, lr: 0.0003, train/prefecth_time: 0.0025 
[2025-02-19 08:21:42,961 INFO] 131584 iteration USE_EMA: False, train/sup_loss: 0.0000, train/unsup_loss: 0.0737, train/total_loss: 0.0737, train/util_ratio: 0.8750, train/run_time: 0.1726, lr: 0.0003, train/prefecth_time: 0.0025 
[2025-02-19 08:22:31,926 INFO] 131840 iteration USE_EMA: False, train/sup_loss: 0.0001, train/unsup_loss: 0.0859, train/total_loss: 0.0860, train/util_ratio: 0.8750, train/run_time: 0.1730, lr: 0.0003, train/prefecth_time: 0.0025 
[2025-02-19 08:23:20,885 INFO] 132096 iteration USE_EMA: False, train/sup_loss: 0.0015, train/unsup_loss: 0.0363, train/total_loss: 0.0378, train/util_ratio: 0.7500, train/run_time: 0.1718, lr: 0.0003, train/prefecth_time: 0.0025 
[2025-02-19 08:24:10,311 INFO] 132352 iteration USE_EMA: False, train/sup_loss: 0.0000, train/unsup_loss: 0.0358, train/total_loss: 0.0359, train/util_ratio: 0.8750, train/run_time: 0.1722, lr: 0.0003, train/prefecth_time: 0.0025 
[2025-02-19 08:24:59,371 INFO] 132608 iteration USE_EMA: False, train/sup_loss: 0.0032, train/unsup_loss: 0.3728, train/total_loss: 0.3760, train/util_ratio: 0.6250, train/run_time: 0.1726, lr: 0.0003, train/prefecth_time: 0.0027 
[2025-02-19 08:25:48,422 INFO] 132864 iteration USE_EMA: False, train/sup_loss: 0.0000, train/unsup_loss: 0.0011, train/total_loss: 0.0011, train/util_ratio: 0.5000, train/run_time: 0.1725, lr: 0.0003, train/prefecth_time: 0.0025 
[2025-02-19 08:26:37,483 INFO] validating...
/home/zakerian/miniconda3/envs/usb/lib/python3.8/site-packages/sklearn/metrics/_classification.py:1471: UndefinedMetricWarning: Precision is ill-defined and being set to 0.0 in labels with no predicted samples. Use `zero_division` parameter to control this behavior.
  _warn_prf(average, modifier, msg_start, len(result))
[2025-02-19 08:27:04,179 INFO] confusion matrix:
[[0.93 0.   0.   ... 0.   0.   0.  ]
 [0.   0.97 0.   ... 0.   0.   0.  ]
 [0.   0.   0.57 ... 0.   0.06 0.  ]
 ...
 [0.   0.   0.   ... 0.95 0.   0.  ]
 [0.   0.   0.02 ... 0.   0.22 0.  ]
 [0.   0.   0.   ... 0.   0.   0.72]]
[2025-02-19 08:27:05,951 INFO] model saved: ./saved_models/usb_cv/fixmatch_cifar100_400_0/latest_model.pth
[2025-02-19 08:27:05,953 INFO] 133120 iteration, USE_EMA: False, train/sup_loss: 0.0011, train/unsup_loss: 0.9214, train/total_loss: 0.9225, train/util_ratio: 0.7500, train/run_time: 0.1726, eval/loss: 1.8718, eval/top-1-acc: 0.7901, eval/top-5-acc: 0.9368, eval/balanced_acc: 0.7901, eval/precision: 0.8017, eval/recall: 0.7901, eval/F1: 0.7758, lr: 0.0003, train/prefecth_time: 0.0022 BEST_EVAL_ACC: 0.7940, at 129024 iters
[2025-02-19 08:27:55,466 INFO] 133376 iteration USE_EMA: False, train/sup_loss: 0.0068, train/unsup_loss: 0.0403, train/total_loss: 0.0471, train/util_ratio: 1.0000, train/run_time: 0.1727, lr: 0.0003, train/prefecth_time: 0.0025 
[2025-02-19 08:28:44,480 INFO] 133632 iteration USE_EMA: False, train/sup_loss: 0.0001, train/unsup_loss: 0.0016, train/total_loss: 0.0018, train/util_ratio: 1.0000, train/run_time: 0.1727, lr: 0.0003, train/prefecth_time: 0.0026 
[2025-02-19 08:29:33,525 INFO] 133888 iteration USE_EMA: False, train/sup_loss: 0.0000, train/unsup_loss: 0.8449, train/total_loss: 0.8449, train/util_ratio: 0.6250, train/run_time: 0.1719, lr: 0.0003, train/prefecth_time: 0.0025 
[2025-02-19 08:30:22,518 INFO] 134144 iteration USE_EMA: False, train/sup_loss: 0.0004, train/unsup_loss: 0.0480, train/total_loss: 0.0483, train/util_ratio: 0.7500, train/run_time: 0.1724, lr: 0.0003, train/prefecth_time: 0.0023 
[2025-02-19 08:31:11,895 INFO] 134400 iteration USE_EMA: False, train/sup_loss: 0.0001, train/unsup_loss: 0.0037, train/total_loss: 0.0038, train/util_ratio: 0.8750, train/run_time: 0.1726, lr: 0.0003, train/prefecth_time: 0.0025 
[2025-02-19 08:32:00,930 INFO] 134656 iteration USE_EMA: False, train/sup_loss: 0.0000, train/unsup_loss: 0.0796, train/total_loss: 0.0796, train/util_ratio: 1.0000, train/run_time: 0.1724, lr: 0.0003, train/prefecth_time: 0.0025 
[2025-02-19 08:32:49,937 INFO] 134912 iteration USE_EMA: False, train/sup_loss: 0.0000, train/unsup_loss: 0.0834, train/total_loss: 0.0834, train/util_ratio: 0.8750, train/run_time: 0.1718, lr: 0.0003, train/prefecth_time: 0.0025 
[2025-02-19 08:33:38,863 INFO] validating...
/home/zakerian/miniconda3/envs/usb/lib/python3.8/site-packages/sklearn/metrics/_classification.py:1471: UndefinedMetricWarning: Precision is ill-defined and being set to 0.0 in labels with no predicted samples. Use `zero_division` parameter to control this behavior.
  _warn_prf(average, modifier, msg_start, len(result))
[2025-02-19 08:34:05,472 INFO] confusion matrix:
[[0.96 0.   0.   ... 0.   0.   0.  ]
 [0.   0.97 0.   ... 0.   0.   0.  ]
 [0.   0.   0.57 ... 0.   0.05 0.  ]
 ...
 [0.   0.   0.   ... 0.97 0.   0.  ]
 [0.   0.   0.02 ... 0.   0.1  0.  ]
 [0.   0.   0.   ... 0.   0.   0.74]]
[2025-02-19 08:34:07,106 INFO] model saved: ./saved_models/usb_cv/fixmatch_cifar100_400_0/latest_model.pth
[2025-02-19 08:34:07,108 INFO] 135168 iteration, USE_EMA: False, train/sup_loss: 0.0000, train/unsup_loss: 0.0409, train/total_loss: 0.0409, train/util_ratio: 0.8750, train/run_time: 0.1726, eval/loss: 1.8580, eval/top-1-acc: 0.7930, eval/top-5-acc: 0.9394, eval/balanced_acc: 0.7930, eval/precision: 0.8030, eval/recall: 0.7930, eval/F1: 0.7784, lr: 0.0003, train/prefecth_time: 0.0020 BEST_EVAL_ACC: 0.7940, at 129024 iters
[2025-02-19 08:34:56,572 INFO] 135424 iteration USE_EMA: False, train/sup_loss: 0.0000, train/unsup_loss: 0.5880, train/total_loss: 0.5880, train/util_ratio: 0.7500, train/run_time: 0.1734, lr: 0.0003, train/prefecth_time: 0.0024 
[2025-02-19 08:35:45,557 INFO] 135680 iteration USE_EMA: False, train/sup_loss: 0.0000, train/unsup_loss: 0.1495, train/total_loss: 0.1495, train/util_ratio: 1.0000, train/run_time: 0.1728, lr: 0.0003, train/prefecth_time: 0.0025 
[2025-02-19 08:36:34,452 INFO] 135936 iteration USE_EMA: False, train/sup_loss: 0.0000, train/unsup_loss: 0.0308, train/total_loss: 0.0308, train/util_ratio: 0.7500, train/run_time: 0.1725, lr: 0.0003, train/prefecth_time: 0.0026 
[2025-02-19 08:37:23,392 INFO] 136192 iteration USE_EMA: False, train/sup_loss: 0.0000, train/unsup_loss: 0.1478, train/total_loss: 0.1478, train/util_ratio: 0.7500, train/run_time: 0.1716, lr: 0.0003, train/prefecth_time: 0.0022 
[2025-02-19 08:38:12,899 INFO] 136448 iteration USE_EMA: False, train/sup_loss: 0.0010, train/unsup_loss: 0.0082, train/total_loss: 0.0092, train/util_ratio: 0.7500, train/run_time: 0.1718, lr: 0.0003, train/prefecth_time: 0.0026 
[2025-02-19 08:39:01,979 INFO] 136704 iteration USE_EMA: False, train/sup_loss: 0.0000, train/unsup_loss: 0.2422, train/total_loss: 0.2422, train/util_ratio: 0.8750, train/run_time: 0.1732, lr: 0.0003, train/prefecth_time: 0.0027 
[2025-02-19 08:39:51,008 INFO] 136960 iteration USE_EMA: False, train/sup_loss: 0.0000, train/unsup_loss: 0.1447, train/total_loss: 0.1447, train/util_ratio: 0.7500, train/run_time: 0.1732, lr: 0.0003, train/prefecth_time: 0.0024 
[2025-02-19 08:40:40,030 INFO] validating...
[2025-02-19 08:41:07,094 INFO] confusion matrix:
[[0.99 0.   0.   ... 0.   0.   0.  ]
 [0.   0.98 0.   ... 0.   0.   0.  ]
 [0.   0.   0.6  ... 0.   0.06 0.  ]
 ...
 [0.   0.   0.   ... 0.94 0.   0.  ]
 [0.   0.   0.02 ... 0.   0.22 0.  ]
 [0.   0.   0.   ... 0.   0.   0.74]]
[2025-02-19 08:41:08,696 INFO] model saved: ./saved_models/usb_cv/fixmatch_cifar100_400_0/latest_model.pth
[2025-02-19 08:41:08,697 INFO] 137216 iteration, USE_EMA: False, train/sup_loss: 0.0000, train/unsup_loss: 0.0328, train/total_loss: 0.0328, train/util_ratio: 0.7500, train/run_time: 0.1725, eval/loss: 1.8149, eval/top-1-acc: 0.7926, eval/top-5-acc: 0.9418, eval/balanced_acc: 0.7926, eval/precision: 0.8122, eval/recall: 0.7926, eval/F1: 0.7783, lr: 0.0003, train/prefecth_time: 0.0026 BEST_EVAL_ACC: 0.7940, at 129024 iters
[2025-02-19 08:41:58,286 INFO] 137472 iteration USE_EMA: False, train/sup_loss: 0.0093, train/unsup_loss: 0.6290, train/total_loss: 0.6382, train/util_ratio: 1.0000, train/run_time: 0.1726, lr: 0.0003, train/prefecth_time: 0.0025 
[2025-02-19 08:42:47,304 INFO] 137728 iteration USE_EMA: False, train/sup_loss: 0.0016, train/unsup_loss: 0.0739, train/total_loss: 0.0754, train/util_ratio: 0.8750, train/run_time: 0.1729, lr: 0.0003, train/prefecth_time: 0.0026 
[2025-02-19 08:43:36,250 INFO] 137984 iteration USE_EMA: False, train/sup_loss: 0.0000, train/unsup_loss: 0.0606, train/total_loss: 0.0607, train/util_ratio: 0.8750, train/run_time: 0.1726, lr: 0.0003, train/prefecth_time: 0.0025 
[2025-02-19 08:44:25,252 INFO] 138240 iteration USE_EMA: False, train/sup_loss: 0.0001, train/unsup_loss: 0.0638, train/total_loss: 0.0639, train/util_ratio: 1.0000, train/run_time: 0.1724, lr: 0.0003, train/prefecth_time: 0.0021 
[2025-02-19 08:45:14,686 INFO] 138496 iteration USE_EMA: False, train/sup_loss: 0.0169, train/unsup_loss: 0.0109, train/total_loss: 0.0278, train/util_ratio: 0.8750, train/run_time: 0.1730, lr: 0.0003, train/prefecth_time: 0.0030 
[2025-02-19 08:46:03,706 INFO] 138752 iteration USE_EMA: False, train/sup_loss: 0.0000, train/unsup_loss: 0.0552, train/total_loss: 0.0552, train/util_ratio: 0.8750, train/run_time: 0.1721, lr: 0.0003, train/prefecth_time: 0.0026 
[2025-02-19 08:46:52,726 INFO] 139008 iteration USE_EMA: False, train/sup_loss: 0.0000, train/unsup_loss: 0.6850, train/total_loss: 0.6850, train/util_ratio: 0.8750, train/run_time: 0.1720, lr: 0.0003, train/prefecth_time: 0.0024 
[2025-02-19 08:47:41,765 INFO] validating...
[2025-02-19 08:48:08,377 INFO] confusion matrix:
[[1.   0.   0.   ... 0.   0.   0.  ]
 [0.   0.96 0.   ... 0.   0.   0.  ]
 [0.01 0.   0.6  ... 0.   0.16 0.  ]
 ...
 [0.   0.   0.   ... 0.96 0.   0.  ]
 [0.   0.   0.01 ... 0.   0.42 0.  ]
 [0.   0.   0.   ... 0.   0.   0.81]]
[2025-02-19 08:48:09,993 INFO] model saved: ./saved_models/usb_cv/fixmatch_cifar100_400_0/latest_model.pth
[2025-02-19 08:48:11,647 INFO] model saved: ./saved_models/usb_cv/fixmatch_cifar100_400_0/model_best.pth
[2025-02-19 08:48:11,649 INFO] 139264 iteration, USE_EMA: False, train/sup_loss: 0.0079, train/unsup_loss: 0.3531, train/total_loss: 0.3609, train/util_ratio: 1.0000, train/run_time: 0.1724, eval/loss: 1.7829, eval/top-1-acc: 0.7947, eval/top-5-acc: 0.9444, eval/balanced_acc: 0.7947, eval/precision: 0.8133, eval/recall: 0.7947, eval/F1: 0.7824, lr: 0.0003, train/prefecth_time: 0.0023 BEST_EVAL_ACC: 0.7947, at 139264 iters
[2025-02-19 08:49:01,119 INFO] 139520 iteration USE_EMA: False, train/sup_loss: 0.0000, train/unsup_loss: 0.5747, train/total_loss: 0.5747, train/util_ratio: 0.8750, train/run_time: 0.1732, lr: 0.0003, train/prefecth_time: 0.0024 
[2025-02-19 08:49:50,089 INFO] 139776 iteration USE_EMA: False, train/sup_loss: 0.0000, train/unsup_loss: 0.0324, train/total_loss: 0.0324, train/util_ratio: 0.7500, train/run_time: 0.1720, lr: 0.0003, train/prefecth_time: 0.0026 
[2025-02-19 08:50:39,102 INFO] 140032 iteration USE_EMA: False, train/sup_loss: 0.0001, train/unsup_loss: 0.2884, train/total_loss: 0.2885, train/util_ratio: 1.0000, train/run_time: 0.1720, lr: 0.0003, train/prefecth_time: 0.0026 
[2025-02-19 08:51:28,095 INFO] 140288 iteration USE_EMA: False, train/sup_loss: 0.0001, train/unsup_loss: 0.4118, train/total_loss: 0.4118, train/util_ratio: 1.0000, train/run_time: 0.1726, lr: 0.0003, train/prefecth_time: 0.0021 
[2025-02-19 08:52:17,484 INFO] 140544 iteration USE_EMA: False, train/sup_loss: 0.0001, train/unsup_loss: 0.0686, train/total_loss: 0.0687, train/util_ratio: 1.0000, train/run_time: 0.1724, lr: 0.0003, train/prefecth_time: 0.0023 
[2025-02-19 08:53:06,446 INFO] 140800 iteration USE_EMA: False, train/sup_loss: 0.0000, train/unsup_loss: 0.0266, train/total_loss: 0.0266, train/util_ratio: 0.7500, train/run_time: 0.1727, lr: 0.0003, train/prefecth_time: 0.0024 
[2025-02-19 08:53:55,440 INFO] 141056 iteration USE_EMA: False, train/sup_loss: 0.0000, train/unsup_loss: 0.0265, train/total_loss: 0.0265, train/util_ratio: 0.6250, train/run_time: 0.1727, lr: 0.0003, train/prefecth_time: 0.0026 
[2025-02-19 08:54:44,448 INFO] validating...
[2025-02-19 08:55:11,223 INFO] confusion matrix:
[[0.99 0.   0.   ... 0.   0.   0.  ]
 [0.   0.98 0.   ... 0.   0.   0.  ]
 [0.   0.   0.62 ... 0.   0.18 0.  ]
 ...
 [0.   0.   0.   ... 0.95 0.   0.  ]
 [0.   0.   0.01 ... 0.   0.59 0.  ]
 [0.   0.   0.   ... 0.   0.   0.71]]
[2025-02-19 08:55:12,840 INFO] model saved: ./saved_models/usb_cv/fixmatch_cifar100_400_0/latest_model.pth
[2025-02-19 08:55:12,841 INFO] 141312 iteration, USE_EMA: False, train/sup_loss: 0.0000, train/unsup_loss: 0.0018, train/total_loss: 0.0018, train/util_ratio: 0.7500, train/run_time: 0.1725, eval/loss: 1.8153, eval/top-1-acc: 0.7930, eval/top-5-acc: 0.9409, eval/balanced_acc: 0.7930, eval/precision: 0.8136, eval/recall: 0.7930, eval/F1: 0.7797, lr: 0.0003, train/prefecth_time: 0.0023 BEST_EVAL_ACC: 0.7947, at 139264 iters
[2025-02-19 08:56:02,250 INFO] 141568 iteration USE_EMA: False, train/sup_loss: 0.0001, train/unsup_loss: 0.3306, train/total_loss: 0.3307, train/util_ratio: 0.8750, train/run_time: 0.1725, lr: 0.0003, train/prefecth_time: 0.0026 
[2025-02-19 08:56:51,166 INFO] 141824 iteration USE_EMA: False, train/sup_loss: 0.0000, train/unsup_loss: 0.2968, train/total_loss: 0.2969, train/util_ratio: 0.8750, train/run_time: 0.1722, lr: 0.0003, train/prefecth_time: 0.0024 
[2025-02-19 08:57:40,109 INFO] 142080 iteration USE_EMA: False, train/sup_loss: 0.0000, train/unsup_loss: 0.1262, train/total_loss: 0.1262, train/util_ratio: 1.0000, train/run_time: 0.1734, lr: 0.0003, train/prefecth_time: 0.0025 
[2025-02-19 08:58:29,091 INFO] 142336 iteration USE_EMA: False, train/sup_loss: 0.0081, train/unsup_loss: 0.3330, train/total_loss: 0.3411, train/util_ratio: 0.8750, train/run_time: 0.1724, lr: 0.0003, train/prefecth_time: 0.0023 
[2025-02-19 08:59:18,525 INFO] 142592 iteration USE_EMA: False, train/sup_loss: 0.0000, train/unsup_loss: 0.2223, train/total_loss: 0.2223, train/util_ratio: 0.7500, train/run_time: 0.1722, lr: 0.0003, train/prefecth_time: 0.0023 
[2025-02-19 09:00:07,452 INFO] 142848 iteration USE_EMA: False, train/sup_loss: 0.0000, train/unsup_loss: 0.0030, train/total_loss: 0.0030, train/util_ratio: 0.7500, train/run_time: 0.1724, lr: 0.0003, train/prefecth_time: 0.0023 
[2025-02-19 09:00:56,396 INFO] 143104 iteration USE_EMA: False, train/sup_loss: 0.0002, train/unsup_loss: 0.0386, train/total_loss: 0.0388, train/util_ratio: 1.0000, train/run_time: 0.1723, lr: 0.0003, train/prefecth_time: 0.0024 
[2025-02-19 09:01:45,320 INFO] validating...
[2025-02-19 09:02:12,139 INFO] confusion matrix:
[[1.   0.   0.   ... 0.   0.   0.  ]
 [0.   0.98 0.   ... 0.   0.   0.  ]
 [0.   0.   0.71 ... 0.   0.1  0.  ]
 ...
 [0.   0.   0.   ... 0.97 0.   0.  ]
 [0.   0.   0.02 ... 0.   0.32 0.  ]
 [0.   0.   0.   ... 0.   0.   0.77]]
[2025-02-19 09:02:13,768 INFO] model saved: ./saved_models/usb_cv/fixmatch_cifar100_400_0/latest_model.pth
[2025-02-19 09:02:15,429 INFO] model saved: ./saved_models/usb_cv/fixmatch_cifar100_400_0/model_best.pth
[2025-02-19 09:02:15,431 INFO] 143360 iteration, USE_EMA: False, train/sup_loss: 0.0000, train/unsup_loss: 0.1059, train/total_loss: 0.1059, train/util_ratio: 0.8750, train/run_time: 0.1731, eval/loss: 1.7513, eval/top-1-acc: 0.7950, eval/top-5-acc: 0.9439, eval/balanced_acc: 0.7950, eval/precision: 0.8197, eval/recall: 0.7950, eval/F1: 0.7820, lr: 0.0003, train/prefecth_time: 0.0023 BEST_EVAL_ACC: 0.7950, at 143360 iters
[2025-02-19 09:03:04,930 INFO] 143616 iteration USE_EMA: False, train/sup_loss: 0.0001, train/unsup_loss: 0.0002, train/total_loss: 0.0003, train/util_ratio: 0.7500, train/run_time: 0.1728, lr: 0.0003, train/prefecth_time: 0.0024 
[2025-02-19 09:03:53,916 INFO] 143872 iteration USE_EMA: False, train/sup_loss: 0.0036, train/unsup_loss: 0.0264, train/total_loss: 0.0300, train/util_ratio: 0.7500, train/run_time: 0.1721, lr: 0.0003, train/prefecth_time: 0.0025 
[2025-02-19 09:04:42,943 INFO] 144128 iteration USE_EMA: False, train/sup_loss: 0.0000, train/unsup_loss: 0.2227, train/total_loss: 0.2227, train/util_ratio: 1.0000, train/run_time: 0.1726, lr: 0.0003, train/prefecth_time: 0.0023 
[2025-02-19 09:05:31,924 INFO] 144384 iteration USE_EMA: False, train/sup_loss: 0.0024, train/unsup_loss: 0.1839, train/total_loss: 0.1862, train/util_ratio: 0.8750, train/run_time: 0.1733, lr: 0.0003, train/prefecth_time: 0.0022 
[2025-02-19 09:06:21,321 INFO] 144640 iteration USE_EMA: False, train/sup_loss: 0.0000, train/unsup_loss: 0.4727, train/total_loss: 0.4728, train/util_ratio: 0.8750, train/run_time: 0.1725, lr: 0.0003, train/prefecth_time: 0.0024 
[2025-02-19 09:07:10,367 INFO] 144896 iteration USE_EMA: False, train/sup_loss: 0.0000, train/unsup_loss: 0.3282, train/total_loss: 0.3282, train/util_ratio: 0.8750, train/run_time: 0.1716, lr: 0.0003, train/prefecth_time: 0.0026 
[2025-02-19 09:07:59,361 INFO] 145152 iteration USE_EMA: False, train/sup_loss: 0.0000, train/unsup_loss: 0.2742, train/total_loss: 0.2742, train/util_ratio: 0.8750, train/run_time: 0.1730, lr: 0.0003, train/prefecth_time: 0.0027 
[2025-02-19 09:08:48,346 INFO] validating...
/home/zakerian/miniconda3/envs/usb/lib/python3.8/site-packages/sklearn/metrics/_classification.py:1471: UndefinedMetricWarning: Precision is ill-defined and being set to 0.0 in labels with no predicted samples. Use `zero_division` parameter to control this behavior.
  _warn_prf(average, modifier, msg_start, len(result))
[2025-02-19 09:09:14,937 INFO] confusion matrix:
[[1.   0.   0.   ... 0.   0.   0.  ]
 [0.   0.98 0.   ... 0.   0.   0.  ]
 [0.   0.   0.68 ... 0.   0.19 0.  ]
 ...
 [0.   0.   0.   ... 0.99 0.   0.  ]
 [0.   0.   0.02 ... 0.   0.48 0.  ]
 [0.   0.   0.   ... 0.   0.   0.8 ]]
[2025-02-19 09:09:16,568 INFO] model saved: ./saved_models/usb_cv/fixmatch_cifar100_400_0/latest_model.pth
[2025-02-19 09:09:16,569 INFO] 145408 iteration, USE_EMA: False, train/sup_loss: 0.0745, train/unsup_loss: 0.0048, train/total_loss: 0.0793, train/util_ratio: 0.8750, train/run_time: 0.1726, eval/loss: 1.7846, eval/top-1-acc: 0.7939, eval/top-5-acc: 0.9418, eval/balanced_acc: 0.7939, eval/precision: 0.8037, eval/recall: 0.7939, eval/F1: 0.7805, lr: 0.0003, train/prefecth_time: 0.0024 BEST_EVAL_ACC: 0.7950, at 143360 iters
[2025-02-19 09:10:06,045 INFO] 145664 iteration USE_EMA: False, train/sup_loss: 0.0000, train/unsup_loss: 0.4091, train/total_loss: 0.4092, train/util_ratio: 1.0000, train/run_time: 0.1729, lr: 0.0003, train/prefecth_time: 0.0024 
[2025-02-19 09:10:55,011 INFO] 145920 iteration USE_EMA: False, train/sup_loss: 0.0000, train/unsup_loss: 0.8103, train/total_loss: 0.8103, train/util_ratio: 0.7500, train/run_time: 0.1733, lr: 0.0003, train/prefecth_time: 0.0026 
[2025-02-19 09:11:43,979 INFO] 146176 iteration USE_EMA: False, train/sup_loss: 0.0000, train/unsup_loss: 0.0172, train/total_loss: 0.0172, train/util_ratio: 0.7500, train/run_time: 0.1719, lr: 0.0003, train/prefecth_time: 0.0026 
[2025-02-19 09:12:32,935 INFO] 146432 iteration USE_EMA: False, train/sup_loss: 0.0000, train/unsup_loss: 0.0789, train/total_loss: 0.0789, train/util_ratio: 1.0000, train/run_time: 0.1727, lr: 0.0003, train/prefecth_time: 0.0022 
[2025-02-19 09:13:22,323 INFO] 146688 iteration USE_EMA: False, train/sup_loss: 0.0000, train/unsup_loss: 0.0053, train/total_loss: 0.0053, train/util_ratio: 0.5000, train/run_time: 0.1721, lr: 0.0003, train/prefecth_time: 0.0026 
[2025-02-19 09:14:11,375 INFO] 146944 iteration USE_EMA: False, train/sup_loss: 0.0000, train/unsup_loss: 0.0967, train/total_loss: 0.0968, train/util_ratio: 0.8750, train/run_time: 0.1729, lr: 0.0003, train/prefecth_time: 0.0026 
[2025-02-19 09:15:00,381 INFO] 147200 iteration USE_EMA: False, train/sup_loss: 0.0000, train/unsup_loss: 0.7493, train/total_loss: 0.7493, train/util_ratio: 0.8750, train/run_time: 0.1730, lr: 0.0003, train/prefecth_time: 0.0027 
[2025-02-19 09:15:49,393 INFO] validating...
/home/zakerian/miniconda3/envs/usb/lib/python3.8/site-packages/sklearn/metrics/_classification.py:1471: UndefinedMetricWarning: Precision is ill-defined and being set to 0.0 in labels with no predicted samples. Use `zero_division` parameter to control this behavior.
  _warn_prf(average, modifier, msg_start, len(result))
[2025-02-19 09:16:15,915 INFO] confusion matrix:
[[0.98 0.   0.   ... 0.   0.   0.  ]
 [0.   0.99 0.   ... 0.   0.   0.  ]
 [0.   0.   0.65 ... 0.   0.23 0.  ]
 ...
 [0.   0.   0.   ... 0.96 0.   0.  ]
 [0.   0.   0.02 ... 0.   0.53 0.  ]
 [0.   0.   0.   ... 0.   0.   0.85]]
[2025-02-19 09:16:17,560 INFO] model saved: ./saved_models/usb_cv/fixmatch_cifar100_400_0/latest_model.pth
[2025-02-19 09:16:19,239 INFO] model saved: ./saved_models/usb_cv/fixmatch_cifar100_400_0/model_best.pth
[2025-02-19 09:16:19,241 INFO] 147456 iteration, USE_EMA: False, train/sup_loss: 0.0000, train/unsup_loss: 0.2356, train/total_loss: 0.2357, train/util_ratio: 0.8750, train/run_time: 0.1717, eval/loss: 1.8806, eval/top-1-acc: 0.7956, eval/top-5-acc: 0.9412, eval/balanced_acc: 0.7956, eval/precision: 0.8071, eval/recall: 0.7956, eval/F1: 0.7824, lr: 0.0003, train/prefecth_time: 0.0023 BEST_EVAL_ACC: 0.7956, at 147456 iters
[2025-02-19 09:17:08,750 INFO] 147712 iteration USE_EMA: False, train/sup_loss: 0.0000, train/unsup_loss: 0.0044, train/total_loss: 0.0044, train/util_ratio: 0.6250, train/run_time: 0.1724, lr: 0.0003, train/prefecth_time: 0.0027 
[2025-02-19 09:17:57,686 INFO] 147968 iteration USE_EMA: False, train/sup_loss: 0.0141, train/unsup_loss: 0.0346, train/total_loss: 0.0486, train/util_ratio: 0.8750, train/run_time: 0.1727, lr: 0.0003, train/prefecth_time: 0.0024 
[2025-02-19 09:18:46,635 INFO] 148224 iteration USE_EMA: False, train/sup_loss: 0.0000, train/unsup_loss: 0.0007, train/total_loss: 0.0007, train/util_ratio: 0.7500, train/run_time: 0.1728, lr: 0.0003, train/prefecth_time: 0.0024 
[2025-02-19 09:19:35,592 INFO] 148480 iteration USE_EMA: False, train/sup_loss: 0.0000, train/unsup_loss: 0.4329, train/total_loss: 0.4329, train/util_ratio: 0.7500, train/run_time: 0.1726, lr: 0.0003, train/prefecth_time: 0.0023 
[2025-02-19 09:20:24,930 INFO] 148736 iteration USE_EMA: False, train/sup_loss: 0.0006, train/unsup_loss: 0.4683, train/total_loss: 0.4690, train/util_ratio: 0.8750, train/run_time: 0.1722, lr: 0.0003, train/prefecth_time: 0.0027 
[2025-02-19 09:21:13,905 INFO] 148992 iteration USE_EMA: False, train/sup_loss: 0.0000, train/unsup_loss: 0.4267, train/total_loss: 0.4267, train/util_ratio: 0.7500, train/run_time: 0.1733, lr: 0.0003, train/prefecth_time: 0.0026 
[2025-02-19 09:22:02,866 INFO] 149248 iteration USE_EMA: False, train/sup_loss: 0.0000, train/unsup_loss: 0.0487, train/total_loss: 0.0487, train/util_ratio: 1.0000, train/run_time: 0.1725, lr: 0.0003, train/prefecth_time: 0.0024 
[2025-02-19 09:22:51,808 INFO] validating...
/home/zakerian/miniconda3/envs/usb/lib/python3.8/site-packages/sklearn/metrics/_classification.py:1471: UndefinedMetricWarning: Precision is ill-defined and being set to 0.0 in labels with no predicted samples. Use `zero_division` parameter to control this behavior.
  _warn_prf(average, modifier, msg_start, len(result))
[2025-02-19 09:23:18,514 INFO] confusion matrix:
[[1.   0.   0.   ... 0.   0.   0.  ]
 [0.   0.96 0.   ... 0.   0.   0.  ]
 [0.   0.   0.54 ... 0.   0.31 0.  ]
 ...
 [0.   0.   0.   ... 0.94 0.   0.  ]
 [0.   0.   0.01 ... 0.   0.62 0.  ]
 [0.   0.   0.   ... 0.   0.   0.77]]
[2025-02-19 09:23:20,150 INFO] model saved: ./saved_models/usb_cv/fixmatch_cifar100_400_0/latest_model.pth
[2025-02-19 09:23:20,152 INFO] 149504 iteration, USE_EMA: False, train/sup_loss: 0.0000, train/unsup_loss: 0.0179, train/total_loss: 0.0179, train/util_ratio: 1.0000, train/run_time: 0.1721, eval/loss: 1.9538, eval/top-1-acc: 0.7896, eval/top-5-acc: 0.9387, eval/balanced_acc: 0.7896, eval/precision: 0.8132, eval/recall: 0.7896, eval/F1: 0.7749, lr: 0.0003, train/prefecth_time: 0.0022 BEST_EVAL_ACC: 0.7956, at 147456 iters
[2025-02-19 09:24:09,522 INFO] 149760 iteration USE_EMA: False, train/sup_loss: 0.0000, train/unsup_loss: 0.1849, train/total_loss: 0.1849, train/util_ratio: 0.8750, train/run_time: 0.1722, lr: 0.0003, train/prefecth_time: 0.0025 
[2025-02-19 09:24:58,426 INFO] 150016 iteration USE_EMA: False, train/sup_loss: 0.0000, train/unsup_loss: 0.0012, train/total_loss: 0.0012, train/util_ratio: 0.8750, train/run_time: 0.1723, lr: 0.0003, train/prefecth_time: 0.0025 
[2025-02-19 09:25:47,398 INFO] 150272 iteration USE_EMA: False, train/sup_loss: 0.0020, train/unsup_loss: 0.0191, train/total_loss: 0.0211, train/util_ratio: 0.7500, train/run_time: 0.1730, lr: 0.0003, train/prefecth_time: 0.0024 
[2025-02-19 09:26:36,423 INFO] 150528 iteration USE_EMA: False, train/sup_loss: 0.0000, train/unsup_loss: 0.0059, train/total_loss: 0.0059, train/util_ratio: 0.8750, train/run_time: 0.1727, lr: 0.0003, train/prefecth_time: 0.0023 
[2025-02-19 09:27:25,817 INFO] 150784 iteration USE_EMA: False, train/sup_loss: 0.0011, train/unsup_loss: 0.0230, train/total_loss: 0.0240, train/util_ratio: 1.0000, train/run_time: 0.1720, lr: 0.0003, train/prefecth_time: 0.0023 
[2025-02-19 09:28:14,729 INFO] 151040 iteration USE_EMA: False, train/sup_loss: 0.0118, train/unsup_loss: 0.0665, train/total_loss: 0.0783, train/util_ratio: 1.0000, train/run_time: 0.1733, lr: 0.0003, train/prefecth_time: 0.0024 
[2025-02-19 09:29:03,680 INFO] 151296 iteration USE_EMA: False, train/sup_loss: 0.0000, train/unsup_loss: 0.0233, train/total_loss: 0.0233, train/util_ratio: 0.6250, train/run_time: 0.1728, lr: 0.0003, train/prefecth_time: 0.0024 
[2025-02-19 09:29:52,579 INFO] validating...
[2025-02-19 09:30:19,260 INFO] confusion matrix:
[[0.98 0.   0.   ... 0.   0.   0.  ]
 [0.   0.97 0.   ... 0.   0.   0.  ]
 [0.   0.   0.62 ... 0.   0.25 0.  ]
 ...
 [0.   0.   0.   ... 0.94 0.   0.  ]
 [0.   0.   0.01 ... 0.   0.55 0.  ]
 [0.   0.   0.   ... 0.   0.   0.85]]
[2025-02-19 09:30:20,899 INFO] model saved: ./saved_models/usb_cv/fixmatch_cifar100_400_0/latest_model.pth
[2025-02-19 09:30:20,901 INFO] 151552 iteration, USE_EMA: False, train/sup_loss: 0.0007, train/unsup_loss: 0.0244, train/total_loss: 0.0250, train/util_ratio: 0.6250, train/run_time: 0.1730, eval/loss: 1.8735, eval/top-1-acc: 0.7897, eval/top-5-acc: 0.9421, eval/balanced_acc: 0.7897, eval/precision: 0.8159, eval/recall: 0.7897, eval/F1: 0.7759, lr: 0.0003, train/prefecth_time: 0.0021 BEST_EVAL_ACC: 0.7956, at 147456 iters
[2025-02-19 09:31:10,360 INFO] 151808 iteration USE_EMA: False, train/sup_loss: 0.0000, train/unsup_loss: 0.1760, train/total_loss: 0.1760, train/util_ratio: 0.8750, train/run_time: 0.1726, lr: 0.0003, train/prefecth_time: 0.0023 
[2025-02-19 09:31:59,421 INFO] 152064 iteration USE_EMA: False, train/sup_loss: 0.0001, train/unsup_loss: 0.2335, train/total_loss: 0.2336, train/util_ratio: 1.0000, train/run_time: 0.1727, lr: 0.0003, train/prefecth_time: 0.0026 
[2025-02-19 09:32:48,455 INFO] 152320 iteration USE_EMA: False, train/sup_loss: 0.0002, train/unsup_loss: 0.5091, train/total_loss: 0.5093, train/util_ratio: 0.7500, train/run_time: 0.1724, lr: 0.0003, train/prefecth_time: 0.0025 
[2025-02-19 09:33:37,518 INFO] 152576 iteration USE_EMA: False, train/sup_loss: 0.0002, train/unsup_loss: 0.3883, train/total_loss: 0.3886, train/util_ratio: 0.8750, train/run_time: 0.1730, lr: 0.0003, train/prefecth_time: 0.0023 
[2025-02-19 09:34:26,890 INFO] 152832 iteration USE_EMA: False, train/sup_loss: 0.0000, train/unsup_loss: 0.6010, train/total_loss: 0.6011, train/util_ratio: 0.6250, train/run_time: 0.1731, lr: 0.0003, train/prefecth_time: 0.0025 
[2025-02-19 09:35:15,831 INFO] 153088 iteration USE_EMA: False, train/sup_loss: 0.0000, train/unsup_loss: 0.2730, train/total_loss: 0.2730, train/util_ratio: 0.8750, train/run_time: 0.1732, lr: 0.0003, train/prefecth_time: 0.0025 
[2025-02-19 09:36:04,797 INFO] 153344 iteration USE_EMA: False, train/sup_loss: 0.0000, train/unsup_loss: 0.3848, train/total_loss: 0.3848, train/util_ratio: 0.8750, train/run_time: 0.1722, lr: 0.0003, train/prefecth_time: 0.0025 
[2025-02-19 09:36:53,704 INFO] validating...
[2025-02-19 09:37:20,408 INFO] confusion matrix:
[[0.98 0.   0.   ... 0.   0.   0.  ]
 [0.   0.97 0.   ... 0.   0.   0.  ]
 [0.   0.   0.6  ... 0.   0.3  0.  ]
 ...
 [0.   0.   0.   ... 0.96 0.   0.  ]
 [0.   0.   0.02 ... 0.   0.68 0.  ]
 [0.   0.   0.   ... 0.   0.   0.82]]
[2025-02-19 09:37:22,047 INFO] model saved: ./saved_models/usb_cv/fixmatch_cifar100_400_0/latest_model.pth
[2025-02-19 09:37:22,049 INFO] 153600 iteration, USE_EMA: False, train/sup_loss: 0.0006, train/unsup_loss: 0.3768, train/total_loss: 0.3774, train/util_ratio: 1.0000, train/run_time: 0.1734, eval/loss: 1.8561, eval/top-1-acc: 0.7908, eval/top-5-acc: 0.9442, eval/balanced_acc: 0.7908, eval/precision: 0.8108, eval/recall: 0.7908, eval/F1: 0.7767, lr: 0.0003, train/prefecth_time: 0.0023 BEST_EVAL_ACC: 0.7956, at 147456 iters
[2025-02-19 09:38:11,483 INFO] 153856 iteration USE_EMA: False, train/sup_loss: 0.0000, train/unsup_loss: 0.0812, train/total_loss: 0.0812, train/util_ratio: 0.7500, train/run_time: 0.1729, lr: 0.0003, train/prefecth_time: 0.0026 
[2025-02-19 09:39:00,524 INFO] 154112 iteration USE_EMA: False, train/sup_loss: 0.0008, train/unsup_loss: 0.0156, train/total_loss: 0.0163, train/util_ratio: 0.5000, train/run_time: 0.1722, lr: 0.0003, train/prefecth_time: 0.0025 
[2025-02-19 09:39:49,537 INFO] 154368 iteration USE_EMA: False, train/sup_loss: 0.0000, train/unsup_loss: 0.0078, train/total_loss: 0.0078, train/util_ratio: 0.8750, train/run_time: 0.1722, lr: 0.0003, train/prefecth_time: 0.0025 
[2025-02-19 09:40:38,573 INFO] 154624 iteration USE_EMA: False, train/sup_loss: 0.0000, train/unsup_loss: 0.6816, train/total_loss: 0.6816, train/util_ratio: 1.0000, train/run_time: 0.1717, lr: 0.0003, train/prefecth_time: 0.0027 
[2025-02-19 09:41:27,984 INFO] 154880 iteration USE_EMA: False, train/sup_loss: 0.0187, train/unsup_loss: 0.4434, train/total_loss: 0.4620, train/util_ratio: 0.8750, train/run_time: 0.1735, lr: 0.0003, train/prefecth_time: 0.0025 
[2025-02-19 09:42:16,950 INFO] 155136 iteration USE_EMA: False, train/sup_loss: 0.0000, train/unsup_loss: 0.1051, train/total_loss: 0.1052, train/util_ratio: 0.7500, train/run_time: 0.1731, lr: 0.0003, train/prefecth_time: 0.0026 
[2025-02-19 09:43:05,922 INFO] 155392 iteration USE_EMA: False, train/sup_loss: 0.0000, train/unsup_loss: 0.2031, train/total_loss: 0.2031, train/util_ratio: 0.8750, train/run_time: 0.1729, lr: 0.0003, train/prefecth_time: 0.0025 
[2025-02-19 09:43:54,900 INFO] validating...
/home/zakerian/miniconda3/envs/usb/lib/python3.8/site-packages/sklearn/metrics/_classification.py:1471: UndefinedMetricWarning: Precision is ill-defined and being set to 0.0 in labels with no predicted samples. Use `zero_division` parameter to control this behavior.
  _warn_prf(average, modifier, msg_start, len(result))
[2025-02-19 09:44:21,604 INFO] confusion matrix:
[[0.99 0.   0.   ... 0.   0.   0.  ]
 [0.   0.98 0.   ... 0.   0.   0.  ]
 [0.   0.   0.58 ... 0.   0.31 0.  ]
 ...
 [0.   0.   0.   ... 0.97 0.   0.  ]
 [0.   0.   0.02 ... 0.   0.61 0.  ]
 [0.   0.   0.   ... 0.   0.   0.8 ]]
[2025-02-19 09:44:23,246 INFO] model saved: ./saved_models/usb_cv/fixmatch_cifar100_400_0/latest_model.pth
[2025-02-19 09:44:23,247 INFO] 155648 iteration, USE_EMA: False, train/sup_loss: 0.0067, train/unsup_loss: 0.3888, train/total_loss: 0.3955, train/util_ratio: 0.6250, train/run_time: 0.1725, eval/loss: 1.8679, eval/top-1-acc: 0.7922, eval/top-5-acc: 0.9432, eval/balanced_acc: 0.7922, eval/precision: 0.8124, eval/recall: 0.7922, eval/F1: 0.7781, lr: 0.0003, train/prefecth_time: 0.0025 BEST_EVAL_ACC: 0.7956, at 147456 iters
[2025-02-19 09:45:12,684 INFO] 155904 iteration USE_EMA: False, train/sup_loss: 0.0000, train/unsup_loss: 0.7119, train/total_loss: 0.7119, train/util_ratio: 0.8750, train/run_time: 0.1724, lr: 0.0003, train/prefecth_time: 0.0028 
[2025-02-19 09:46:01,718 INFO] 156160 iteration USE_EMA: False, train/sup_loss: 0.0005, train/unsup_loss: 0.0986, train/total_loss: 0.0991, train/util_ratio: 1.0000, train/run_time: 0.1726, lr: 0.0003, train/prefecth_time: 0.0025 
[2025-02-19 09:46:50,732 INFO] 156416 iteration USE_EMA: False, train/sup_loss: 0.0000, train/unsup_loss: 0.2849, train/total_loss: 0.2849, train/util_ratio: 0.8750, train/run_time: 0.1724, lr: 0.0003, train/prefecth_time: 0.0026 
[2025-02-19 09:47:39,755 INFO] 156672 iteration USE_EMA: False, train/sup_loss: 0.0000, train/unsup_loss: 0.0063, train/total_loss: 0.0063, train/util_ratio: 0.8750, train/run_time: 0.1732, lr: 0.0003, train/prefecth_time: 0.0023 
[2025-02-19 09:48:29,111 INFO] 156928 iteration USE_EMA: False, train/sup_loss: 0.0000, train/unsup_loss: 0.0003, train/total_loss: 0.0003, train/util_ratio: 0.8750, train/run_time: 0.1729, lr: 0.0003, train/prefecth_time: 0.0026 
[2025-02-19 09:49:18,058 INFO] 157184 iteration USE_EMA: False, train/sup_loss: 0.0000, train/unsup_loss: 0.2399, train/total_loss: 0.2399, train/util_ratio: 0.7500, train/run_time: 0.1718, lr: 0.0003, train/prefecth_time: 0.0024 
[2025-02-19 09:50:07,011 INFO] 157440 iteration USE_EMA: False, train/sup_loss: 0.0000, train/unsup_loss: 0.8434, train/total_loss: 0.8434, train/util_ratio: 0.5000, train/run_time: 0.1729, lr: 0.0002, train/prefecth_time: 0.0026 
[2025-02-19 09:50:56,002 INFO] validating...
/home/zakerian/miniconda3/envs/usb/lib/python3.8/site-packages/sklearn/metrics/_classification.py:1471: UndefinedMetricWarning: Precision is ill-defined and being set to 0.0 in labels with no predicted samples. Use `zero_division` parameter to control this behavior.
  _warn_prf(average, modifier, msg_start, len(result))
[2025-02-19 09:51:22,710 INFO] confusion matrix:
[[0.99 0.   0.   ... 0.   0.   0.  ]
 [0.   0.98 0.   ... 0.   0.   0.  ]
 [0.   0.   0.63 ... 0.   0.25 0.  ]
 ...
 [0.   0.   0.   ... 0.95 0.   0.  ]
 [0.   0.   0.02 ... 0.   0.57 0.  ]
 [0.   0.   0.   ... 0.   0.   0.8 ]]
[2025-02-19 09:51:24,496 INFO] model saved: ./saved_models/usb_cv/fixmatch_cifar100_400_0/latest_model.pth
[2025-02-19 09:51:24,498 INFO] 157696 iteration, USE_EMA: False, train/sup_loss: 0.0000, train/unsup_loss: 0.9368, train/total_loss: 0.9368, train/util_ratio: 1.0000, train/run_time: 0.1719, eval/loss: 1.8867, eval/top-1-acc: 0.7893, eval/top-5-acc: 0.9452, eval/balanced_acc: 0.7893, eval/precision: 0.7992, eval/recall: 0.7893, eval/F1: 0.7756, lr: 0.0002, train/prefecth_time: 0.0022 BEST_EVAL_ACC: 0.7956, at 147456 iters
[2025-02-19 09:52:13,882 INFO] 157952 iteration USE_EMA: False, train/sup_loss: 0.0000, train/unsup_loss: 0.3668, train/total_loss: 0.3669, train/util_ratio: 0.7500, train/run_time: 0.1731, lr: 0.0002, train/prefecth_time: 0.0026 
[2025-02-19 09:53:02,875 INFO] 158208 iteration USE_EMA: False, train/sup_loss: 0.0000, train/unsup_loss: 0.4664, train/total_loss: 0.4664, train/util_ratio: 1.0000, train/run_time: 0.1733, lr: 0.0002, train/prefecth_time: 0.0026 
[2025-02-19 09:53:51,844 INFO] 158464 iteration USE_EMA: False, train/sup_loss: 0.0000, train/unsup_loss: 0.1186, train/total_loss: 0.1186, train/util_ratio: 0.8750, train/run_time: 0.1721, lr: 0.0002, train/prefecth_time: 0.0024 
[2025-02-19 09:54:40,904 INFO] 158720 iteration USE_EMA: False, train/sup_loss: 0.0001, train/unsup_loss: 0.1787, train/total_loss: 0.1788, train/util_ratio: 0.7500, train/run_time: 0.1717, lr: 0.0002, train/prefecth_time: 0.0024 
[2025-02-19 09:55:30,261 INFO] 158976 iteration USE_EMA: False, train/sup_loss: 0.0000, train/unsup_loss: 0.0001, train/total_loss: 0.0001, train/util_ratio: 1.0000, train/run_time: 0.1729, lr: 0.0002, train/prefecth_time: 0.0024 
[2025-02-19 09:56:19,234 INFO] 159232 iteration USE_EMA: False, train/sup_loss: 0.0000, train/unsup_loss: 0.0616, train/total_loss: 0.0616, train/util_ratio: 1.0000, train/run_time: 0.1732, lr: 0.0002, train/prefecth_time: 0.0025 
[2025-02-19 09:57:08,241 INFO] 159488 iteration USE_EMA: False, train/sup_loss: 0.0001, train/unsup_loss: 0.1440, train/total_loss: 0.1442, train/util_ratio: 0.6250, train/run_time: 0.1725, lr: 0.0002, train/prefecth_time: 0.0024 
[2025-02-19 09:57:57,302 INFO] validating...
[2025-02-19 09:58:23,849 INFO] confusion matrix:
[[0.97 0.   0.   ... 0.   0.   0.  ]
 [0.   0.97 0.   ... 0.   0.   0.  ]
 [0.   0.   0.5  ... 0.   0.37 0.  ]
 ...
 [0.   0.   0.   ... 0.97 0.   0.  ]
 [0.   0.   0.01 ... 0.   0.64 0.  ]
 [0.   0.   0.   ... 0.   0.   0.84]]
[2025-02-19 09:58:25,492 INFO] model saved: ./saved_models/usb_cv/fixmatch_cifar100_400_0/latest_model.pth
[2025-02-19 09:58:25,493 INFO] 159744 iteration, USE_EMA: False, train/sup_loss: 0.0000, train/unsup_loss: 0.0530, train/total_loss: 0.0530, train/util_ratio: 0.8750, train/run_time: 0.1735, eval/loss: 1.9104, eval/top-1-acc: 0.7920, eval/top-5-acc: 0.9452, eval/balanced_acc: 0.7920, eval/precision: 0.8155, eval/recall: 0.7920, eval/F1: 0.7790, lr: 0.0002, train/prefecth_time: 0.0023 BEST_EVAL_ACC: 0.7956, at 147456 iters
[2025-02-19 09:59:14,899 INFO] 160000 iteration USE_EMA: False, train/sup_loss: 0.0000, train/unsup_loss: 0.0163, train/total_loss: 0.0163, train/util_ratio: 0.8750, train/run_time: 0.1721, lr: 0.0002, train/prefecth_time: 0.0025 
[2025-02-19 10:00:03,839 INFO] 160256 iteration USE_EMA: False, train/sup_loss: 0.0000, train/unsup_loss: 0.1028, train/total_loss: 0.1028, train/util_ratio: 0.7500, train/run_time: 0.1732, lr: 0.0002, train/prefecth_time: 0.0029 
[2025-02-19 10:00:52,747 INFO] 160512 iteration USE_EMA: False, train/sup_loss: 0.0000, train/unsup_loss: 0.0501, train/total_loss: 0.0502, train/util_ratio: 0.7500, train/run_time: 0.1723, lr: 0.0002, train/prefecth_time: 0.0024 
[2025-02-19 10:01:41,611 INFO] 160768 iteration USE_EMA: False, train/sup_loss: 0.0007, train/unsup_loss: 0.4510, train/total_loss: 0.4517, train/util_ratio: 0.8750, train/run_time: 0.1725, lr: 0.0002, train/prefecth_time: 0.0022 
[2025-02-19 10:02:30,988 INFO] 161024 iteration USE_EMA: False, train/sup_loss: 0.0000, train/unsup_loss: 0.0239, train/total_loss: 0.0239, train/util_ratio: 0.8750, train/run_time: 0.1741, lr: 0.0002, train/prefecth_time: 0.0026 
[2025-02-19 10:03:19,934 INFO] 161280 iteration USE_EMA: False, train/sup_loss: 0.0000, train/unsup_loss: 0.0056, train/total_loss: 0.0056, train/util_ratio: 0.8750, train/run_time: 0.1721, lr: 0.0002, train/prefecth_time: 0.0025 
[2025-02-19 10:04:08,897 INFO] 161536 iteration USE_EMA: False, train/sup_loss: 0.0000, train/unsup_loss: 0.0003, train/total_loss: 0.0003, train/util_ratio: 0.6250, train/run_time: 0.1732, lr: 0.0002, train/prefecth_time: 0.0028 
[2025-02-19 10:04:57,920 INFO] validating...
[2025-02-19 10:05:24,478 INFO] confusion matrix:
[[0.94 0.   0.   ... 0.   0.   0.  ]
 [0.   0.97 0.   ... 0.   0.   0.  ]
 [0.   0.   0.54 ... 0.   0.37 0.  ]
 ...
 [0.   0.   0.   ... 0.93 0.   0.  ]
 [0.   0.   0.01 ... 0.   0.66 0.  ]
 [0.   0.   0.   ... 0.   0.   0.85]]
[2025-02-19 10:05:26,110 INFO] model saved: ./saved_models/usb_cv/fixmatch_cifar100_400_0/latest_model.pth
[2025-02-19 10:05:26,110 INFO] 161792 iteration, USE_EMA: False, train/sup_loss: 0.0001, train/unsup_loss: 0.2979, train/total_loss: 0.2980, train/util_ratio: 0.6250, train/run_time: 0.1728, eval/loss: 1.8726, eval/top-1-acc: 0.7911, eval/top-5-acc: 0.9458, eval/balanced_acc: 0.7911, eval/precision: 0.8120, eval/recall: 0.7911, eval/F1: 0.7774, lr: 0.0002, train/prefecth_time: 0.0023 BEST_EVAL_ACC: 0.7956, at 147456 iters
[2025-02-19 10:06:15,709 INFO] 162048 iteration USE_EMA: False, train/sup_loss: 0.0001, train/unsup_loss: 0.6096, train/total_loss: 0.6097, train/util_ratio: 1.0000, train/run_time: 0.1721, lr: 0.0002, train/prefecth_time: 0.0021 
[2025-02-19 10:07:04,711 INFO] 162304 iteration USE_EMA: False, train/sup_loss: 0.0000, train/unsup_loss: 0.0668, train/total_loss: 0.0669, train/util_ratio: 0.7500, train/run_time: 0.1725, lr: 0.0002, train/prefecth_time: 0.0026 
[2025-02-19 10:07:53,694 INFO] 162560 iteration USE_EMA: False, train/sup_loss: 0.0341, train/unsup_loss: 0.0035, train/total_loss: 0.0376, train/util_ratio: 0.7500, train/run_time: 0.1724, lr: 0.0002, train/prefecth_time: 0.0024 
[2025-02-19 10:08:42,682 INFO] 162816 iteration USE_EMA: False, train/sup_loss: 0.0000, train/unsup_loss: 0.0804, train/total_loss: 0.0804, train/util_ratio: 0.7500, train/run_time: 0.1719, lr: 0.0002, train/prefecth_time: 0.0024 
[2025-02-19 10:09:32,102 INFO] 163072 iteration USE_EMA: False, train/sup_loss: 0.0002, train/unsup_loss: 0.3253, train/total_loss: 0.3255, train/util_ratio: 1.0000, train/run_time: 0.1725, lr: 0.0002, train/prefecth_time: 0.0027 
[2025-02-19 10:10:21,117 INFO] 163328 iteration USE_EMA: False, train/sup_loss: 0.0000, train/unsup_loss: 1.4933, train/total_loss: 1.4933, train/util_ratio: 1.0000, train/run_time: 0.1733, lr: 0.0002, train/prefecth_time: 0.0025 
[2025-02-19 10:11:10,105 INFO] 163584 iteration USE_EMA: False, train/sup_loss: 0.0000, train/unsup_loss: 0.0255, train/total_loss: 0.0255, train/util_ratio: 1.0000, train/run_time: 0.1718, lr: 0.0002, train/prefecth_time: 0.0024 
[2025-02-19 10:11:59,114 INFO] validating...
[2025-02-19 10:12:25,712 INFO] confusion matrix:
[[0.94 0.   0.   ... 0.   0.   0.  ]
 [0.   0.98 0.   ... 0.   0.   0.  ]
 [0.   0.   0.64 ... 0.   0.25 0.  ]
 ...
 [0.   0.   0.   ... 0.96 0.   0.  ]
 [0.   0.   0.01 ... 0.   0.64 0.  ]
 [0.   0.   0.   ... 0.   0.   0.85]]
[2025-02-19 10:12:27,345 INFO] model saved: ./saved_models/usb_cv/fixmatch_cifar100_400_0/latest_model.pth
[2025-02-19 10:12:28,930 INFO] model saved: ./saved_models/usb_cv/fixmatch_cifar100_400_0/model_best.pth
[2025-02-19 10:12:28,932 INFO] 163840 iteration, USE_EMA: False, train/sup_loss: 0.0003, train/unsup_loss: 0.0013, train/total_loss: 0.0016, train/util_ratio: 0.7500, train/run_time: 0.1715, eval/loss: 1.8204, eval/top-1-acc: 0.7968, eval/top-5-acc: 0.9456, eval/balanced_acc: 0.7968, eval/precision: 0.8193, eval/recall: 0.7968, eval/F1: 0.7824, lr: 0.0002, train/prefecth_time: 0.0023 BEST_EVAL_ACC: 0.7968, at 163840 iters
[2025-02-19 10:13:18,375 INFO] 164096 iteration USE_EMA: False, train/sup_loss: 0.0000, train/unsup_loss: 0.4860, train/total_loss: 0.4860, train/util_ratio: 1.0000, train/run_time: 0.1728, lr: 0.0002, train/prefecth_time: 0.0026 
[2025-02-19 10:14:07,341 INFO] 164352 iteration USE_EMA: False, train/sup_loss: 0.0000, train/unsup_loss: 0.1411, train/total_loss: 0.1412, train/util_ratio: 0.7500, train/run_time: 0.1722, lr: 0.0002, train/prefecth_time: 0.0026 
[2025-02-19 10:14:56,292 INFO] 164608 iteration USE_EMA: False, train/sup_loss: 0.0001, train/unsup_loss: 0.1264, train/total_loss: 0.1265, train/util_ratio: 1.0000, train/run_time: 0.1730, lr: 0.0002, train/prefecth_time: 0.0026 
[2025-02-19 10:15:45,297 INFO] 164864 iteration USE_EMA: False, train/sup_loss: 0.0000, train/unsup_loss: 0.0115, train/total_loss: 0.0115, train/util_ratio: 0.7500, train/run_time: 0.1729, lr: 0.0002, train/prefecth_time: 0.0023 
[2025-02-19 10:16:34,629 INFO] 165120 iteration USE_EMA: False, train/sup_loss: 0.0003, train/unsup_loss: 0.9224, train/total_loss: 0.9228, train/util_ratio: 0.7500, train/run_time: 0.1722, lr: 0.0002, train/prefecth_time: 0.0025 
[2025-02-19 10:17:23,577 INFO] 165376 iteration USE_EMA: False, train/sup_loss: 0.0000, train/unsup_loss: 0.1548, train/total_loss: 0.1548, train/util_ratio: 1.0000, train/run_time: 0.1725, lr: 0.0002, train/prefecth_time: 0.0025 
[2025-02-19 10:18:12,475 INFO] 165632 iteration USE_EMA: False, train/sup_loss: 0.0000, train/unsup_loss: 0.4250, train/total_loss: 0.4250, train/util_ratio: 0.8750, train/run_time: 0.1728, lr: 0.0002, train/prefecth_time: 0.0024 
[2025-02-19 10:19:01,445 INFO] validating...
/home/zakerian/miniconda3/envs/usb/lib/python3.8/site-packages/sklearn/metrics/_classification.py:1471: UndefinedMetricWarning: Precision is ill-defined and being set to 0.0 in labels with no predicted samples. Use `zero_division` parameter to control this behavior.
  _warn_prf(average, modifier, msg_start, len(result))
[2025-02-19 10:19:27,987 INFO] confusion matrix:
[[0.95 0.   0.   ... 0.   0.   0.  ]
 [0.   0.98 0.   ... 0.   0.   0.  ]
 [0.   0.   0.67 ... 0.   0.3  0.  ]
 ...
 [0.   0.   0.   ... 0.96 0.   0.  ]
 [0.   0.   0.01 ... 0.   0.78 0.  ]
 [0.   0.   0.   ... 0.   0.   0.83]]
[2025-02-19 10:19:29,624 INFO] model saved: ./saved_models/usb_cv/fixmatch_cifar100_400_0/latest_model.pth
[2025-02-19 10:19:31,301 INFO] model saved: ./saved_models/usb_cv/fixmatch_cifar100_400_0/model_best.pth
[2025-02-19 10:19:31,303 INFO] 165888 iteration, USE_EMA: False, train/sup_loss: 0.0000, train/unsup_loss: 0.0200, train/total_loss: 0.0200, train/util_ratio: 0.7500, train/run_time: 0.1716, eval/loss: 1.9047, eval/top-1-acc: 0.7976, eval/top-5-acc: 0.9430, eval/balanced_acc: 0.7976, eval/precision: 0.8169, eval/recall: 0.7976, eval/F1: 0.7833, lr: 0.0002, train/prefecth_time: 0.0022 BEST_EVAL_ACC: 0.7976, at 165888 iters
[2025-02-19 10:20:20,777 INFO] 166144 iteration USE_EMA: False, train/sup_loss: 0.0008, train/unsup_loss: 0.0842, train/total_loss: 0.0850, train/util_ratio: 0.5000, train/run_time: 0.1723, lr: 0.0002, train/prefecth_time: 0.0025 
[2025-02-19 10:21:09,780 INFO] 166400 iteration USE_EMA: False, train/sup_loss: 0.0000, train/unsup_loss: 0.0355, train/total_loss: 0.0355, train/util_ratio: 0.8750, train/run_time: 0.1726, lr: 0.0002, train/prefecth_time: 0.0025 
[2025-02-19 10:21:58,821 INFO] 166656 iteration USE_EMA: False, train/sup_loss: 0.0001, train/unsup_loss: 0.2770, train/total_loss: 0.2771, train/util_ratio: 0.6250, train/run_time: 0.1727, lr: 0.0002, train/prefecth_time: 0.0023 
[2025-02-19 10:22:47,858 INFO] 166912 iteration USE_EMA: False, train/sup_loss: 0.0002, train/unsup_loss: 0.4420, train/total_loss: 0.4422, train/util_ratio: 0.7500, train/run_time: 0.1728, lr: 0.0002, train/prefecth_time: 0.0021 
[2025-02-19 10:23:37,229 INFO] 167168 iteration USE_EMA: False, train/sup_loss: 0.0001, train/unsup_loss: 0.0476, train/total_loss: 0.0477, train/util_ratio: 0.8750, train/run_time: 0.1725, lr: 0.0002, train/prefecth_time: 0.0028 
[2025-02-19 10:24:26,219 INFO] 167424 iteration USE_EMA: False, train/sup_loss: 0.0005, train/unsup_loss: 0.0051, train/total_loss: 0.0055, train/util_ratio: 0.8750, train/run_time: 0.1723, lr: 0.0002, train/prefecth_time: 0.0025 
[2025-02-19 10:25:15,234 INFO] 167680 iteration USE_EMA: False, train/sup_loss: 0.0000, train/unsup_loss: 0.0423, train/total_loss: 0.0423, train/util_ratio: 0.8750, train/run_time: 0.1729, lr: 0.0002, train/prefecth_time: 0.0029 
[2025-02-19 10:26:04,204 INFO] validating...
/home/zakerian/miniconda3/envs/usb/lib/python3.8/site-packages/sklearn/metrics/_classification.py:1471: UndefinedMetricWarning: Precision is ill-defined and being set to 0.0 in labels with no predicted samples. Use `zero_division` parameter to control this behavior.
  _warn_prf(average, modifier, msg_start, len(result))
[2025-02-19 10:26:30,781 INFO] confusion matrix:
[[0.99 0.   0.   ... 0.   0.   0.  ]
 [0.   0.97 0.   ... 0.   0.   0.  ]
 [0.   0.   0.66 ... 0.   0.24 0.  ]
 ...
 [0.   0.   0.   ... 0.95 0.   0.  ]
 [0.   0.   0.01 ... 0.   0.71 0.  ]
 [0.   0.   0.   ... 0.   0.   0.86]]
[2025-02-19 10:26:32,420 INFO] model saved: ./saved_models/usb_cv/fixmatch_cifar100_400_0/latest_model.pth
[2025-02-19 10:26:32,422 INFO] 167936 iteration, USE_EMA: False, train/sup_loss: 0.0000, train/unsup_loss: 0.2435, train/total_loss: 0.2435, train/util_ratio: 0.8750, train/run_time: 0.1721, eval/loss: 1.8135, eval/top-1-acc: 0.7955, eval/top-5-acc: 0.9436, eval/balanced_acc: 0.7955, eval/precision: 0.8041, eval/recall: 0.7955, eval/F1: 0.7811, lr: 0.0002, train/prefecth_time: 0.0023 BEST_EVAL_ACC: 0.7976, at 165888 iters
[2025-02-19 10:27:21,906 INFO] 168192 iteration USE_EMA: False, train/sup_loss: 0.0005, train/unsup_loss: 0.0001, train/total_loss: 0.0006, train/util_ratio: 0.6250, train/run_time: 0.1724, lr: 0.0002, train/prefecth_time: 0.0025 
[2025-02-19 10:28:10,909 INFO] 168448 iteration USE_EMA: False, train/sup_loss: 0.0000, train/unsup_loss: 0.0118, train/total_loss: 0.0118, train/util_ratio: 0.7500, train/run_time: 0.1727, lr: 0.0002, train/prefecth_time: 0.0025 
[2025-02-19 10:28:59,867 INFO] 168704 iteration USE_EMA: False, train/sup_loss: 0.0000, train/unsup_loss: 0.2109, train/total_loss: 0.2109, train/util_ratio: 0.7500, train/run_time: 0.1719, lr: 0.0002, train/prefecth_time: 0.0023 
[2025-02-19 10:29:48,822 INFO] 168960 iteration USE_EMA: False, train/sup_loss: 0.0006, train/unsup_loss: 0.1087, train/total_loss: 0.1092, train/util_ratio: 0.8750, train/run_time: 0.1719, lr: 0.0002, train/prefecth_time: 0.0022 
[2025-02-19 10:30:38,262 INFO] 169216 iteration USE_EMA: False, train/sup_loss: 0.0000, train/unsup_loss: 0.4500, train/total_loss: 0.4500, train/util_ratio: 0.8750, train/run_time: 0.1729, lr: 0.0002, train/prefecth_time: 0.0025 
[2025-02-19 10:31:27,406 INFO] 169472 iteration USE_EMA: False, train/sup_loss: 0.0001, train/unsup_loss: 0.2592, train/total_loss: 0.2593, train/util_ratio: 0.8750, train/run_time: 0.1729, lr: 0.0002, train/prefecth_time: 0.0027 
[2025-02-19 10:32:16,474 INFO] 169728 iteration USE_EMA: False, train/sup_loss: 0.0000, train/unsup_loss: 0.2468, train/total_loss: 0.2468, train/util_ratio: 1.0000, train/run_time: 0.1734, lr: 0.0002, train/prefecth_time: 0.0025 
[2025-02-19 10:33:05,593 INFO] validating...
/home/zakerian/miniconda3/envs/usb/lib/python3.8/site-packages/sklearn/metrics/_classification.py:1471: UndefinedMetricWarning: Precision is ill-defined and being set to 0.0 in labels with no predicted samples. Use `zero_division` parameter to control this behavior.
  _warn_prf(average, modifier, msg_start, len(result))
[2025-02-19 10:33:32,284 INFO] confusion matrix:
[[1.   0.   0.   ... 0.   0.   0.  ]
 [0.   0.97 0.   ... 0.   0.   0.  ]
 [0.   0.   0.56 ... 0.   0.36 0.  ]
 ...
 [0.   0.   0.   ... 0.96 0.   0.  ]
 [0.   0.   0.01 ... 0.   0.73 0.  ]
 [0.   0.   0.   ... 0.   0.   0.78]]
[2025-02-19 10:33:33,921 INFO] model saved: ./saved_models/usb_cv/fixmatch_cifar100_400_0/latest_model.pth
[2025-02-19 10:33:33,923 INFO] 169984 iteration, USE_EMA: False, train/sup_loss: 0.0000, train/unsup_loss: 0.0298, train/total_loss: 0.0298, train/util_ratio: 0.6250, train/run_time: 0.1730, eval/loss: 2.0028, eval/top-1-acc: 0.7924, eval/top-5-acc: 0.9432, eval/balanced_acc: 0.7924, eval/precision: 0.8056, eval/recall: 0.7924, eval/F1: 0.7785, lr: 0.0002, train/prefecth_time: 0.0022 BEST_EVAL_ACC: 0.7976, at 165888 iters
[2025-02-19 10:34:23,489 INFO] 170240 iteration USE_EMA: False, train/sup_loss: 0.0000, train/unsup_loss: 1.0524, train/total_loss: 1.0524, train/util_ratio: 0.8750, train/run_time: 0.1725, lr: 0.0002, train/prefecth_time: 0.0026 
[2025-02-19 10:35:12,499 INFO] 170496 iteration USE_EMA: False, train/sup_loss: 0.0012, train/unsup_loss: 0.2015, train/total_loss: 0.2026, train/util_ratio: 0.7500, train/run_time: 0.1723, lr: 0.0002, train/prefecth_time: 0.0026 
[2025-02-19 10:36:01,501 INFO] 170752 iteration USE_EMA: False, train/sup_loss: 0.0000, train/unsup_loss: 0.1333, train/total_loss: 0.1333, train/util_ratio: 0.7500, train/run_time: 0.1721, lr: 0.0002, train/prefecth_time: 0.0024 
[2025-02-19 10:36:50,545 INFO] 171008 iteration USE_EMA: False, train/sup_loss: 0.0000, train/unsup_loss: 0.3313, train/total_loss: 0.3313, train/util_ratio: 1.0000, train/run_time: 0.1726, lr: 0.0002, train/prefecth_time: 0.0023 
[2025-02-19 10:37:39,859 INFO] 171264 iteration USE_EMA: False, train/sup_loss: 0.0000, train/unsup_loss: 0.0007, train/total_loss: 0.0007, train/util_ratio: 1.0000, train/run_time: 0.1721, lr: 0.0002, train/prefecth_time: 0.0025 
[2025-02-19 10:38:28,881 INFO] 171520 iteration USE_EMA: False, train/sup_loss: 0.0000, train/unsup_loss: 0.0691, train/total_loss: 0.0692, train/util_ratio: 0.8750, train/run_time: 0.1722, lr: 0.0002, train/prefecth_time: 0.0024 
[2025-02-19 10:39:17,846 INFO] 171776 iteration USE_EMA: False, train/sup_loss: 0.0000, train/unsup_loss: 0.0135, train/total_loss: 0.0135, train/util_ratio: 0.7500, train/run_time: 0.1721, lr: 0.0002, train/prefecth_time: 0.0024 
[2025-02-19 10:40:06,750 INFO] validating...
/home/zakerian/miniconda3/envs/usb/lib/python3.8/site-packages/sklearn/metrics/_classification.py:1471: UndefinedMetricWarning: Precision is ill-defined and being set to 0.0 in labels with no predicted samples. Use `zero_division` parameter to control this behavior.
  _warn_prf(average, modifier, msg_start, len(result))
[2025-02-19 10:40:33,362 INFO] confusion matrix:
[[0.98 0.   0.   ... 0.   0.   0.  ]
 [0.   0.97 0.   ... 0.   0.   0.  ]
 [0.   0.   0.55 ... 0.   0.37 0.  ]
 ...
 [0.   0.   0.   ... 0.94 0.   0.  ]
 [0.   0.   0.01 ... 0.   0.75 0.  ]
 [0.   0.   0.   ... 0.   0.   0.78]]
[2025-02-19 10:40:34,987 INFO] model saved: ./saved_models/usb_cv/fixmatch_cifar100_400_0/latest_model.pth
[2025-02-19 10:40:34,988 INFO] 172032 iteration, USE_EMA: False, train/sup_loss: 0.0000, train/unsup_loss: 0.0055, train/total_loss: 0.0055, train/util_ratio: 0.6250, train/run_time: 0.1728, eval/loss: 1.9328, eval/top-1-acc: 0.7924, eval/top-5-acc: 0.9466, eval/balanced_acc: 0.7924, eval/precision: 0.8020, eval/recall: 0.7924, eval/F1: 0.7787, lr: 0.0002, train/prefecth_time: 0.0025 BEST_EVAL_ACC: 0.7976, at 165888 iters
[2025-02-19 10:41:24,405 INFO] 172288 iteration USE_EMA: False, train/sup_loss: 0.0000, train/unsup_loss: 0.8030, train/total_loss: 0.8030, train/util_ratio: 0.7500, train/run_time: 0.1722, lr: 0.0002, train/prefecth_time: 0.0025 
[2025-02-19 10:42:13,392 INFO] 172544 iteration USE_EMA: False, train/sup_loss: 0.0000, train/unsup_loss: 0.2031, train/total_loss: 0.2031, train/util_ratio: 1.0000, train/run_time: 0.1725, lr: 0.0002, train/prefecth_time: 0.0024 
[2025-02-19 10:43:02,299 INFO] 172800 iteration USE_EMA: False, train/sup_loss: 0.0002, train/unsup_loss: 0.2883, train/total_loss: 0.2884, train/util_ratio: 0.6250, train/run_time: 0.1728, lr: 0.0002, train/prefecth_time: 0.0023 
[2025-02-19 10:43:51,330 INFO] 173056 iteration USE_EMA: False, train/sup_loss: 0.0001, train/unsup_loss: 0.0823, train/total_loss: 0.0824, train/util_ratio: 1.0000, train/run_time: 0.1727, lr: 0.0002, train/prefecth_time: 0.0023 
[2025-02-19 10:44:40,655 INFO] 173312 iteration USE_EMA: False, train/sup_loss: 0.0000, train/unsup_loss: 0.0816, train/total_loss: 0.0816, train/util_ratio: 1.0000, train/run_time: 0.1738, lr: 0.0002, train/prefecth_time: 0.0024 
[2025-02-19 10:45:29,619 INFO] 173568 iteration USE_EMA: False, train/sup_loss: 0.0000, train/unsup_loss: 0.1927, train/total_loss: 0.1927, train/util_ratio: 0.6250, train/run_time: 0.1716, lr: 0.0002, train/prefecth_time: 0.0026 
[2025-02-19 10:46:18,579 INFO] 173824 iteration USE_EMA: False, train/sup_loss: 0.0002, train/unsup_loss: 0.0274, train/total_loss: 0.0276, train/util_ratio: 1.0000, train/run_time: 0.1728, lr: 0.0002, train/prefecth_time: 0.0023 
[2025-02-19 10:47:07,531 INFO] validating...
/home/zakerian/miniconda3/envs/usb/lib/python3.8/site-packages/sklearn/metrics/_classification.py:1471: UndefinedMetricWarning: Precision is ill-defined and being set to 0.0 in labels with no predicted samples. Use `zero_division` parameter to control this behavior.
  _warn_prf(average, modifier, msg_start, len(result))
[2025-02-19 10:47:34,239 INFO] confusion matrix:
[[0.97 0.   0.   ... 0.   0.   0.  ]
 [0.   0.99 0.   ... 0.   0.   0.  ]
 [0.   0.   0.58 ... 0.   0.36 0.  ]
 ...
 [0.   0.   0.   ... 0.94 0.   0.  ]
 [0.   0.   0.01 ... 0.   0.76 0.  ]
 [0.   0.   0.   ... 0.   0.   0.81]]
[2025-02-19 10:47:35,865 INFO] model saved: ./saved_models/usb_cv/fixmatch_cifar100_400_0/latest_model.pth
[2025-02-19 10:47:35,867 INFO] 174080 iteration, USE_EMA: False, train/sup_loss: 0.0000, train/unsup_loss: 0.0237, train/total_loss: 0.0237, train/util_ratio: 0.7500, train/run_time: 0.1731, eval/loss: 1.7863, eval/top-1-acc: 0.7946, eval/top-5-acc: 0.9456, eval/balanced_acc: 0.7946, eval/precision: 0.8066, eval/recall: 0.7946, eval/F1: 0.7805, lr: 0.0002, train/prefecth_time: 0.0023 BEST_EVAL_ACC: 0.7976, at 165888 iters
[2025-02-19 10:48:25,300 INFO] 174336 iteration USE_EMA: False, train/sup_loss: 0.0005, train/unsup_loss: 0.0078, train/total_loss: 0.0083, train/util_ratio: 0.8750, train/run_time: 0.1731, lr: 0.0002, train/prefecth_time: 0.0025 
[2025-02-19 10:49:14,225 INFO] 174592 iteration USE_EMA: False, train/sup_loss: 0.0000, train/unsup_loss: 0.0028, train/total_loss: 0.0028, train/util_ratio: 0.7500, train/run_time: 0.1723, lr: 0.0002, train/prefecth_time: 0.0025 
[2025-02-19 10:50:03,119 INFO] 174848 iteration USE_EMA: False, train/sup_loss: 0.0000, train/unsup_loss: 0.5679, train/total_loss: 0.5679, train/util_ratio: 0.7500, train/run_time: 0.1730, lr: 0.0002, train/prefecth_time: 0.0024 
[2025-02-19 10:50:52,090 INFO] 175104 iteration USE_EMA: False, train/sup_loss: 0.0000, train/unsup_loss: 0.7573, train/total_loss: 0.7573, train/util_ratio: 1.0000, train/run_time: 0.1732, lr: 0.0002, train/prefecth_time: 0.0023 
[2025-02-19 10:51:41,416 INFO] 175360 iteration USE_EMA: False, train/sup_loss: 0.0000, train/unsup_loss: 0.4559, train/total_loss: 0.4559, train/util_ratio: 1.0000, train/run_time: 0.1721, lr: 0.0002, train/prefecth_time: 0.0023 
[2025-02-19 10:52:30,401 INFO] 175616 iteration USE_EMA: False, train/sup_loss: 0.0000, train/unsup_loss: 0.0708, train/total_loss: 0.0708, train/util_ratio: 0.8750, train/run_time: 0.1728, lr: 0.0002, train/prefecth_time: 0.0023 
[2025-02-19 10:53:19,406 INFO] 175872 iteration USE_EMA: False, train/sup_loss: 0.0000, train/unsup_loss: 0.0914, train/total_loss: 0.0914, train/util_ratio: 0.7500, train/run_time: 0.1728, lr: 0.0002, train/prefecth_time: 0.0026 
[2025-02-19 10:54:08,403 INFO] validating...
/home/zakerian/miniconda3/envs/usb/lib/python3.8/site-packages/sklearn/metrics/_classification.py:1471: UndefinedMetricWarning: Precision is ill-defined and being set to 0.0 in labels with no predicted samples. Use `zero_division` parameter to control this behavior.
  _warn_prf(average, modifier, msg_start, len(result))
[2025-02-19 10:54:35,206 INFO] confusion matrix:
[[0.97 0.   0.   ... 0.   0.   0.  ]
 [0.   0.99 0.   ... 0.   0.   0.  ]
 [0.   0.   0.65 ... 0.   0.3  0.  ]
 ...
 [0.   0.   0.   ... 0.95 0.   0.  ]
 [0.   0.   0.01 ... 0.   0.76 0.  ]
 [0.   0.   0.   ... 0.   0.   0.81]]
[2025-02-19 10:54:36,848 INFO] model saved: ./saved_models/usb_cv/fixmatch_cifar100_400_0/latest_model.pth
[2025-02-19 10:54:36,849 INFO] 176128 iteration, USE_EMA: False, train/sup_loss: 0.0000, train/unsup_loss: 0.0950, train/total_loss: 0.0950, train/util_ratio: 0.8750, train/run_time: 0.1726, eval/loss: 1.8066, eval/top-1-acc: 0.7967, eval/top-5-acc: 0.9439, eval/balanced_acc: 0.7967, eval/precision: 0.8082, eval/recall: 0.7967, eval/F1: 0.7818, lr: 0.0002, train/prefecth_time: 0.0022 BEST_EVAL_ACC: 0.7976, at 165888 iters
[2025-02-19 10:55:26,204 INFO] 176384 iteration USE_EMA: False, train/sup_loss: 0.0000, train/unsup_loss: 0.9047, train/total_loss: 0.9047, train/util_ratio: 0.8750, train/run_time: 0.1727, lr: 0.0002, train/prefecth_time: 0.0025 
[2025-02-19 10:56:15,153 INFO] 176640 iteration USE_EMA: False, train/sup_loss: 0.0012, train/unsup_loss: 0.0030, train/total_loss: 0.0043, train/util_ratio: 1.0000, train/run_time: 0.1717, lr: 0.0002, train/prefecth_time: 0.0024 
[2025-02-19 10:57:04,139 INFO] 176896 iteration USE_EMA: False, train/sup_loss: 0.0001, train/unsup_loss: 0.0048, train/total_loss: 0.0049, train/util_ratio: 0.8750, train/run_time: 0.1720, lr: 0.0002, train/prefecth_time: 0.0024 
[2025-02-19 10:57:53,023 INFO] 177152 iteration USE_EMA: False, train/sup_loss: 0.0007, train/unsup_loss: 0.0000, train/total_loss: 0.0007, train/util_ratio: 0.6250, train/run_time: 0.1724, lr: 0.0002, train/prefecth_time: 0.0024 
[2025-02-19 10:58:42,498 INFO] 177408 iteration USE_EMA: False, train/sup_loss: 0.0007, train/unsup_loss: 0.0928, train/total_loss: 0.0936, train/util_ratio: 0.8750, train/run_time: 0.1725, lr: 0.0002, train/prefecth_time: 0.0030 
[2025-02-19 10:59:31,498 INFO] 177664 iteration USE_EMA: False, train/sup_loss: 0.0000, train/unsup_loss: 0.2103, train/total_loss: 0.2103, train/util_ratio: 0.8750, train/run_time: 0.1721, lr: 0.0002, train/prefecth_time: 0.0024 
[2025-02-19 11:00:20,422 INFO] 177920 iteration USE_EMA: False, train/sup_loss: 0.0000, train/unsup_loss: 0.5904, train/total_loss: 0.5904, train/util_ratio: 0.8750, train/run_time: 0.1718, lr: 0.0002, train/prefecth_time: 0.0023 
[2025-02-19 11:01:09,326 INFO] validating...
/home/zakerian/miniconda3/envs/usb/lib/python3.8/site-packages/sklearn/metrics/_classification.py:1471: UndefinedMetricWarning: Precision is ill-defined and being set to 0.0 in labels with no predicted samples. Use `zero_division` parameter to control this behavior.
  _warn_prf(average, modifier, msg_start, len(result))
[2025-02-19 11:01:35,835 INFO] confusion matrix:
[[0.96 0.   0.   ... 0.   0.   0.  ]
 [0.   0.99 0.   ... 0.   0.   0.  ]
 [0.   0.   0.65 ... 0.   0.27 0.  ]
 ...
 [0.   0.   0.   ... 0.96 0.   0.  ]
 [0.   0.   0.02 ... 0.   0.65 0.  ]
 [0.   0.   0.   ... 0.   0.   0.78]]
[2025-02-19 11:01:37,472 INFO] model saved: ./saved_models/usb_cv/fixmatch_cifar100_400_0/latest_model.pth
[2025-02-19 11:01:37,473 INFO] 178176 iteration, USE_EMA: False, train/sup_loss: 0.0000, train/unsup_loss: 1.0291, train/total_loss: 1.0291, train/util_ratio: 0.8750, train/run_time: 0.1722, eval/loss: 1.8480, eval/top-1-acc: 0.7933, eval/top-5-acc: 0.9429, eval/balanced_acc: 0.7933, eval/precision: 0.8076, eval/recall: 0.7933, eval/F1: 0.7796, lr: 0.0002, train/prefecth_time: 0.0022 BEST_EVAL_ACC: 0.7976, at 165888 iters
[2025-02-19 11:02:26,917 INFO] 178432 iteration USE_EMA: False, train/sup_loss: 0.0001, train/unsup_loss: 0.3070, train/total_loss: 0.3070, train/util_ratio: 0.8750, train/run_time: 0.1720, lr: 0.0002, train/prefecth_time: 0.0024 
[2025-02-19 11:03:15,952 INFO] 178688 iteration USE_EMA: False, train/sup_loss: 0.0000, train/unsup_loss: 0.6212, train/total_loss: 0.6212, train/util_ratio: 1.0000, train/run_time: 0.1725, lr: 0.0002, train/prefecth_time: 0.0032 
[2025-02-19 11:04:04,962 INFO] 178944 iteration USE_EMA: False, train/sup_loss: 0.0000, train/unsup_loss: 0.2774, train/total_loss: 0.2774, train/util_ratio: 0.6250, train/run_time: 0.1717, lr: 0.0002, train/prefecth_time: 0.0026 
[2025-02-19 11:04:53,898 INFO] 179200 iteration USE_EMA: False, train/sup_loss: 0.0000, train/unsup_loss: 0.0951, train/total_loss: 0.0951, train/util_ratio: 0.6250, train/run_time: 0.1724, lr: 0.0002, train/prefecth_time: 0.0021 
[2025-02-19 11:05:43,260 INFO] 179456 iteration USE_EMA: False, train/sup_loss: 0.0000, train/unsup_loss: 0.1159, train/total_loss: 0.1159, train/util_ratio: 1.0000, train/run_time: 0.1728, lr: 0.0002, train/prefecth_time: 0.0024 
[2025-02-19 11:06:32,188 INFO] 179712 iteration USE_EMA: False, train/sup_loss: 0.0000, train/unsup_loss: 0.0390, train/total_loss: 0.0390, train/util_ratio: 0.7500, train/run_time: 0.1723, lr: 0.0002, train/prefecth_time: 0.0024 
[2025-02-19 11:07:21,111 INFO] 179968 iteration USE_EMA: False, train/sup_loss: 0.0001, train/unsup_loss: 0.0144, train/total_loss: 0.0145, train/util_ratio: 1.0000, train/run_time: 0.1721, lr: 0.0002, train/prefecth_time: 0.0025 
[2025-02-19 11:08:10,081 INFO] validating...
/home/zakerian/miniconda3/envs/usb/lib/python3.8/site-packages/sklearn/metrics/_classification.py:1471: UndefinedMetricWarning: Precision is ill-defined and being set to 0.0 in labels with no predicted samples. Use `zero_division` parameter to control this behavior.
  _warn_prf(average, modifier, msg_start, len(result))
[2025-02-19 11:08:37,094 INFO] confusion matrix:
[[0.91 0.   0.   ... 0.   0.   0.  ]
 [0.   0.97 0.   ... 0.   0.   0.  ]
 [0.   0.   0.64 ... 0.   0.22 0.  ]
 ...
 [0.   0.   0.   ... 0.94 0.   0.  ]
 [0.   0.   0.01 ... 0.   0.61 0.  ]
 [0.   0.   0.   ... 0.   0.   0.76]]
[2025-02-19 11:08:38,729 INFO] model saved: ./saved_models/usb_cv/fixmatch_cifar100_400_0/latest_model.pth
[2025-02-19 11:08:38,731 INFO] 180224 iteration, USE_EMA: False, train/sup_loss: 0.0000, train/unsup_loss: 0.2731, train/total_loss: 0.2731, train/util_ratio: 1.0000, train/run_time: 0.1717, eval/loss: 1.8678, eval/top-1-acc: 0.7931, eval/top-5-acc: 0.9467, eval/balanced_acc: 0.7931, eval/precision: 0.8078, eval/recall: 0.7931, eval/F1: 0.7803, lr: 0.0002, train/prefecth_time: 0.0022 BEST_EVAL_ACC: 0.7976, at 165888 iters
[2025-02-19 11:09:28,232 INFO] 180480 iteration USE_EMA: False, train/sup_loss: 0.0000, train/unsup_loss: 0.7199, train/total_loss: 0.7199, train/util_ratio: 0.7500, train/run_time: 0.1724, lr: 0.0002, train/prefecth_time: 0.0026 
[2025-02-19 11:10:17,269 INFO] 180736 iteration USE_EMA: False, train/sup_loss: 0.0000, train/unsup_loss: 0.0001, train/total_loss: 0.0001, train/util_ratio: 1.0000, train/run_time: 0.1734, lr: 0.0002, train/prefecth_time: 0.0025 
[2025-02-19 11:11:06,295 INFO] 180992 iteration USE_EMA: False, train/sup_loss: 0.0000, train/unsup_loss: 0.0114, train/total_loss: 0.0115, train/util_ratio: 0.8750, train/run_time: 0.1724, lr: 0.0002, train/prefecth_time: 0.0025 
[2025-02-19 11:11:55,307 INFO] 181248 iteration USE_EMA: False, train/sup_loss: 0.0012, train/unsup_loss: 0.0685, train/total_loss: 0.0697, train/util_ratio: 0.7500, train/run_time: 0.1716, lr: 0.0002, train/prefecth_time: 0.0023 
[2025-02-19 11:12:44,677 INFO] 181504 iteration USE_EMA: False, train/sup_loss: 0.0000, train/unsup_loss: 0.5721, train/total_loss: 0.5721, train/util_ratio: 0.8750, train/run_time: 0.1725, lr: 0.0002, train/prefecth_time: 0.0026 
[2025-02-19 11:13:33,799 INFO] 181760 iteration USE_EMA: False, train/sup_loss: 0.0003, train/unsup_loss: 0.1559, train/total_loss: 0.1561, train/util_ratio: 0.8750, train/run_time: 0.1732, lr: 0.0002, train/prefecth_time: 0.0025 
[2025-02-19 11:14:22,927 INFO] 182016 iteration USE_EMA: False, train/sup_loss: 0.0000, train/unsup_loss: 0.3250, train/total_loss: 0.3250, train/util_ratio: 0.7500, train/run_time: 0.1714, lr: 0.0002, train/prefecth_time: 0.0025 
[2025-02-19 11:15:11,899 INFO] validating...
/home/zakerian/miniconda3/envs/usb/lib/python3.8/site-packages/sklearn/metrics/_classification.py:1471: UndefinedMetricWarning: Precision is ill-defined and being set to 0.0 in labels with no predicted samples. Use `zero_division` parameter to control this behavior.
  _warn_prf(average, modifier, msg_start, len(result))
[2025-02-19 11:15:38,464 INFO] confusion matrix:
[[0.97 0.   0.   ... 0.   0.   0.  ]
 [0.   0.99 0.   ... 0.   0.   0.  ]
 [0.   0.   0.68 ... 0.   0.22 0.  ]
 ...
 [0.   0.   0.   ... 0.94 0.   0.  ]
 [0.   0.   0.02 ... 0.   0.64 0.  ]
 [0.   0.   0.   ... 0.   0.   0.79]]
[2025-02-19 11:15:40,101 INFO] model saved: ./saved_models/usb_cv/fixmatch_cifar100_400_0/latest_model.pth
[2025-02-19 11:15:40,102 INFO] 182272 iteration, USE_EMA: False, train/sup_loss: 0.0000, train/unsup_loss: 0.7509, train/total_loss: 0.7509, train/util_ratio: 0.6250, train/run_time: 0.1724, eval/loss: 1.8041, eval/top-1-acc: 0.7961, eval/top-5-acc: 0.9444, eval/balanced_acc: 0.7961, eval/precision: 0.8071, eval/recall: 0.7961, eval/F1: 0.7826, lr: 0.0002, train/prefecth_time: 0.0023 BEST_EVAL_ACC: 0.7976, at 165888 iters
[2025-02-19 11:16:29,429 INFO] 182528 iteration USE_EMA: False, train/sup_loss: 0.0000, train/unsup_loss: 0.4106, train/total_loss: 0.4107, train/util_ratio: 0.7500, train/run_time: 0.1731, lr: 0.0002, train/prefecth_time: 0.0023 
[2025-02-19 11:17:18,313 INFO] 182784 iteration USE_EMA: False, train/sup_loss: 0.0000, train/unsup_loss: 0.0388, train/total_loss: 0.0388, train/util_ratio: 0.8750, train/run_time: 0.1733, lr: 0.0002, train/prefecth_time: 0.0025 
[2025-02-19 11:18:07,179 INFO] 183040 iteration USE_EMA: False, train/sup_loss: 0.0000, train/unsup_loss: 0.0435, train/total_loss: 0.0435, train/util_ratio: 0.7500, train/run_time: 0.1717, lr: 0.0002, train/prefecth_time: 0.0022 
[2025-02-19 11:18:56,040 INFO] 183296 iteration USE_EMA: False, train/sup_loss: 0.0000, train/unsup_loss: 0.1048, train/total_loss: 0.1048, train/util_ratio: 0.8750, train/run_time: 0.1732, lr: 0.0002, train/prefecth_time: 0.0021 
[2025-02-19 11:19:45,439 INFO] 183552 iteration USE_EMA: False, train/sup_loss: 0.0001, train/unsup_loss: 0.1034, train/total_loss: 0.1034, train/util_ratio: 1.0000, train/run_time: 0.1723, lr: 0.0002, train/prefecth_time: 0.0025 
[2025-02-19 11:20:34,435 INFO] 183808 iteration USE_EMA: False, train/sup_loss: 0.0040, train/unsup_loss: 0.1973, train/total_loss: 0.2014, train/util_ratio: 0.7500, train/run_time: 0.1726, lr: 0.0002, train/prefecth_time: 0.0025 
[2025-02-19 11:21:23,427 INFO] 184064 iteration USE_EMA: False, train/sup_loss: 0.0000, train/unsup_loss: 0.0224, train/total_loss: 0.0224, train/util_ratio: 1.0000, train/run_time: 0.1731, lr: 0.0002, train/prefecth_time: 0.0022 
[2025-02-19 11:22:12,371 INFO] validating...
/home/zakerian/miniconda3/envs/usb/lib/python3.8/site-packages/sklearn/metrics/_classification.py:1471: UndefinedMetricWarning: Precision is ill-defined and being set to 0.0 in labels with no predicted samples. Use `zero_division` parameter to control this behavior.
  _warn_prf(average, modifier, msg_start, len(result))
[2025-02-19 11:22:38,958 INFO] confusion matrix:
[[0.97 0.   0.   ... 0.   0.   0.  ]
 [0.   0.99 0.   ... 0.   0.   0.  ]
 [0.   0.   0.64 ... 0.   0.22 0.  ]
 ...
 [0.   0.   0.   ... 0.94 0.   0.  ]
 [0.   0.   0.01 ... 0.   0.64 0.  ]
 [0.   0.   0.   ... 0.   0.   0.75]]
[2025-02-19 11:22:40,589 INFO] model saved: ./saved_models/usb_cv/fixmatch_cifar100_400_0/latest_model.pth
[2025-02-19 11:22:40,591 INFO] 184320 iteration, USE_EMA: False, train/sup_loss: 0.0000, train/unsup_loss: 0.0014, train/total_loss: 0.0015, train/util_ratio: 1.0000, train/run_time: 0.1733, eval/loss: 1.8618, eval/top-1-acc: 0.7934, eval/top-5-acc: 0.9429, eval/balanced_acc: 0.7934, eval/precision: 0.8077, eval/recall: 0.7934, eval/F1: 0.7796, lr: 0.0002, train/prefecth_time: 0.0022 BEST_EVAL_ACC: 0.7976, at 165888 iters
[2025-02-19 11:23:30,034 INFO] 184576 iteration USE_EMA: False, train/sup_loss: 0.0000, train/unsup_loss: 0.1396, train/total_loss: 0.1396, train/util_ratio: 0.7500, train/run_time: 0.1733, lr: 0.0002, train/prefecth_time: 0.0026 
[2025-02-19 11:24:19,006 INFO] 184832 iteration USE_EMA: False, train/sup_loss: 0.0001, train/unsup_loss: 0.0189, train/total_loss: 0.0190, train/util_ratio: 1.0000, train/run_time: 0.1720, lr: 0.0002, train/prefecth_time: 0.0025 
[2025-02-19 11:25:08,018 INFO] 185088 iteration USE_EMA: False, train/sup_loss: 0.0013, train/unsup_loss: 0.0612, train/total_loss: 0.0624, train/util_ratio: 1.0000, train/run_time: 0.1725, lr: 0.0002, train/prefecth_time: 0.0024 
[2025-02-19 11:25:56,970 INFO] 185344 iteration USE_EMA: False, train/sup_loss: 0.0001, train/unsup_loss: 0.0622, train/total_loss: 0.0623, train/util_ratio: 1.0000, train/run_time: 0.1720, lr: 0.0002, train/prefecth_time: 0.0023 
[2025-02-19 11:26:46,274 INFO] 185600 iteration USE_EMA: False, train/sup_loss: 0.0000, train/unsup_loss: 0.0392, train/total_loss: 0.0392, train/util_ratio: 0.8750, train/run_time: 0.1727, lr: 0.0002, train/prefecth_time: 0.0024 
[2025-02-19 11:27:35,123 INFO] 185856 iteration USE_EMA: False, train/sup_loss: 0.0000, train/unsup_loss: 0.7567, train/total_loss: 0.7567, train/util_ratio: 0.6250, train/run_time: 0.1728, lr: 0.0002, train/prefecth_time: 0.0024 
[2025-02-19 11:28:23,996 INFO] 186112 iteration USE_EMA: False, train/sup_loss: 0.0379, train/unsup_loss: 0.0114, train/total_loss: 0.0493, train/util_ratio: 0.7500, train/run_time: 0.1721, lr: 0.0002, train/prefecth_time: 0.0025 
[2025-02-19 11:29:12,839 INFO] validating...
/home/zakerian/miniconda3/envs/usb/lib/python3.8/site-packages/sklearn/metrics/_classification.py:1471: UndefinedMetricWarning: Precision is ill-defined and being set to 0.0 in labels with no predicted samples. Use `zero_division` parameter to control this behavior.
  _warn_prf(average, modifier, msg_start, len(result))
[2025-02-19 11:29:39,807 INFO] confusion matrix:
[[0.98 0.   0.   ... 0.   0.   0.  ]
 [0.   0.99 0.   ... 0.   0.   0.  ]
 [0.   0.   0.68 ... 0.   0.25 0.  ]
 ...
 [0.   0.   0.   ... 0.96 0.   0.  ]
 [0.   0.   0.01 ... 0.   0.69 0.  ]
 [0.   0.   0.   ... 0.   0.   0.8 ]]
[2025-02-19 11:29:41,445 INFO] model saved: ./saved_models/usb_cv/fixmatch_cifar100_400_0/latest_model.pth
[2025-02-19 11:29:41,447 INFO] 186368 iteration, USE_EMA: False, train/sup_loss: 0.0001, train/unsup_loss: 0.0001, train/total_loss: 0.0002, train/util_ratio: 0.8750, train/run_time: 0.1724, eval/loss: 1.8965, eval/top-1-acc: 0.7932, eval/top-5-acc: 0.9422, eval/balanced_acc: 0.7932, eval/precision: 0.8060, eval/recall: 0.7932, eval/F1: 0.7792, lr: 0.0002, train/prefecth_time: 0.0021 BEST_EVAL_ACC: 0.7976, at 165888 iters
[2025-02-19 11:30:30,859 INFO] 186624 iteration USE_EMA: False, train/sup_loss: 0.0000, train/unsup_loss: 0.0048, train/total_loss: 0.0048, train/util_ratio: 0.8750, train/run_time: 0.1727, lr: 0.0002, train/prefecth_time: 0.0026 
[2025-02-19 11:31:19,821 INFO] 186880 iteration USE_EMA: False, train/sup_loss: 0.0000, train/unsup_loss: 0.0330, train/total_loss: 0.0330, train/util_ratio: 0.8750, train/run_time: 0.1723, lr: 0.0002, train/prefecth_time: 0.0026 
[2025-02-19 11:32:08,818 INFO] 187136 iteration USE_EMA: False, train/sup_loss: 0.0000, train/unsup_loss: 0.0064, train/total_loss: 0.0065, train/util_ratio: 0.7500, train/run_time: 0.1717, lr: 0.0002, train/prefecth_time: 0.0025 
[2025-02-19 11:32:57,807 INFO] 187392 iteration USE_EMA: False, train/sup_loss: 0.0000, train/unsup_loss: 0.2388, train/total_loss: 0.2388, train/util_ratio: 0.6250, train/run_time: 0.1726, lr: 0.0002, train/prefecth_time: 0.0024 
[2025-02-19 11:33:47,235 INFO] 187648 iteration USE_EMA: False, train/sup_loss: 0.0000, train/unsup_loss: 0.1895, train/total_loss: 0.1895, train/util_ratio: 1.0000, train/run_time: 0.1721, lr: 0.0002, train/prefecth_time: 0.0024 
[2025-02-19 11:34:36,134 INFO] 187904 iteration USE_EMA: False, train/sup_loss: 0.0003, train/unsup_loss: 0.2784, train/total_loss: 0.2786, train/util_ratio: 0.6250, train/run_time: 0.1724, lr: 0.0002, train/prefecth_time: 0.0026 
[2025-02-19 11:35:25,051 INFO] 188160 iteration USE_EMA: False, train/sup_loss: 0.0000, train/unsup_loss: 0.0746, train/total_loss: 0.0747, train/util_ratio: 0.8750, train/run_time: 0.1735, lr: 0.0002, train/prefecth_time: 0.0025 
[2025-02-19 11:36:14,098 INFO] validating...
/home/zakerian/miniconda3/envs/usb/lib/python3.8/site-packages/sklearn/metrics/_classification.py:1471: UndefinedMetricWarning: Precision is ill-defined and being set to 0.0 in labels with no predicted samples. Use `zero_division` parameter to control this behavior.
  _warn_prf(average, modifier, msg_start, len(result))
[2025-02-19 11:36:40,933 INFO] confusion matrix:
[[0.98 0.   0.   ... 0.   0.   0.  ]
 [0.   0.99 0.   ... 0.   0.   0.  ]
 [0.   0.   0.69 ... 0.   0.21 0.  ]
 ...
 [0.   0.   0.   ... 0.95 0.   0.  ]
 [0.   0.   0.02 ... 0.   0.64 0.  ]
 [0.   0.   0.   ... 0.   0.   0.77]]
[2025-02-19 11:36:42,576 INFO] model saved: ./saved_models/usb_cv/fixmatch_cifar100_400_0/latest_model.pth
[2025-02-19 11:36:42,578 INFO] 188416 iteration, USE_EMA: False, train/sup_loss: 0.0000, train/unsup_loss: 1.0523, train/total_loss: 1.0523, train/util_ratio: 0.7500, train/run_time: 0.1726, eval/loss: 1.9004, eval/top-1-acc: 0.7952, eval/top-5-acc: 0.9412, eval/balanced_acc: 0.7952, eval/precision: 0.8062, eval/recall: 0.7952, eval/F1: 0.7799, lr: 0.0002, train/prefecth_time: 0.0023 BEST_EVAL_ACC: 0.7976, at 165888 iters
[2025-02-19 11:37:32,001 INFO] 188672 iteration USE_EMA: False, train/sup_loss: 0.0001, train/unsup_loss: 0.0777, train/total_loss: 0.0778, train/util_ratio: 0.8750, train/run_time: 0.1719, lr: 0.0002, train/prefecth_time: 0.0024 
[2025-02-19 11:38:21,038 INFO] 188928 iteration USE_EMA: False, train/sup_loss: 0.0000, train/unsup_loss: 0.2693, train/total_loss: 0.2693, train/util_ratio: 0.8750, train/run_time: 0.1726, lr: 0.0002, train/prefecth_time: 0.0028 
[2025-02-19 11:39:10,134 INFO] 189184 iteration USE_EMA: False, train/sup_loss: 0.0002, train/unsup_loss: 0.1084, train/total_loss: 0.1086, train/util_ratio: 0.8750, train/run_time: 0.1722, lr: 0.0001, train/prefecth_time: 0.0027 
[2025-02-19 11:39:59,118 INFO] 189440 iteration USE_EMA: False, train/sup_loss: 0.0000, train/unsup_loss: 0.6979, train/total_loss: 0.6979, train/util_ratio: 1.0000, train/run_time: 0.1725, lr: 0.0001, train/prefecth_time: 0.0022 
[2025-02-19 11:40:48,455 INFO] 189696 iteration USE_EMA: False, train/sup_loss: 0.0000, train/unsup_loss: 0.0133, train/total_loss: 0.0133, train/util_ratio: 0.8750, train/run_time: 0.1728, lr: 0.0001, train/prefecth_time: 0.0024 
[2025-02-19 11:41:37,421 INFO] 189952 iteration USE_EMA: False, train/sup_loss: 0.0000, train/unsup_loss: 0.0386, train/total_loss: 0.0386, train/util_ratio: 0.7500, train/run_time: 0.1732, lr: 0.0001, train/prefecth_time: 0.0026 
[2025-02-19 11:42:26,550 INFO] 190208 iteration USE_EMA: False, train/sup_loss: 0.0000, train/unsup_loss: 0.2820, train/total_loss: 0.2820, train/util_ratio: 0.6250, train/run_time: 0.1723, lr: 0.0001, train/prefecth_time: 0.0023 
[2025-02-19 11:43:15,590 INFO] validating...
[2025-02-19 11:43:42,106 INFO] confusion matrix:
[[0.99 0.   0.   ... 0.   0.   0.  ]
 [0.   0.99 0.   ... 0.   0.   0.  ]
 [0.   0.   0.65 ... 0.   0.28 0.  ]
 ...
 [0.   0.   0.   ... 0.95 0.   0.  ]
 [0.   0.   0.01 ... 0.   0.69 0.  ]
 [0.   0.   0.   ... 0.   0.   0.82]]
[2025-02-19 11:43:43,747 INFO] model saved: ./saved_models/usb_cv/fixmatch_cifar100_400_0/latest_model.pth
[2025-02-19 11:43:43,748 INFO] 190464 iteration, USE_EMA: False, train/sup_loss: 0.0000, train/unsup_loss: 0.0181, train/total_loss: 0.0181, train/util_ratio: 0.8750, train/run_time: 0.1729, eval/loss: 1.8559, eval/top-1-acc: 0.7953, eval/top-5-acc: 0.9428, eval/balanced_acc: 0.7953, eval/precision: 0.8046, eval/recall: 0.7953, eval/F1: 0.7810, lr: 0.0001, train/prefecth_time: 0.0023 BEST_EVAL_ACC: 0.7976, at 165888 iters
[2025-02-19 11:44:33,224 INFO] 190720 iteration USE_EMA: False, train/sup_loss: 0.0000, train/unsup_loss: 1.3114, train/total_loss: 1.3114, train/util_ratio: 0.7500, train/run_time: 0.1719, lr: 0.0001, train/prefecth_time: 0.0024 
[2025-02-19 11:45:22,216 INFO] 190976 iteration USE_EMA: False, train/sup_loss: 0.0000, train/unsup_loss: 0.0188, train/total_loss: 0.0189, train/util_ratio: 0.6250, train/run_time: 0.1731, lr: 0.0001, train/prefecth_time: 0.0024 
[2025-02-19 11:46:11,206 INFO] 191232 iteration USE_EMA: False, train/sup_loss: 0.0000, train/unsup_loss: 0.0084, train/total_loss: 0.0084, train/util_ratio: 0.7500, train/run_time: 0.1731, lr: 0.0001, train/prefecth_time: 0.0027 
[2025-02-19 11:47:00,192 INFO] 191488 iteration USE_EMA: False, train/sup_loss: 0.0001, train/unsup_loss: 0.1171, train/total_loss: 0.1172, train/util_ratio: 0.7500, train/run_time: 0.1716, lr: 0.0001, train/prefecth_time: 0.0023 
[2025-02-19 11:47:49,545 INFO] 191744 iteration USE_EMA: False, train/sup_loss: 0.0000, train/unsup_loss: 0.1671, train/total_loss: 0.1671, train/util_ratio: 0.8750, train/run_time: 0.1737, lr: 0.0001, train/prefecth_time: 0.0028 
[2025-02-19 11:48:38,581 INFO] 192000 iteration USE_EMA: False, train/sup_loss: 0.0001, train/unsup_loss: 0.0829, train/total_loss: 0.0831, train/util_ratio: 0.7500, train/run_time: 0.1729, lr: 0.0001, train/prefecth_time: 0.0025 
[2025-02-19 11:49:27,612 INFO] 192256 iteration USE_EMA: False, train/sup_loss: 0.0000, train/unsup_loss: 0.0578, train/total_loss: 0.0578, train/util_ratio: 1.0000, train/run_time: 0.1731, lr: 0.0001, train/prefecth_time: 0.0026 
[2025-02-19 11:50:16,585 INFO] validating...
/home/zakerian/miniconda3/envs/usb/lib/python3.8/site-packages/sklearn/metrics/_classification.py:1471: UndefinedMetricWarning: Precision is ill-defined and being set to 0.0 in labels with no predicted samples. Use `zero_division` parameter to control this behavior.
  _warn_prf(average, modifier, msg_start, len(result))
[2025-02-19 11:50:43,012 INFO] confusion matrix:
[[0.94 0.   0.   ... 0.   0.   0.  ]
 [0.   0.99 0.   ... 0.   0.   0.  ]
 [0.   0.   0.61 ... 0.   0.31 0.  ]
 ...
 [0.   0.   0.   ... 0.94 0.   0.  ]
 [0.   0.   0.01 ... 0.   0.69 0.  ]
 [0.   0.   0.   ... 0.   0.   0.82]]
[2025-02-19 11:50:44,643 INFO] model saved: ./saved_models/usb_cv/fixmatch_cifar100_400_0/latest_model.pth
[2025-02-19 11:50:44,645 INFO] 192512 iteration, USE_EMA: False, train/sup_loss: 0.0000, train/unsup_loss: 0.3093, train/total_loss: 0.3093, train/util_ratio: 0.8750, train/run_time: 0.1724, eval/loss: 1.8722, eval/top-1-acc: 0.7936, eval/top-5-acc: 0.9452, eval/balanced_acc: 0.7936, eval/precision: 0.8077, eval/recall: 0.7936, eval/F1: 0.7801, lr: 0.0001, train/prefecth_time: 0.0022 BEST_EVAL_ACC: 0.7976, at 165888 iters
[2025-02-19 11:51:34,072 INFO] 192768 iteration USE_EMA: False, train/sup_loss: 0.0000, train/unsup_loss: 0.0822, train/total_loss: 0.0822, train/util_ratio: 0.7500, train/run_time: 0.1720, lr: 0.0001, train/prefecth_time: 0.0022 
[2025-02-19 11:52:23,040 INFO] 193024 iteration USE_EMA: False, train/sup_loss: 0.0000, train/unsup_loss: 0.4190, train/total_loss: 0.4191, train/util_ratio: 0.8750, train/run_time: 0.1728, lr: 0.0001, train/prefecth_time: 0.0025 
[2025-02-19 11:53:12,099 INFO] 193280 iteration USE_EMA: False, train/sup_loss: 0.0000, train/unsup_loss: 0.0361, train/total_loss: 0.0361, train/util_ratio: 0.8750, train/run_time: 0.1721, lr: 0.0001, train/prefecth_time: 0.0023 
[2025-02-19 11:54:01,071 INFO] 193536 iteration USE_EMA: False, train/sup_loss: 0.0000, train/unsup_loss: 0.0083, train/total_loss: 0.0083, train/util_ratio: 1.0000, train/run_time: 0.1721, lr: 0.0001, train/prefecth_time: 0.0023 
[2025-02-19 11:54:50,510 INFO] 193792 iteration USE_EMA: False, train/sup_loss: 0.0000, train/unsup_loss: 0.4729, train/total_loss: 0.4730, train/util_ratio: 0.6250, train/run_time: 0.1724, lr: 0.0001, train/prefecth_time: 0.0026 
[2025-02-19 11:55:39,504 INFO] 194048 iteration USE_EMA: False, train/sup_loss: 0.0000, train/unsup_loss: 0.9230, train/total_loss: 0.9230, train/util_ratio: 1.0000, train/run_time: 0.1734, lr: 0.0001, train/prefecth_time: 0.0026 
[2025-02-19 11:56:28,513 INFO] 194304 iteration USE_EMA: False, train/sup_loss: 0.0653, train/unsup_loss: 0.2373, train/total_loss: 0.3026, train/util_ratio: 0.7500, train/run_time: 0.1733, lr: 0.0001, train/prefecth_time: 0.0027 
[2025-02-19 11:57:17,517 INFO] validating...
/home/zakerian/miniconda3/envs/usb/lib/python3.8/site-packages/sklearn/metrics/_classification.py:1471: UndefinedMetricWarning: Precision is ill-defined and being set to 0.0 in labels with no predicted samples. Use `zero_division` parameter to control this behavior.
  _warn_prf(average, modifier, msg_start, len(result))
[2025-02-19 11:57:44,231 INFO] confusion matrix:
[[0.98 0.   0.   ... 0.   0.   0.  ]
 [0.   0.99 0.   ... 0.   0.   0.  ]
 [0.   0.   0.56 ... 0.   0.33 0.  ]
 ...
 [0.   0.   0.   ... 0.95 0.   0.  ]
 [0.   0.   0.01 ... 0.   0.67 0.  ]
 [0.   0.   0.   ... 0.   0.   0.77]]
[2025-02-19 11:57:45,873 INFO] model saved: ./saved_models/usb_cv/fixmatch_cifar100_400_0/latest_model.pth
[2025-02-19 11:57:45,874 INFO] 194560 iteration, USE_EMA: False, train/sup_loss: 0.0000, train/unsup_loss: 0.0073, train/total_loss: 0.0073, train/util_ratio: 0.7500, train/run_time: 0.1725, eval/loss: 1.8737, eval/top-1-acc: 0.7946, eval/top-5-acc: 0.9436, eval/balanced_acc: 0.7946, eval/precision: 0.8117, eval/recall: 0.7946, eval/F1: 0.7815, lr: 0.0001, train/prefecth_time: 0.0023 BEST_EVAL_ACC: 0.7976, at 165888 iters
[2025-02-19 11:58:35,223 INFO] 194816 iteration USE_EMA: False, train/sup_loss: 0.0000, train/unsup_loss: 0.1212, train/total_loss: 0.1212, train/util_ratio: 0.7500, train/run_time: 0.1724, lr: 0.0001, train/prefecth_time: 0.0023 
[2025-02-19 11:59:24,101 INFO] 195072 iteration USE_EMA: False, train/sup_loss: 0.0007, train/unsup_loss: 0.0318, train/total_loss: 0.0326, train/util_ratio: 1.0000, train/run_time: 0.1724, lr: 0.0001, train/prefecth_time: 0.0024 
[2025-02-19 12:00:13,039 INFO] 195328 iteration USE_EMA: False, train/sup_loss: 0.0000, train/unsup_loss: 0.5062, train/total_loss: 0.5062, train/util_ratio: 0.8750, train/run_time: 0.1729, lr: 0.0001, train/prefecth_time: 0.0024 
[2025-02-19 12:01:01,980 INFO] 195584 iteration USE_EMA: False, train/sup_loss: 0.0000, train/unsup_loss: 0.0006, train/total_loss: 0.0006, train/util_ratio: 0.8750, train/run_time: 0.1730, lr: 0.0001, train/prefecth_time: 0.0022 
[2025-02-19 12:01:51,373 INFO] 195840 iteration USE_EMA: False, train/sup_loss: 0.0000, train/unsup_loss: 0.3276, train/total_loss: 0.3276, train/util_ratio: 1.0000, train/run_time: 0.1731, lr: 0.0001, train/prefecth_time: 0.0024 
[2025-02-19 12:02:40,405 INFO] 196096 iteration USE_EMA: False, train/sup_loss: 0.0000, train/unsup_loss: 0.1300, train/total_loss: 0.1301, train/util_ratio: 0.7500, train/run_time: 0.1722, lr: 0.0001, train/prefecth_time: 0.0024 
[2025-02-19 12:03:29,384 INFO] 196352 iteration USE_EMA: False, train/sup_loss: 0.0000, train/unsup_loss: 0.0615, train/total_loss: 0.0615, train/util_ratio: 0.6250, train/run_time: 0.1735, lr: 0.0001, train/prefecth_time: 0.0025 
[2025-02-19 12:04:18,369 INFO] validating...
[2025-02-19 12:04:45,018 INFO] confusion matrix:
[[0.99 0.   0.   ... 0.   0.   0.  ]
 [0.   0.97 0.   ... 0.   0.   0.  ]
 [0.   0.   0.57 ... 0.   0.32 0.  ]
 ...
 [0.   0.   0.   ... 0.96 0.   0.  ]
 [0.   0.   0.01 ... 0.   0.67 0.  ]
 [0.   0.   0.   ... 0.   0.   0.83]]
[2025-02-19 12:04:46,658 INFO] model saved: ./saved_models/usb_cv/fixmatch_cifar100_400_0/latest_model.pth
[2025-02-19 12:04:46,660 INFO] 196608 iteration, USE_EMA: False, train/sup_loss: 0.0000, train/unsup_loss: 0.0836, train/total_loss: 0.0836, train/util_ratio: 1.0000, train/run_time: 0.1736, eval/loss: 1.9053, eval/top-1-acc: 0.7954, eval/top-5-acc: 0.9470, eval/balanced_acc: 0.7954, eval/precision: 0.8060, eval/recall: 0.7954, eval/F1: 0.7822, lr: 0.0001, train/prefecth_time: 0.0023 BEST_EVAL_ACC: 0.7976, at 165888 iters
[2025-02-19 12:05:36,049 INFO] 196864 iteration USE_EMA: False, train/sup_loss: 0.0000, train/unsup_loss: 0.1221, train/total_loss: 0.1221, train/util_ratio: 0.8750, train/run_time: 0.1721, lr: 0.0001, train/prefecth_time: 0.0025 
[2025-02-19 12:06:25,019 INFO] 197120 iteration USE_EMA: False, train/sup_loss: 0.0001, train/unsup_loss: 1.0158, train/total_loss: 1.0159, train/util_ratio: 0.7500, train/run_time: 0.1726, lr: 0.0001, train/prefecth_time: 0.0025 
[2025-02-19 12:07:13,982 INFO] 197376 iteration USE_EMA: False, train/sup_loss: 0.0001, train/unsup_loss: 0.4129, train/total_loss: 0.4130, train/util_ratio: 0.8750, train/run_time: 0.1735, lr: 0.0001, train/prefecth_time: 0.0024 
[2025-02-19 12:08:02,964 INFO] 197632 iteration USE_EMA: False, train/sup_loss: 0.0000, train/unsup_loss: 0.2817, train/total_loss: 0.2817, train/util_ratio: 0.8750, train/run_time: 0.1727, lr: 0.0001, train/prefecth_time: 0.0023 
[2025-02-19 12:08:52,325 INFO] 197888 iteration USE_EMA: False, train/sup_loss: 0.0112, train/unsup_loss: 0.0530, train/total_loss: 0.0642, train/util_ratio: 0.8750, train/run_time: 0.1730, lr: 0.0001, train/prefecth_time: 0.0026 
[2025-02-19 12:09:41,260 INFO] 198144 iteration USE_EMA: False, train/sup_loss: 0.0039, train/unsup_loss: 0.0426, train/total_loss: 0.0464, train/util_ratio: 1.0000, train/run_time: 0.1722, lr: 0.0001, train/prefecth_time: 0.0024 
[2025-02-19 12:10:30,212 INFO] 198400 iteration USE_EMA: False, train/sup_loss: 0.0000, train/unsup_loss: 0.0663, train/total_loss: 0.0663, train/util_ratio: 1.0000, train/run_time: 0.1724, lr: 0.0001, train/prefecth_time: 0.0026 
[2025-02-19 12:11:19,159 INFO] validating...
[2025-02-19 12:11:45,988 INFO] confusion matrix:
[[0.97 0.   0.   ... 0.   0.   0.  ]
 [0.   0.99 0.   ... 0.   0.   0.  ]
 [0.   0.   0.61 ... 0.   0.26 0.  ]
 ...
 [0.   0.   0.   ... 0.96 0.   0.  ]
 [0.   0.   0.01 ... 0.   0.62 0.  ]
 [0.   0.   0.   ... 0.   0.   0.82]]
[2025-02-19 12:11:47,614 INFO] model saved: ./saved_models/usb_cv/fixmatch_cifar100_400_0/latest_model.pth
[2025-02-19 12:11:47,616 INFO] 198656 iteration, USE_EMA: False, train/sup_loss: 0.0000, train/unsup_loss: 0.1187, train/total_loss: 0.1187, train/util_ratio: 1.0000, train/run_time: 0.1721, eval/loss: 1.8983, eval/top-1-acc: 0.7950, eval/top-5-acc: 0.9453, eval/balanced_acc: 0.7950, eval/precision: 0.8057, eval/recall: 0.7950, eval/F1: 0.7814, lr: 0.0001, train/prefecth_time: 0.0022 BEST_EVAL_ACC: 0.7976, at 165888 iters
[2025-02-19 12:12:37,063 INFO] 198912 iteration USE_EMA: False, train/sup_loss: 0.0000, train/unsup_loss: 0.8575, train/total_loss: 0.8575, train/util_ratio: 1.0000, train/run_time: 0.1723, lr: 0.0001, train/prefecth_time: 0.0025 
[2025-02-19 12:13:26,055 INFO] 199168 iteration USE_EMA: False, train/sup_loss: 0.0000, train/unsup_loss: 0.0828, train/total_loss: 0.0829, train/util_ratio: 0.8750, train/run_time: 0.1735, lr: 0.0001, train/prefecth_time: 0.0025 
[2025-02-19 12:14:15,056 INFO] 199424 iteration USE_EMA: False, train/sup_loss: 0.0000, train/unsup_loss: 0.0437, train/total_loss: 0.0437, train/util_ratio: 1.0000, train/run_time: 0.1728, lr: 0.0001, train/prefecth_time: 0.0025 
[2025-02-19 12:15:03,961 INFO] 199680 iteration USE_EMA: False, train/sup_loss: 0.0000, train/unsup_loss: 0.0698, train/total_loss: 0.0698, train/util_ratio: 0.7500, train/run_time: 0.1722, lr: 0.0001, train/prefecth_time: 0.0022 
[2025-02-19 12:15:53,352 INFO] 199936 iteration USE_EMA: False, train/sup_loss: 0.0003, train/unsup_loss: 0.1485, train/total_loss: 0.1488, train/util_ratio: 0.5000, train/run_time: 0.1725, lr: 0.0001, train/prefecth_time: 0.0024 
[2025-02-19 12:16:42,310 INFO] 200192 iteration USE_EMA: False, train/sup_loss: 0.0000, train/unsup_loss: 0.0023, train/total_loss: 0.0024, train/util_ratio: 0.7500, train/run_time: 0.1736, lr: 0.0001, train/prefecth_time: 0.0025 
[2025-02-19 12:17:31,289 INFO] 200448 iteration USE_EMA: False, train/sup_loss: 0.0000, train/unsup_loss: 0.1668, train/total_loss: 0.1669, train/util_ratio: 0.8750, train/run_time: 0.1732, lr: 0.0001, train/prefecth_time: 0.0025 
[2025-02-19 12:18:20,279 INFO] validating...
[2025-02-19 12:18:46,911 INFO] confusion matrix:
[[0.98 0.   0.   ... 0.   0.   0.  ]
 [0.   0.99 0.   ... 0.   0.   0.  ]
 [0.   0.   0.65 ... 0.   0.22 0.  ]
 ...
 [0.   0.   0.   ... 0.94 0.   0.  ]
 [0.   0.   0.01 ... 0.   0.57 0.  ]
 [0.   0.   0.   ... 0.   0.   0.81]]
[2025-02-19 12:18:48,553 INFO] model saved: ./saved_models/usb_cv/fixmatch_cifar100_400_0/latest_model.pth
[2025-02-19 12:18:48,554 INFO] 200704 iteration, USE_EMA: False, train/sup_loss: 0.0000, train/unsup_loss: 0.0352, train/total_loss: 0.0353, train/util_ratio: 0.6250, train/run_time: 0.1733, eval/loss: 1.8775, eval/top-1-acc: 0.7964, eval/top-5-acc: 0.9452, eval/balanced_acc: 0.7964, eval/precision: 0.8103, eval/recall: 0.7964, eval/F1: 0.7835, lr: 0.0001, train/prefecth_time: 0.0023 BEST_EVAL_ACC: 0.7976, at 165888 iters
[2025-02-19 12:19:37,981 INFO] 200960 iteration USE_EMA: False, train/sup_loss: 0.0001, train/unsup_loss: 0.0489, train/total_loss: 0.0491, train/util_ratio: 0.7500, train/run_time: 0.1721, lr: 0.0001, train/prefecth_time: 0.0026 
[2025-02-19 12:20:27,030 INFO] 201216 iteration USE_EMA: False, train/sup_loss: 0.0000, train/unsup_loss: 0.2299, train/total_loss: 0.2299, train/util_ratio: 1.0000, train/run_time: 0.1727, lr: 0.0001, train/prefecth_time: 0.0026 
[2025-02-19 12:21:16,036 INFO] 201472 iteration USE_EMA: False, train/sup_loss: 0.0000, train/unsup_loss: 0.7413, train/total_loss: 0.7413, train/util_ratio: 0.5000, train/run_time: 0.1724, lr: 0.0001, train/prefecth_time: 0.0026 
[2025-02-19 12:22:04,995 INFO] 201728 iteration USE_EMA: False, train/sup_loss: 0.0000, train/unsup_loss: 0.5445, train/total_loss: 0.5445, train/util_ratio: 1.0000, train/run_time: 0.1722, lr: 0.0001, train/prefecth_time: 0.0021 
[2025-02-19 12:22:54,392 INFO] 201984 iteration USE_EMA: False, train/sup_loss: 0.0000, train/unsup_loss: 0.0318, train/total_loss: 0.0318, train/util_ratio: 1.0000, train/run_time: 0.1720, lr: 0.0001, train/prefecth_time: 0.0024 
[2025-02-19 12:23:43,398 INFO] 202240 iteration USE_EMA: False, train/sup_loss: 0.0005, train/unsup_loss: 0.8445, train/total_loss: 0.8450, train/util_ratio: 0.8750, train/run_time: 0.1726, lr: 0.0001, train/prefecth_time: 0.0024 
[2025-02-19 12:24:32,415 INFO] 202496 iteration USE_EMA: False, train/sup_loss: 0.0000, train/unsup_loss: 0.3749, train/total_loss: 0.3750, train/util_ratio: 0.7500, train/run_time: 0.1731, lr: 0.0001, train/prefecth_time: 0.0029 
[2025-02-19 12:25:21,448 INFO] validating...
/home/zakerian/miniconda3/envs/usb/lib/python3.8/site-packages/sklearn/metrics/_classification.py:1471: UndefinedMetricWarning: Precision is ill-defined and being set to 0.0 in labels with no predicted samples. Use `zero_division` parameter to control this behavior.
  _warn_prf(average, modifier, msg_start, len(result))
[2025-02-19 12:25:48,121 INFO] confusion matrix:
[[0.97 0.   0.   ... 0.   0.   0.  ]
 [0.   0.99 0.   ... 0.   0.   0.  ]
 [0.   0.   0.66 ... 0.   0.25 0.  ]
 ...
 [0.   0.   0.   ... 0.96 0.   0.  ]
 [0.   0.   0.01 ... 0.   0.64 0.  ]
 [0.   0.   0.   ... 0.   0.   0.72]]
[2025-02-19 12:25:49,756 INFO] model saved: ./saved_models/usb_cv/fixmatch_cifar100_400_0/latest_model.pth
[2025-02-19 12:25:49,758 INFO] 202752 iteration, USE_EMA: False, train/sup_loss: 0.0000, train/unsup_loss: 0.0118, train/total_loss: 0.0118, train/util_ratio: 0.7500, train/run_time: 0.1721, eval/loss: 1.9242, eval/top-1-acc: 0.7941, eval/top-5-acc: 0.9451, eval/balanced_acc: 0.7941, eval/precision: 0.8058, eval/recall: 0.7941, eval/F1: 0.7801, lr: 0.0001, train/prefecth_time: 0.0023 BEST_EVAL_ACC: 0.7976, at 165888 iters
[2025-02-19 12:26:39,243 INFO] 203008 iteration USE_EMA: False, train/sup_loss: 0.0000, train/unsup_loss: 0.0723, train/total_loss: 0.0724, train/util_ratio: 0.7500, train/run_time: 0.1730, lr: 0.0001, train/prefecth_time: 0.0025 
[2025-02-19 12:27:28,312 INFO] 203264 iteration USE_EMA: False, train/sup_loss: 0.0000, train/unsup_loss: 0.0136, train/total_loss: 0.0136, train/util_ratio: 0.7500, train/run_time: 0.1731, lr: 0.0001, train/prefecth_time: 0.0025 
[2025-02-19 12:28:17,453 INFO] 203520 iteration USE_EMA: False, train/sup_loss: 0.0000, train/unsup_loss: 0.1478, train/total_loss: 0.1478, train/util_ratio: 1.0000, train/run_time: 0.1726, lr: 0.0001, train/prefecth_time: 0.0024 
[2025-02-19 12:29:06,600 INFO] 203776 iteration USE_EMA: False, train/sup_loss: 0.0000, train/unsup_loss: 0.5793, train/total_loss: 0.5793, train/util_ratio: 1.0000, train/run_time: 0.1726, lr: 0.0001, train/prefecth_time: 0.0023 
[2025-02-19 12:29:56,031 INFO] 204032 iteration USE_EMA: False, train/sup_loss: 0.0000, train/unsup_loss: 0.4914, train/total_loss: 0.4914, train/util_ratio: 0.8750, train/run_time: 0.1734, lr: 0.0001, train/prefecth_time: 0.0028 
[2025-02-19 12:30:45,082 INFO] 204288 iteration USE_EMA: False, train/sup_loss: 0.0000, train/unsup_loss: 0.0003, train/total_loss: 0.0003, train/util_ratio: 0.8750, train/run_time: 0.1722, lr: 0.0001, train/prefecth_time: 0.0025 
[2025-02-19 12:31:34,024 INFO] 204544 iteration USE_EMA: False, train/sup_loss: 0.0000, train/unsup_loss: 0.1184, train/total_loss: 0.1184, train/util_ratio: 0.7500, train/run_time: 0.1731, lr: 0.0001, train/prefecth_time: 0.0028 
[2025-02-19 12:32:23,015 INFO] validating...
/home/zakerian/miniconda3/envs/usb/lib/python3.8/site-packages/sklearn/metrics/_classification.py:1471: UndefinedMetricWarning: Precision is ill-defined and being set to 0.0 in labels with no predicted samples. Use `zero_division` parameter to control this behavior.
  _warn_prf(average, modifier, msg_start, len(result))
[2025-02-19 12:32:49,832 INFO] confusion matrix:
[[0.98 0.   0.   ... 0.   0.   0.  ]
 [0.   0.98 0.   ... 0.   0.   0.  ]
 [0.   0.   0.65 ... 0.   0.28 0.  ]
 ...
 [0.   0.   0.   ... 0.94 0.   0.  ]
 [0.   0.   0.01 ... 0.   0.68 0.  ]
 [0.   0.   0.   ... 0.   0.   0.74]]
[2025-02-19 12:32:51,458 INFO] model saved: ./saved_models/usb_cv/fixmatch_cifar100_400_0/latest_model.pth
[2025-02-19 12:32:51,458 INFO] 204800 iteration, USE_EMA: False, train/sup_loss: 0.0000, train/unsup_loss: 0.0433, train/total_loss: 0.0433, train/util_ratio: 0.8750, train/run_time: 0.1724, eval/loss: 1.8761, eval/top-1-acc: 0.7954, eval/top-5-acc: 0.9444, eval/balanced_acc: 0.7954, eval/precision: 0.8070, eval/recall: 0.7954, eval/F1: 0.7816, lr: 0.0001, train/prefecth_time: 0.0022 BEST_EVAL_ACC: 0.7976, at 165888 iters
[2025-02-19 12:32:53,207 INFO] model saved: ./saved_models/usb_cv/fixmatch_cifar100_400_0/latest_model.pth
[2025-02-19 12:32:53,209 INFO] Model result - eval/best_acc : 0.7976
[2025-02-19 12:32:53,209 INFO] Model result - eval/best_it : 165887
[2025-02-19 12:32:53,209 WARNING] GPU 0 training is FINISHED
