nohup: ignoring input
train.py:287: UserWarning: You have chosen to seed training. This will turn on the CUDNN deterministic setting, which can slow down your training considerably! You may see unexpected behavior when restarting from checkpoints.
  warnings.warn(
train.py:298: UserWarning: You have chosen a specific GPU. This will completely disable data parallelism.
  warnings.warn(
[2025-02-26 22:53:06,494 INFO] Use GPU: 0 for training
[2025-02-26 22:53:07,003 INFO] unlabeled data number: 12936, labeled data number 2986
[2025-02-26 22:53:07,004 INFO] Create train and test data loaders
[2025-02-26 22:53:07,004 INFO] [!] data loader keys: dict_keys(['train_lb', 'train_ulb', 'eval'])
[2025-02-26 22:53:10,738 INFO] Create optimizer and scheduler
[2025-02-26 22:53:10,739 INFO] Number of Trainable Params: 86323951
[2025-02-26 22:53:10,986 INFO] Arguments: Namespace(T=0.5, algorithm='fixmatch', amp=False, batch_size=8, c='config/usb_cv/fixmatch/fixmatch_market1501_transReid_4label.yaml', clip=0.0, clip_grad=0, crop_ratio=0.875, data_dir='./data', dataset='market1501', dist_backend='gloo', dist_url='tcp://127.0.0.1:18537', distributed=False, ema_m=0.0, epoch=200, eval_batch_size=16, gpu=0, hard_label=True, imb_algorithm=None, img_size='(256, 128)', include_lb_to_ulb=True, lambda_t=0.1, layer_decay=0.95, lb_dest_len=2986, lb_imb_ratio=1, load_path='./saved_models/usb_cv/fixmatch_market1501_transReid_4label/latest_model.pth', lr=0.00035, max_length=512, max_length_seconds=4.0, momentum=0.9, multiprocessing_distributed=False, net='vit_base_patch16_224_TransReID', net_from_name=False, num_classes=751, num_eval_iter=2048, num_labels=3004, num_log_iter=256, num_train_iter=204800, num_warmup_iter=10240, num_workers=4, optim='AdamW', overwrite=True, p_cutoff=0.95, pretrain_path='./transformer_120.pth', rank=0, resume=False, sample_rate=16000, save_dir='./saved_models/usb_cv/', save_name='fixmatch_market1501_transReid_4label', seed=0, train_sampler='RandomSampler', triplet_margin=1.0, ulb_dest_len=12936, ulb_imb_ratio=1, ulb_loss_ratio=1.0, ulb_num_labels=None, uratio=5, use_aim=False, use_cat=True, use_pretrain=True, use_tensorboard=True, use_wandb=False, weight_decay=0.0005, world_size=1)
[2025-02-26 22:53:10,986 INFO] Resume load path ./saved_models/usb_cv/fixmatch_market1501_transReid_4label/latest_model.pth does not exist
[2025-02-26 22:53:10,986 INFO] Model training
Train set: 12936 images, 751 identities
Test set: 19281 images, 751 identities
Train set: 12936 images, 751 identities
Test set: 19281 images, 751 identities
the vit base p16 224 transreid is being used with pretrian path: ./transformer_120.pth
using stride: 16, and patch number is num_y16 * num_x8
the vit base p16 224 transreid is being used with pretrian path: None
using stride: 16, and patch number is num_y16 * num_x8
[2025-02-26 22:58:11,732 INFO] 256 iteration USE_EMA: False, train/sup_loss: 6.7722, train/unsup_loss: 0.0000, train/total_loss: 6.7722, train/util_ratio: 0.0000, train/run_time: 1.1429, lr: 0.0000, train/prefecth_time: 0.0069 
[2025-02-26 23:03:10,356 INFO] 512 iteration USE_EMA: False, train/sup_loss: 6.5323, train/unsup_loss: 0.0000, train/total_loss: 6.5323, train/util_ratio: 0.0000, train/run_time: 1.1405, lr: 0.0000, train/prefecth_time: 0.0067 
[2025-02-26 23:08:08,947 INFO] 768 iteration USE_EMA: False, train/sup_loss: 6.5674, train/unsup_loss: 0.0000, train/total_loss: 6.5674, train/util_ratio: 0.0000, train/run_time: 1.1439, lr: 0.0000, train/prefecth_time: 0.0095 
[2025-02-26 23:13:07,514 INFO] 1024 iteration USE_EMA: False, train/sup_loss: 6.7087, train/unsup_loss: 0.0000, train/total_loss: 6.7087, train/util_ratio: 0.0000, train/run_time: 1.1379, lr: 0.0000, train/prefecth_time: 0.0063 
[2025-02-26 23:18:06,815 INFO] 1280 iteration USE_EMA: False, train/sup_loss: 6.4653, train/unsup_loss: 0.0000, train/total_loss: 6.4653, train/util_ratio: 0.0000, train/run_time: 1.1360, lr: 0.0000, train/prefecth_time: 0.0065 
[2025-02-26 23:23:05,384 INFO] 1536 iteration USE_EMA: False, train/sup_loss: 5.6865, train/unsup_loss: 0.0000, train/total_loss: 5.6865, train/util_ratio: 0.0000, train/run_time: 1.1432, lr: 0.0001, train/prefecth_time: 0.0063 
[2025-02-26 23:28:04,078 INFO] 1792 iteration USE_EMA: False, train/sup_loss: 5.5156, train/unsup_loss: 0.0000, train/total_loss: 5.5156, train/util_ratio: 0.0000, train/run_time: 1.1510, lr: 0.0001, train/prefecth_time: 0.0060 
[2025-02-26 23:33:02,761 INFO] validating...
/home/zakerian/miniconda3/envs/usb/lib/python3.8/site-packages/sklearn/metrics/_classification.py:1471: UndefinedMetricWarning: Precision is ill-defined and being set to 0.0 in labels with no predicted samples. Use `zero_division` parameter to control this behavior.
  _warn_prf(average, modifier, msg_start, len(result))
[2025-02-26 23:34:34,487 INFO] confusion matrix:
[[0.         0.         0.         ... 0.         0.         0.00249643]
 [0.         0.         0.         ... 0.         0.         0.        ]
 [0.         0.         0.         ... 0.         0.         0.        ]
 ...
 [0.         0.         0.         ... 0.         0.         0.        ]
 [0.         0.         0.         ... 0.         0.         0.        ]
 [0.         0.         0.         ... 0.         0.         0.        ]]
[2025-02-26 23:34:35,656 INFO] model saved: ./saved_models/usb_cv/fixmatch_market1501_transReid_4label/latest_model.pth
[2025-02-26 23:34:36,834 INFO] model saved: ./saved_models/usb_cv/fixmatch_market1501_transReid_4label/model_best.pth
[2025-02-26 23:34:36,835 INFO] 2048 iteration, USE_EMA: False, train/sup_loss: 5.1661, train/unsup_loss: 0.0000, train/total_loss: 5.1661, train/util_ratio: 0.0000, train/run_time: 1.1437, eval/loss: 7.3778, eval/top-1-acc: 0.0008, eval/top-5-acc: 0.0067, eval/balanced_acc: 0.0010, eval/precision: 0.0004, eval/recall: 0.0010, eval/F1: 0.0003, eval/rank-1: 0.0008, eval/rank-5: 0.0067, eval/rank-10: 0.0135, eval/mAP: 0.0091, lr: 0.0001, train/prefecth_time: 0.0068 BEST_EVAL_ACC: 0.0008, at 2048 iters
[2025-02-26 23:39:37,555 INFO] 2304 iteration USE_EMA: False, train/sup_loss: 4.5350, train/unsup_loss: 0.0000, train/total_loss: 4.5350, train/util_ratio: 0.0000, train/run_time: 1.1361, lr: 0.0001, train/prefecth_time: 0.0067 
[2025-02-26 23:44:37,874 INFO] 2560 iteration USE_EMA: False, train/sup_loss: 4.2738, train/unsup_loss: 0.0000, train/total_loss: 4.2738, train/util_ratio: 0.0000, train/run_time: 1.1505, lr: 0.0001, train/prefecth_time: 0.0068 
[2025-02-26 23:49:37,908 INFO] 2816 iteration USE_EMA: False, train/sup_loss: 4.4795, train/unsup_loss: 0.0000, train/total_loss: 4.4795, train/util_ratio: 0.0000, train/run_time: 1.1434, lr: 0.0001, train/prefecth_time: 0.0064 
[2025-02-26 23:54:37,938 INFO] 3072 iteration USE_EMA: False, train/sup_loss: 4.9236, train/unsup_loss: 0.0000, train/total_loss: 4.9236, train/util_ratio: 0.0000, train/run_time: 1.1398, lr: 0.0001, train/prefecth_time: 0.0061 
[2025-02-26 23:59:38,634 INFO] 3328 iteration USE_EMA: False, train/sup_loss: 4.8591, train/unsup_loss: 0.0000, train/total_loss: 4.8591, train/util_ratio: 0.0000, train/run_time: 1.1498, lr: 0.0001, train/prefecth_time: 0.0065 
[2025-02-27 00:04:38,889 INFO] 3584 iteration USE_EMA: False, train/sup_loss: 4.6999, train/unsup_loss: 0.0000, train/total_loss: 4.6999, train/util_ratio: 0.0000, train/run_time: 1.1589, lr: 0.0001, train/prefecth_time: 0.0095 
[2025-02-27 00:09:38,948 INFO] 3840 iteration USE_EMA: False, train/sup_loss: 3.3475, train/unsup_loss: 0.0000, train/total_loss: 3.3475, train/util_ratio: 0.0000, train/run_time: 1.1391, lr: 0.0001, train/prefecth_time: 0.0063 
[2025-02-27 00:14:39,135 INFO] validating...
/home/zakerian/miniconda3/envs/usb/lib/python3.8/site-packages/sklearn/metrics/_classification.py:1471: UndefinedMetricWarning: Precision is ill-defined and being set to 0.0 in labels with no predicted samples. Use `zero_division` parameter to control this behavior.
  _warn_prf(average, modifier, msg_start, len(result))
[2025-02-27 00:16:10,757 INFO] confusion matrix:
[[0.00071327 0.0010699  0.         ... 0.         0.00035663 0.0042796 ]
 [0.         0.         0.         ... 0.         0.015625   0.015625  ]
 [0.         0.         0.         ... 0.         0.         0.06666667]
 ...
 [0.         0.         0.03125    ... 0.         0.         0.        ]
 [0.         0.         0.         ... 0.         0.         0.        ]
 [0.         0.         0.         ... 0.         0.         0.        ]]
[2025-02-27 00:16:17,216 INFO] model saved: ./saved_models/usb_cv/fixmatch_market1501_transReid_4label/latest_model.pth
[2025-02-27 00:16:26,201 INFO] model saved: ./saved_models/usb_cv/fixmatch_market1501_transReid_4label/model_best.pth
[2025-02-27 00:16:26,202 INFO] 4096 iteration, USE_EMA: False, train/sup_loss: 3.7930, train/unsup_loss: 0.0000, train/total_loss: 3.7930, train/util_ratio: 0.0000, train/run_time: 1.1392, eval/loss: 8.5008, eval/top-1-acc: 0.0013, eval/top-5-acc: 0.0060, eval/balanced_acc: 0.0017, eval/precision: 0.0008, eval/recall: 0.0017, eval/F1: 0.0005, eval/rank-1: 0.0013, eval/rank-5: 0.0060, eval/rank-10: 0.0111, eval/mAP: 0.0091, lr: 0.0001, train/prefecth_time: 0.0060 BEST_EVAL_ACC: 0.0013, at 4096 iters
[2025-02-27 00:21:27,010 INFO] 4352 iteration USE_EMA: False, train/sup_loss: 3.6455, train/unsup_loss: 0.0000, train/total_loss: 3.6455, train/util_ratio: 0.0000, train/run_time: 1.1296, lr: 0.0001, train/prefecth_time: 0.0062 
[2025-02-27 00:26:27,109 INFO] 4608 iteration USE_EMA: False, train/sup_loss: 4.5605, train/unsup_loss: 0.0000, train/total_loss: 4.5605, train/util_ratio: 0.0000, train/run_time: 1.1466, lr: 0.0002, train/prefecth_time: 0.0066 
[2025-02-27 00:31:27,251 INFO] 4864 iteration USE_EMA: False, train/sup_loss: 3.1720, train/unsup_loss: 0.0000, train/total_loss: 3.1720, train/util_ratio: 0.0000, train/run_time: 1.1488, lr: 0.0002, train/prefecth_time: 0.0062 
[2025-02-27 00:36:27,270 INFO] 5120 iteration USE_EMA: False, train/sup_loss: 3.4400, train/unsup_loss: 0.0000, train/total_loss: 3.4400, train/util_ratio: 0.0000, train/run_time: 1.1400, lr: 0.0002, train/prefecth_time: 0.0060 
[2025-02-27 00:41:28,071 INFO] 5376 iteration USE_EMA: False, train/sup_loss: 1.8299, train/unsup_loss: 0.0000, train/total_loss: 1.8299, train/util_ratio: 0.0000, train/run_time: 1.1479, lr: 0.0002, train/prefecth_time: 0.0060 
[2025-02-27 00:46:28,142 INFO] 5632 iteration USE_EMA: False, train/sup_loss: 2.9962, train/unsup_loss: 0.0000, train/total_loss: 2.9962, train/util_ratio: 0.0000, train/run_time: 1.1431, lr: 0.0002, train/prefecth_time: 0.0072 
[2025-02-27 00:51:28,137 INFO] 5888 iteration USE_EMA: False, train/sup_loss: 2.1519, train/unsup_loss: 0.0000, train/total_loss: 2.1519, train/util_ratio: 0.0000, train/run_time: 1.1465, lr: 0.0002, train/prefecth_time: 0.0071 
[2025-02-27 00:56:28,340 INFO] validating...
/home/zakerian/miniconda3/envs/usb/lib/python3.8/site-packages/sklearn/metrics/_classification.py:1471: UndefinedMetricWarning: Precision is ill-defined and being set to 0.0 in labels with no predicted samples. Use `zero_division` parameter to control this behavior.
  _warn_prf(average, modifier, msg_start, len(result))
[2025-02-27 00:57:59,813 INFO] confusion matrix:
[[0.00249643 0.00142653 0.         ... 0.         0.         0.00142653]
 [0.         0.         0.         ... 0.         0.         0.        ]
 [0.         0.         0.         ... 0.         0.         0.        ]
 ...
 [0.         0.         0.         ... 0.         0.         0.        ]
 [0.         0.         0.         ... 0.         0.         0.        ]
 [0.         0.         0.         ... 0.         0.         0.        ]]
[2025-02-27 00:58:06,242 INFO] model saved: ./saved_models/usb_cv/fixmatch_market1501_transReid_4label/latest_model.pth
[2025-02-27 00:58:14,978 INFO] model saved: ./saved_models/usb_cv/fixmatch_market1501_transReid_4label/model_best.pth
[2025-02-27 00:58:14,980 INFO] 6144 iteration, USE_EMA: False, train/sup_loss: 3.1228, train/unsup_loss: 0.0000, train/total_loss: 3.1228, train/util_ratio: 0.0000, train/run_time: 1.1424, eval/loss: 9.6943, eval/top-1-acc: 0.0017, eval/top-5-acc: 0.0087, eval/balanced_acc: 0.0016, eval/precision: 0.0016, eval/recall: 0.0016, eval/F1: 0.0010, eval/rank-1: 0.0017, eval/rank-5: 0.0087, eval/rank-10: 0.0148, eval/mAP: 0.0107, lr: 0.0002, train/prefecth_time: 0.0062 BEST_EVAL_ACC: 0.0017, at 6144 iters
[2025-02-27 01:03:15,696 INFO] 6400 iteration USE_EMA: False, train/sup_loss: 3.2545, train/unsup_loss: 0.0000, train/total_loss: 3.2545, train/util_ratio: 0.0000, train/run_time: 1.1535, lr: 0.0002, train/prefecth_time: 0.0065 
[2025-02-27 01:08:15,939 INFO] 6656 iteration USE_EMA: False, train/sup_loss: 2.1973, train/unsup_loss: 0.0000, train/total_loss: 2.1973, train/util_ratio: 0.0000, train/run_time: 1.1515, lr: 0.0002, train/prefecth_time: 0.0063 
[2025-02-27 01:13:16,423 INFO] 6912 iteration USE_EMA: False, train/sup_loss: 1.8078, train/unsup_loss: 0.0000, train/total_loss: 1.8078, train/util_ratio: 0.0000, train/run_time: 1.1565, lr: 0.0002, train/prefecth_time: 0.0065 
[2025-02-27 01:18:16,788 INFO] 7168 iteration USE_EMA: False, train/sup_loss: 3.6375, train/unsup_loss: 0.0000, train/total_loss: 3.6375, train/util_ratio: 0.0000, train/run_time: 1.1515, lr: 0.0002, train/prefecth_time: 0.0061 
[2025-02-27 01:23:17,697 INFO] 7424 iteration USE_EMA: False, train/sup_loss: 2.8577, train/unsup_loss: 0.0000, train/total_loss: 2.8577, train/util_ratio: 0.0000, train/run_time: 1.1537, lr: 0.0003, train/prefecth_time: 0.0061 
[2025-02-27 01:28:17,976 INFO] 7680 iteration USE_EMA: False, train/sup_loss: 4.2898, train/unsup_loss: 0.0000, train/total_loss: 4.2898, train/util_ratio: 0.0000, train/run_time: 1.1509, lr: 0.0003, train/prefecth_time: 0.0095 
[2025-02-27 01:33:18,449 INFO] 7936 iteration USE_EMA: False, train/sup_loss: 2.1468, train/unsup_loss: 0.0108, train/total_loss: 2.1576, train/util_ratio: 0.0250, train/run_time: 1.1330, lr: 0.0003, train/prefecth_time: 0.0062 
[2025-02-27 01:38:18,675 INFO] validating...
/home/zakerian/miniconda3/envs/usb/lib/python3.8/site-packages/sklearn/metrics/_classification.py:1471: UndefinedMetricWarning: Precision is ill-defined and being set to 0.0 in labels with no predicted samples. Use `zero_division` parameter to control this behavior.
  _warn_prf(average, modifier, msg_start, len(result))
[2025-02-27 01:39:50,784 INFO] confusion matrix:
[[0.         0.         0.00499287 ... 0.00035663 0.00249643 0.        ]
 [0.         0.015625   0.         ... 0.         0.         0.        ]
 [0.         0.         0.         ... 0.         0.         0.        ]
 ...
 [0.         0.         0.         ... 0.         0.         0.        ]
 [0.         0.         0.         ... 0.         0.         0.        ]
 [0.         0.         0.         ... 0.         0.         0.        ]]
[2025-02-27 01:39:57,238 INFO] model saved: ./saved_models/usb_cv/fixmatch_market1501_transReid_4label/latest_model.pth
[2025-02-27 01:39:57,239 INFO] 8192 iteration, USE_EMA: False, train/sup_loss: 2.2870, train/unsup_loss: 0.0000, train/total_loss: 2.2870, train/util_ratio: 0.0000, train/run_time: 1.1511, eval/loss: 10.6707, eval/top-1-acc: 0.0012, eval/top-5-acc: 0.0057, eval/balanced_acc: 0.0013, eval/precision: 0.0006, eval/recall: 0.0013, eval/F1: 0.0006, eval/rank-1: 0.0012, eval/rank-5: 0.0057, eval/rank-10: 0.0113, eval/mAP: 0.0089, lr: 0.0003, train/prefecth_time: 0.0063 BEST_EVAL_ACC: 0.0017, at 6144 iters
[2025-02-27 01:44:58,463 INFO] 8448 iteration USE_EMA: False, train/sup_loss: 2.9226, train/unsup_loss: 0.0000, train/total_loss: 2.9226, train/util_ratio: 0.0000, train/run_time: 1.1468, lr: 0.0003, train/prefecth_time: 0.0065 
[2025-02-27 01:49:58,710 INFO] 8704 iteration USE_EMA: False, train/sup_loss: 3.2317, train/unsup_loss: 0.0000, train/total_loss: 3.2317, train/util_ratio: 0.0000, train/run_time: 1.1480, lr: 0.0003, train/prefecth_time: 0.0067 
[2025-02-27 01:54:59,166 INFO] 8960 iteration USE_EMA: False, train/sup_loss: 2.1980, train/unsup_loss: 0.0000, train/total_loss: 2.1980, train/util_ratio: 0.0000, train/run_time: 1.1443, lr: 0.0003, train/prefecth_time: 0.0068 
[2025-02-27 01:59:59,433 INFO] 9216 iteration USE_EMA: False, train/sup_loss: 4.1499, train/unsup_loss: 0.0000, train/total_loss: 4.1499, train/util_ratio: 0.0000, train/run_time: 1.1491, lr: 0.0003, train/prefecth_time: 0.0063 
[2025-02-27 02:05:00,704 INFO] 9472 iteration USE_EMA: False, train/sup_loss: 3.0234, train/unsup_loss: 0.0000, train/total_loss: 3.0234, train/util_ratio: 0.0000, train/run_time: 1.1549, lr: 0.0003, train/prefecth_time: 0.0070 
[2025-02-27 02:10:01,459 INFO] 9728 iteration USE_EMA: False, train/sup_loss: 3.6630, train/unsup_loss: 0.0000, train/total_loss: 3.6630, train/util_ratio: 0.0000, train/run_time: 1.1497, lr: 0.0003, train/prefecth_time: 0.0069 
[2025-02-27 02:15:02,028 INFO] 9984 iteration USE_EMA: False, train/sup_loss: 4.1670, train/unsup_loss: 0.0000, train/total_loss: 4.1670, train/util_ratio: 0.0000, train/run_time: 1.1464, lr: 0.0003, train/prefecth_time: 0.0068 
[2025-02-27 02:20:02,650 INFO] validating...
/home/zakerian/miniconda3/envs/usb/lib/python3.8/site-packages/sklearn/metrics/_classification.py:1471: UndefinedMetricWarning: Precision is ill-defined and being set to 0.0 in labels with no predicted samples. Use `zero_division` parameter to control this behavior.
  _warn_prf(average, modifier, msg_start, len(result))
[2025-02-27 02:21:34,430 INFO] confusion matrix:
[[0.00392297 0.00142653 0.0010699  ... 0.00071327 0.         0.        ]
 [0.         0.         0.         ... 0.         0.         0.        ]
 [0.         0.         0.         ... 0.         0.         0.        ]
 ...
 [0.         0.         0.         ... 0.03125    0.         0.        ]
 [0.         0.         0.         ... 0.         0.         0.        ]
 [0.         0.         0.         ... 0.         0.         0.        ]]
[2025-02-27 02:21:40,871 INFO] model saved: ./saved_models/usb_cv/fixmatch_market1501_transReid_4label/latest_model.pth
[2025-02-27 02:21:40,873 INFO] 10240 iteration, USE_EMA: False, train/sup_loss: 3.8335, train/unsup_loss: 0.0000, train/total_loss: 3.8335, train/util_ratio: 0.0000, train/run_time: 1.1360, eval/loss: 10.2064, eval/top-1-acc: 0.0017, eval/top-5-acc: 0.0097, eval/balanced_acc: 0.0013, eval/precision: 0.0022, eval/recall: 0.0013, eval/F1: 0.0006, eval/rank-1: 0.0017, eval/rank-5: 0.0097, eval/rank-10: 0.0193, eval/mAP: 0.0116, lr: 0.0003, train/prefecth_time: 0.0063 BEST_EVAL_ACC: 0.0017, at 6144 iters
[2025-02-27 02:26:42,096 INFO] 10496 iteration USE_EMA: False, train/sup_loss: 3.7871, train/unsup_loss: 0.0000, train/total_loss: 3.7871, train/util_ratio: 0.0000, train/run_time: 1.1535, lr: 0.0003, train/prefecth_time: 0.0065 
[2025-02-27 02:31:42,692 INFO] 10752 iteration USE_EMA: False, train/sup_loss: 4.8926, train/unsup_loss: 0.0000, train/total_loss: 4.8926, train/util_ratio: 0.0000, train/run_time: 1.1464, lr: 0.0003, train/prefecth_time: 0.0067 
[2025-02-27 02:36:43,337 INFO] 11008 iteration USE_EMA: False, train/sup_loss: 5.1015, train/unsup_loss: 0.0000, train/total_loss: 5.1015, train/util_ratio: 0.0000, train/run_time: 1.1391, lr: 0.0003, train/prefecth_time: 0.0063 
[2025-02-27 02:41:43,602 INFO] 11264 iteration USE_EMA: False, train/sup_loss: 5.4323, train/unsup_loss: 0.0000, train/total_loss: 5.4323, train/util_ratio: 0.0000, train/run_time: 1.1515, lr: 0.0003, train/prefecth_time: 0.0059 
[2025-02-27 02:46:44,543 INFO] 11520 iteration USE_EMA: False, train/sup_loss: 3.3920, train/unsup_loss: 0.0000, train/total_loss: 3.3920, train/util_ratio: 0.0000, train/run_time: 1.1435, lr: 0.0003, train/prefecth_time: 0.0064 
[2025-02-27 02:51:44,879 INFO] 11776 iteration USE_EMA: False, train/sup_loss: 3.2180, train/unsup_loss: 0.0000, train/total_loss: 3.2180, train/util_ratio: 0.0000, train/run_time: 1.1458, lr: 0.0003, train/prefecth_time: 0.0063 
[2025-02-27 02:56:45,301 INFO] 12032 iteration USE_EMA: False, train/sup_loss: 3.8848, train/unsup_loss: 0.0000, train/total_loss: 3.8848, train/util_ratio: 0.0000, train/run_time: 1.1401, lr: 0.0003, train/prefecth_time: 0.0062 
[2025-02-27 03:01:45,573 INFO] validating...
/home/zakerian/miniconda3/envs/usb/lib/python3.8/site-packages/sklearn/metrics/_classification.py:1471: UndefinedMetricWarning: Precision is ill-defined and being set to 0.0 in labels with no predicted samples. Use `zero_division` parameter to control this behavior.
  _warn_prf(average, modifier, msg_start, len(result))
[2025-02-27 03:03:17,661 INFO] confusion matrix:
[[0.         0.         0.00178317 ... 0.0010699  0.00820257 0.        ]
 [0.         0.         0.         ... 0.         0.         0.        ]
 [0.         0.         0.         ... 0.         0.13333333 0.        ]
 ...
 [0.         0.         0.         ... 0.03125    0.03125    0.        ]
 [0.         0.         0.         ... 0.         0.03846154 0.        ]
 [0.         0.         0.         ... 0.         0.         0.        ]]
[2025-02-27 03:03:24,116 INFO] model saved: ./saved_models/usb_cv/fixmatch_market1501_transReid_4label/latest_model.pth
[2025-02-27 03:03:24,118 INFO] 12288 iteration, USE_EMA: False, train/sup_loss: 5.2195, train/unsup_loss: 0.1471, train/total_loss: 5.3666, train/util_ratio: 0.0250, train/run_time: 1.1409, eval/loss: 9.8900, eval/top-1-acc: 0.0016, eval/top-5-acc: 0.0069, eval/balanced_acc: 0.0021, eval/precision: 0.0007, eval/recall: 0.0021, eval/F1: 0.0008, eval/rank-1: 0.0016, eval/rank-5: 0.0069, eval/rank-10: 0.0132, eval/mAP: 0.0096, lr: 0.0003, train/prefecth_time: 0.0059 BEST_EVAL_ACC: 0.0017, at 6144 iters
[2025-02-27 03:08:25,431 INFO] 12544 iteration USE_EMA: False, train/sup_loss: 3.6115, train/unsup_loss: 0.0000, train/total_loss: 3.6115, train/util_ratio: 0.0000, train/run_time: 1.1516, lr: 0.0003, train/prefecth_time: 0.0067 
[2025-02-27 03:13:25,926 INFO] 12800 iteration USE_EMA: False, train/sup_loss: 5.2808, train/unsup_loss: 0.0000, train/total_loss: 5.2808, train/util_ratio: 0.0000, train/run_time: 1.1520, lr: 0.0003, train/prefecth_time: 0.0065 
[2025-02-27 03:18:26,200 INFO] 13056 iteration USE_EMA: False, train/sup_loss: 4.6049, train/unsup_loss: 0.0000, train/total_loss: 4.6049, train/util_ratio: 0.0000, train/run_time: 1.1405, lr: 0.0003, train/prefecth_time: 0.0066 
[2025-02-27 03:23:26,669 INFO] 13312 iteration USE_EMA: False, train/sup_loss: 5.0707, train/unsup_loss: 0.0000, train/total_loss: 5.0707, train/util_ratio: 0.0000, train/run_time: 1.1391, lr: 0.0003, train/prefecth_time: 0.0057 
[2025-02-27 03:28:27,720 INFO] 13568 iteration USE_EMA: False, train/sup_loss: 5.3836, train/unsup_loss: 0.0000, train/total_loss: 5.3836, train/util_ratio: 0.0000, train/run_time: 1.1542, lr: 0.0003, train/prefecth_time: 0.0063 
[2025-02-27 03:33:28,147 INFO] 13824 iteration USE_EMA: False, train/sup_loss: 4.4647, train/unsup_loss: 0.0000, train/total_loss: 4.4647, train/util_ratio: 0.0000, train/run_time: 1.1455, lr: 0.0003, train/prefecth_time: 0.0065 
[2025-02-27 03:38:28,629 INFO] 14080 iteration USE_EMA: False, train/sup_loss: 3.7733, train/unsup_loss: 0.0000, train/total_loss: 3.7733, train/util_ratio: 0.0000, train/run_time: 1.1383, lr: 0.0003, train/prefecth_time: 0.0070 
[2025-02-27 03:43:29,016 INFO] validating...
/home/zakerian/miniconda3/envs/usb/lib/python3.8/site-packages/sklearn/metrics/_classification.py:1471: UndefinedMetricWarning: Precision is ill-defined and being set to 0.0 in labels with no predicted samples. Use `zero_division` parameter to control this behavior.
  _warn_prf(average, modifier, msg_start, len(result))
[2025-02-27 03:45:01,190 INFO] confusion matrix:
[[0.00142653 0.         0.00142653 ... 0.         0.00178317 0.        ]
 [0.         0.         0.         ... 0.         0.         0.        ]
 [0.         0.         0.         ... 0.         0.         0.        ]
 ...
 [0.         0.         0.         ... 0.         0.         0.        ]
 [0.         0.         0.         ... 0.         0.         0.        ]
 [0.         0.         0.         ... 0.         0.         0.        ]]
[2025-02-27 03:45:07,683 INFO] model saved: ./saved_models/usb_cv/fixmatch_market1501_transReid_4label/latest_model.pth
[2025-02-27 03:45:07,685 INFO] 14336 iteration, USE_EMA: False, train/sup_loss: 6.0326, train/unsup_loss: 0.0000, train/total_loss: 6.0326, train/util_ratio: 0.0000, train/run_time: 1.1511, eval/loss: 8.3232, eval/top-1-acc: 0.0015, eval/top-5-acc: 0.0069, eval/balanced_acc: 0.0018, eval/precision: 0.0029, eval/recall: 0.0018, eval/F1: 0.0011, eval/rank-1: 0.0015, eval/rank-5: 0.0069, eval/rank-10: 0.0137, eval/mAP: 0.0096, lr: 0.0003, train/prefecth_time: 0.0062 BEST_EVAL_ACC: 0.0017, at 6144 iters
[2025-02-27 03:50:08,946 INFO] 14592 iteration USE_EMA: False, train/sup_loss: 5.0690, train/unsup_loss: 0.0000, train/total_loss: 5.0690, train/util_ratio: 0.0000, train/run_time: 1.1531, lr: 0.0003, train/prefecth_time: 0.0093 
[2025-02-27 03:55:09,293 INFO] 14848 iteration USE_EMA: False, train/sup_loss: 5.5061, train/unsup_loss: 0.0000, train/total_loss: 5.5061, train/util_ratio: 0.0000, train/run_time: 1.1427, lr: 0.0003, train/prefecth_time: 0.0065 
[2025-02-27 04:00:09,823 INFO] 15104 iteration USE_EMA: False, train/sup_loss: 3.5609, train/unsup_loss: 0.0000, train/total_loss: 3.5609, train/util_ratio: 0.0000, train/run_time: 1.1515, lr: 0.0003, train/prefecth_time: 0.0069 
[2025-02-27 04:05:10,158 INFO] 15360 iteration USE_EMA: False, train/sup_loss: 2.9843, train/unsup_loss: 0.0000, train/total_loss: 2.9843, train/util_ratio: 0.0000, train/run_time: 1.1473, lr: 0.0003, train/prefecth_time: 0.0058 
[2025-02-27 04:10:11,106 INFO] 15616 iteration USE_EMA: False, train/sup_loss: 4.5513, train/unsup_loss: 0.0000, train/total_loss: 4.5513, train/util_ratio: 0.0000, train/run_time: 1.1504, lr: 0.0003, train/prefecth_time: 0.0088 
[2025-02-27 04:15:11,482 INFO] 15872 iteration USE_EMA: False, train/sup_loss: 3.7341, train/unsup_loss: 0.0000, train/total_loss: 3.7341, train/util_ratio: 0.0000, train/run_time: 1.1484, lr: 0.0003, train/prefecth_time: 0.0069 
[2025-02-27 04:20:11,763 INFO] 16128 iteration USE_EMA: False, train/sup_loss: 3.9070, train/unsup_loss: 0.0000, train/total_loss: 3.9070, train/util_ratio: 0.0000, train/run_time: 1.1550, lr: 0.0003, train/prefecth_time: 0.0065 
[2025-02-27 04:25:12,125 INFO] validating...
/home/zakerian/miniconda3/envs/usb/lib/python3.8/site-packages/sklearn/metrics/_classification.py:1471: UndefinedMetricWarning: Precision is ill-defined and being set to 0.0 in labels with no predicted samples. Use `zero_division` parameter to control this behavior.
  _warn_prf(average, modifier, msg_start, len(result))
[2025-02-27 04:26:44,251 INFO] confusion matrix:
[[0.00071327 0.00606277 0.00035663 ... 0.00142653 0.         0.        ]
 [0.         0.         0.         ... 0.         0.         0.        ]
 [0.         0.         0.         ... 0.         0.         0.        ]
 ...
 [0.         0.03125    0.         ... 0.03125    0.         0.        ]
 [0.         0.         0.         ... 0.         0.         0.        ]
 [0.         0.         0.         ... 0.         0.         0.        ]]
[2025-02-27 04:26:50,814 INFO] model saved: ./saved_models/usb_cv/fixmatch_market1501_transReid_4label/latest_model.pth
[2025-02-27 04:26:50,816 INFO] 16384 iteration, USE_EMA: False, train/sup_loss: 3.7267, train/unsup_loss: 0.0000, train/total_loss: 3.7267, train/util_ratio: 0.0000, train/run_time: 1.1488, eval/loss: 9.4198, eval/top-1-acc: 0.0011, eval/top-5-acc: 0.0060, eval/balanced_acc: 0.0013, eval/precision: 0.0008, eval/recall: 0.0013, eval/F1: 0.0006, eval/rank-1: 0.0011, eval/rank-5: 0.0060, eval/rank-10: 0.0128, eval/mAP: 0.0094, lr: 0.0003, train/prefecth_time: 0.0059 BEST_EVAL_ACC: 0.0017, at 6144 iters
[2025-02-27 04:31:51,968 INFO] 16640 iteration USE_EMA: False, train/sup_loss: 4.1195, train/unsup_loss: 0.0000, train/total_loss: 4.1195, train/util_ratio: 0.0000, train/run_time: 1.1475, lr: 0.0003, train/prefecth_time: 0.0088 
[2025-02-27 04:36:52,514 INFO] 16896 iteration USE_EMA: False, train/sup_loss: 5.1265, train/unsup_loss: 0.0000, train/total_loss: 5.1265, train/util_ratio: 0.0000, train/run_time: 1.1622, lr: 0.0003, train/prefecth_time: 0.0063 
[2025-02-27 04:41:53,024 INFO] 17152 iteration USE_EMA: False, train/sup_loss: 5.2767, train/unsup_loss: 0.0000, train/total_loss: 5.2767, train/util_ratio: 0.0000, train/run_time: 1.1370, lr: 0.0003, train/prefecth_time: 0.0065 
[2025-02-27 04:46:53,152 INFO] 17408 iteration USE_EMA: False, train/sup_loss: 3.8668, train/unsup_loss: 0.0000, train/total_loss: 3.8668, train/util_ratio: 0.0000, train/run_time: 1.1434, lr: 0.0003, train/prefecth_time: 0.0063 
[2025-02-27 04:51:54,247 INFO] 17664 iteration USE_EMA: False, train/sup_loss: 3.9473, train/unsup_loss: 0.0000, train/total_loss: 3.9473, train/util_ratio: 0.0000, train/run_time: 1.1548, lr: 0.0003, train/prefecth_time: 0.0063 
[2025-02-27 04:56:54,640 INFO] 17920 iteration USE_EMA: False, train/sup_loss: 3.7880, train/unsup_loss: 0.0000, train/total_loss: 3.7880, train/util_ratio: 0.0000, train/run_time: 1.1498, lr: 0.0003, train/prefecth_time: 0.0096 
[2025-02-27 05:01:54,892 INFO] 18176 iteration USE_EMA: False, train/sup_loss: 5.3589, train/unsup_loss: 0.0000, train/total_loss: 5.3589, train/util_ratio: 0.0000, train/run_time: 1.1439, lr: 0.0003, train/prefecth_time: 0.0066 
[2025-02-27 05:06:55,134 INFO] validating...
/home/zakerian/miniconda3/envs/usb/lib/python3.8/site-packages/sklearn/metrics/_classification.py:1471: UndefinedMetricWarning: Precision is ill-defined and being set to 0.0 in labels with no predicted samples. Use `zero_division` parameter to control this behavior.
  _warn_prf(average, modifier, msg_start, len(result))
[2025-02-27 05:08:27,087 INFO] confusion matrix:
[[0.00071327 0.         0.00142653 ... 0.         0.         0.0021398 ]
 [0.         0.         0.         ... 0.         0.         0.        ]
 [0.         0.         0.         ... 0.         0.         0.        ]
 ...
 [0.         0.         0.         ... 0.         0.         0.        ]
 [0.         0.         0.         ... 0.         0.         0.        ]
 [0.         0.         0.         ... 0.         0.         0.        ]]
[2025-02-27 05:08:33,703 INFO] model saved: ./saved_models/usb_cv/fixmatch_market1501_transReid_4label/latest_model.pth
[2025-02-27 05:08:33,705 INFO] 18432 iteration, USE_EMA: False, train/sup_loss: 4.1074, train/unsup_loss: 0.0000, train/total_loss: 4.1074, train/util_ratio: 0.0000, train/run_time: 1.1488, eval/loss: 8.9582, eval/top-1-acc: 0.0014, eval/top-5-acc: 0.0056, eval/balanced_acc: 0.0014, eval/precision: 0.0010, eval/recall: 0.0014, eval/F1: 0.0008, eval/rank-1: 0.0014, eval/rank-5: 0.0056, eval/rank-10: 0.0115, eval/mAP: 0.0091, lr: 0.0003, train/prefecth_time: 0.0063 BEST_EVAL_ACC: 0.0017, at 6144 iters
[2025-02-27 05:13:34,473 INFO] 18688 iteration USE_EMA: False, train/sup_loss: 4.7157, train/unsup_loss: 0.0000, train/total_loss: 4.7157, train/util_ratio: 0.0000, train/run_time: 1.1497, lr: 0.0003, train/prefecth_time: 0.0067 
[2025-02-27 05:18:34,314 INFO] 18944 iteration USE_EMA: False, train/sup_loss: 5.4755, train/unsup_loss: 0.0000, train/total_loss: 5.4755, train/util_ratio: 0.0000, train/run_time: 1.1484, lr: 0.0003, train/prefecth_time: 0.0088 
[2025-02-27 05:23:34,044 INFO] 19200 iteration USE_EMA: False, train/sup_loss: 5.0461, train/unsup_loss: 0.0000, train/total_loss: 5.0461, train/util_ratio: 0.0000, train/run_time: 1.1463, lr: 0.0003, train/prefecth_time: 0.0066 
[2025-02-27 05:28:33,752 INFO] 19456 iteration USE_EMA: False, train/sup_loss: 3.9620, train/unsup_loss: 0.0000, train/total_loss: 3.9620, train/util_ratio: 0.0000, train/run_time: 1.1531, lr: 0.0003, train/prefecth_time: 0.0062 
[2025-02-27 05:33:34,261 INFO] 19712 iteration USE_EMA: False, train/sup_loss: 4.9615, train/unsup_loss: 0.0000, train/total_loss: 4.9615, train/util_ratio: 0.0000, train/run_time: 1.1479, lr: 0.0003, train/prefecth_time: 0.0089 
[2025-02-27 05:38:34,064 INFO] 19968 iteration USE_EMA: False, train/sup_loss: 4.9042, train/unsup_loss: 0.0000, train/total_loss: 4.9042, train/util_ratio: 0.0000, train/run_time: 1.1567, lr: 0.0003, train/prefecth_time: 0.0061 
[2025-02-27 05:43:33,759 INFO] 20224 iteration USE_EMA: False, train/sup_loss: 4.0280, train/unsup_loss: 0.0000, train/total_loss: 4.0280, train/util_ratio: 0.0000, train/run_time: 1.1599, lr: 0.0003, train/prefecth_time: 0.0065 
[2025-02-27 05:48:33,527 INFO] validating...
/home/zakerian/miniconda3/envs/usb/lib/python3.8/site-packages/sklearn/metrics/_classification.py:1471: UndefinedMetricWarning: Precision is ill-defined and being set to 0.0 in labels with no predicted samples. Use `zero_division` parameter to control this behavior.
  _warn_prf(average, modifier, msg_start, len(result))
[2025-02-27 05:50:05,516 INFO] confusion matrix:
[[0.00035663 0.00178317 0.         ... 0.00035663 0.         0.00035663]
 [0.         0.         0.         ... 0.         0.         0.        ]
 [0.         0.         0.         ... 0.         0.         0.        ]
 ...
 [0.         0.         0.         ... 0.         0.         0.        ]
 [0.         0.         0.         ... 0.         0.         0.        ]
 [0.         0.         0.         ... 0.         0.         0.        ]]
[2025-02-27 05:50:11,966 INFO] model saved: ./saved_models/usb_cv/fixmatch_market1501_transReid_4label/latest_model.pth
[2025-02-27 05:50:11,968 INFO] 20480 iteration, USE_EMA: False, train/sup_loss: 5.0173, train/unsup_loss: 0.0000, train/total_loss: 5.0173, train/util_ratio: 0.0000, train/run_time: 1.1606, eval/loss: 9.5419, eval/top-1-acc: 0.0010, eval/top-5-acc: 0.0079, eval/balanced_acc: 0.0010, eval/precision: 0.0005, eval/recall: 0.0010, eval/F1: 0.0004, eval/rank-1: 0.0010, eval/rank-5: 0.0079, eval/rank-10: 0.0151, eval/mAP: 0.0099, lr: 0.0003, train/prefecth_time: 0.0059 BEST_EVAL_ACC: 0.0017, at 6144 iters
[2025-02-27 05:55:13,225 INFO] 20736 iteration USE_EMA: False, train/sup_loss: 3.9705, train/unsup_loss: 0.0000, train/total_loss: 3.9705, train/util_ratio: 0.0000, train/run_time: 1.1445, lr: 0.0003, train/prefecth_time: 0.0063 
[2025-02-27 06:00:13,521 INFO] 20992 iteration USE_EMA: False, train/sup_loss: 3.9015, train/unsup_loss: 0.0000, train/total_loss: 3.9015, train/util_ratio: 0.0000, train/run_time: 1.1550, lr: 0.0003, train/prefecth_time: 0.0063 
[2025-02-27 06:05:13,959 INFO] 21248 iteration USE_EMA: False, train/sup_loss: 6.5544, train/unsup_loss: 0.0000, train/total_loss: 6.5544, train/util_ratio: 0.0000, train/run_time: 1.1546, lr: 0.0003, train/prefecth_time: 0.0063 
[2025-02-27 06:10:14,237 INFO] 21504 iteration USE_EMA: False, train/sup_loss: 4.1012, train/unsup_loss: 0.0000, train/total_loss: 4.1012, train/util_ratio: 0.0000, train/run_time: 1.1443, lr: 0.0003, train/prefecth_time: 0.0060 
[2025-02-27 06:15:15,418 INFO] 21760 iteration USE_EMA: False, train/sup_loss: 4.5901, train/unsup_loss: 0.0000, train/total_loss: 4.5901, train/util_ratio: 0.0000, train/run_time: 1.1549, lr: 0.0003, train/prefecth_time: 0.0095 
[2025-02-27 06:20:15,778 INFO] 22016 iteration USE_EMA: False, train/sup_loss: 5.0383, train/unsup_loss: 0.0000, train/total_loss: 5.0383, train/util_ratio: 0.0000, train/run_time: 1.1481, lr: 0.0003, train/prefecth_time: 0.0066 
[2025-02-27 06:25:16,160 INFO] 22272 iteration USE_EMA: False, train/sup_loss: 4.4773, train/unsup_loss: 0.0000, train/total_loss: 4.4773, train/util_ratio: 0.0000, train/run_time: 1.1512, lr: 0.0003, train/prefecth_time: 0.0070 
[2025-02-27 06:30:16,301 INFO] validating...
/home/zakerian/miniconda3/envs/usb/lib/python3.8/site-packages/sklearn/metrics/_classification.py:1471: UndefinedMetricWarning: Precision is ill-defined and being set to 0.0 in labels with no predicted samples. Use `zero_division` parameter to control this behavior.
  _warn_prf(average, modifier, msg_start, len(result))
[2025-02-27 06:31:48,177 INFO] confusion matrix:
[[0.         0.00071327 0.0010699  ... 0.         0.00142653 0.00891583]
 [0.         0.         0.         ... 0.         0.         0.        ]
 [0.         0.         0.         ... 0.         0.         0.06666667]
 ...
 [0.         0.         0.         ... 0.         0.         0.        ]
 [0.         0.         0.         ... 0.         0.         0.        ]
 [0.         0.         0.         ... 0.         0.         0.        ]]
[2025-02-27 06:31:54,625 INFO] model saved: ./saved_models/usb_cv/fixmatch_market1501_transReid_4label/latest_model.pth
[2025-02-27 06:31:54,627 INFO] 22528 iteration, USE_EMA: False, train/sup_loss: 4.6595, train/unsup_loss: 0.0000, train/total_loss: 4.6595, train/util_ratio: 0.0000, train/run_time: 1.1392, eval/loss: 9.2141, eval/top-1-acc: 0.0016, eval/top-5-acc: 0.0062, eval/balanced_acc: 0.0017, eval/precision: 0.0008, eval/recall: 0.0017, eval/F1: 0.0008, eval/rank-1: 0.0016, eval/rank-5: 0.0062, eval/rank-10: 0.0133, eval/mAP: 0.0096, lr: 0.0003, train/prefecth_time: 0.0061 BEST_EVAL_ACC: 0.0017, at 6144 iters
[2025-02-27 06:36:55,681 INFO] 22784 iteration USE_EMA: False, train/sup_loss: 4.8488, train/unsup_loss: 0.0000, train/total_loss: 4.8488, train/util_ratio: 0.0000, train/run_time: 1.1525, lr: 0.0003, train/prefecth_time: 0.0067 
[2025-02-27 06:41:56,177 INFO] 23040 iteration USE_EMA: False, train/sup_loss: 4.7406, train/unsup_loss: 0.0000, train/total_loss: 4.7406, train/util_ratio: 0.0000, train/run_time: 1.1604, lr: 0.0003, train/prefecth_time: 0.0089 
[2025-02-27 06:46:56,302 INFO] 23296 iteration USE_EMA: False, train/sup_loss: 4.4099, train/unsup_loss: 0.0000, train/total_loss: 4.4099, train/util_ratio: 0.0000, train/run_time: 1.1413, lr: 0.0003, train/prefecth_time: 0.0097 
[2025-02-27 06:51:56,641 INFO] 23552 iteration USE_EMA: False, train/sup_loss: 5.4896, train/unsup_loss: 0.0000, train/total_loss: 5.4896, train/util_ratio: 0.0000, train/run_time: 1.1415, lr: 0.0003, train/prefecth_time: 0.0058 
[2025-02-27 06:56:57,780 INFO] 23808 iteration USE_EMA: False, train/sup_loss: 4.2038, train/unsup_loss: 0.0000, train/total_loss: 4.2038, train/util_ratio: 0.0000, train/run_time: 1.1420, lr: 0.0003, train/prefecth_time: 0.0080 
[2025-02-27 07:01:58,207 INFO] 24064 iteration USE_EMA: False, train/sup_loss: 5.3239, train/unsup_loss: 0.0000, train/total_loss: 5.3239, train/util_ratio: 0.0000, train/run_time: 1.1557, lr: 0.0003, train/prefecth_time: 0.0090 
[2025-02-27 07:06:58,649 INFO] 24320 iteration USE_EMA: False, train/sup_loss: 4.7173, train/unsup_loss: 0.0000, train/total_loss: 4.7173, train/util_ratio: 0.0000, train/run_time: 1.1530, lr: 0.0003, train/prefecth_time: 0.0064 
[2025-02-27 07:11:58,964 INFO] validating...
/home/zakerian/miniconda3/envs/usb/lib/python3.8/site-packages/sklearn/metrics/_classification.py:1471: UndefinedMetricWarning: Precision is ill-defined and being set to 0.0 in labels with no predicted samples. Use `zero_division` parameter to control this behavior.
  _warn_prf(average, modifier, msg_start, len(result))
[2025-02-27 07:13:30,837 INFO] confusion matrix:
[[0.01034237 0.00392297 0.         ... 0.         0.         0.00071327]
 [0.         0.         0.         ... 0.         0.         0.015625  ]
 [0.         0.         0.         ... 0.         0.         0.        ]
 ...
 [0.03125    0.         0.         ... 0.         0.         0.        ]
 [0.         0.         0.         ... 0.         0.         0.        ]
 [0.         0.         0.         ... 0.         0.         0.        ]]
[2025-02-27 07:13:37,318 INFO] model saved: ./saved_models/usb_cv/fixmatch_market1501_transReid_4label/latest_model.pth
[2025-02-27 07:13:45,920 INFO] model saved: ./saved_models/usb_cv/fixmatch_market1501_transReid_4label/model_best.pth
[2025-02-27 07:13:45,922 INFO] 24576 iteration, USE_EMA: False, train/sup_loss: 5.2113, train/unsup_loss: 0.0000, train/total_loss: 5.2113, train/util_ratio: 0.0000, train/run_time: 1.1482, eval/loss: 8.5684, eval/top-1-acc: 0.0029, eval/top-5-acc: 0.0113, eval/balanced_acc: 0.0014, eval/precision: 0.0006, eval/recall: 0.0014, eval/F1: 0.0005, eval/rank-1: 0.0029, eval/rank-5: 0.0113, eval/rank-10: 0.0200, eval/mAP: 0.0132, lr: 0.0003, train/prefecth_time: 0.0062 BEST_EVAL_ACC: 0.0029, at 24576 iters
[2025-02-27 07:18:46,268 INFO] 24832 iteration USE_EMA: False, train/sup_loss: 5.5705, train/unsup_loss: 0.0000, train/total_loss: 5.5705, train/util_ratio: 0.0000, train/run_time: 1.1475, lr: 0.0003, train/prefecth_time: 0.0060 
[2025-02-27 07:23:45,755 INFO] 25088 iteration USE_EMA: False, train/sup_loss: 6.7237, train/unsup_loss: 0.0000, train/total_loss: 6.7237, train/util_ratio: 0.0000, train/run_time: 1.1473, lr: 0.0003, train/prefecth_time: 0.0064 
[2025-02-27 07:28:45,379 INFO] 25344 iteration USE_EMA: False, train/sup_loss: 5.7265, train/unsup_loss: 0.0000, train/total_loss: 5.7265, train/util_ratio: 0.0000, train/run_time: 1.1481, lr: 0.0003, train/prefecth_time: 0.0069 
[2025-02-27 07:33:44,820 INFO] 25600 iteration USE_EMA: False, train/sup_loss: 4.9378, train/unsup_loss: 0.0000, train/total_loss: 4.9378, train/util_ratio: 0.0000, train/run_time: 1.1426, lr: 0.0003, train/prefecth_time: 0.0063 
[2025-02-27 07:38:45,160 INFO] 25856 iteration USE_EMA: False, train/sup_loss: 6.1430, train/unsup_loss: 0.0000, train/total_loss: 6.1430, train/util_ratio: 0.0000, train/run_time: 1.1551, lr: 0.0003, train/prefecth_time: 0.0056 
[2025-02-27 07:43:44,828 INFO] 26112 iteration USE_EMA: False, train/sup_loss: 4.7051, train/unsup_loss: 0.0000, train/total_loss: 4.7051, train/util_ratio: 0.0000, train/run_time: 1.1475, lr: 0.0003, train/prefecth_time: 0.0058 
[2025-02-27 07:48:44,339 INFO] 26368 iteration USE_EMA: False, train/sup_loss: 5.8738, train/unsup_loss: 0.0000, train/total_loss: 5.8738, train/util_ratio: 0.0000, train/run_time: 1.1510, lr: 0.0003, train/prefecth_time: 0.0066 
[2025-02-27 07:53:44,005 INFO] validating...
/home/zakerian/miniconda3/envs/usb/lib/python3.8/site-packages/sklearn/metrics/_classification.py:1471: UndefinedMetricWarning: Precision is ill-defined and being set to 0.0 in labels with no predicted samples. Use `zero_division` parameter to control this behavior.
  _warn_prf(average, modifier, msg_start, len(result))
[2025-02-27 07:55:16,129 INFO] confusion matrix:
[[0.         0.         0.         ... 0.         0.         0.00392297]
 [0.         0.         0.         ... 0.         0.         0.015625  ]
 [0.         0.         0.         ... 0.         0.         0.        ]
 ...
 [0.         0.         0.         ... 0.         0.         0.        ]
 [0.         0.         0.         ... 0.         0.         0.        ]
 [0.         0.         0.         ... 0.         0.         0.        ]]
[2025-02-27 07:55:22,589 INFO] model saved: ./saved_models/usb_cv/fixmatch_market1501_transReid_4label/latest_model.pth
[2025-02-27 07:55:22,591 INFO] 26624 iteration, USE_EMA: False, train/sup_loss: 5.3999, train/unsup_loss: 0.0000, train/total_loss: 5.3999, train/util_ratio: 0.0000, train/run_time: 1.1346, eval/loss: 8.5582, eval/top-1-acc: 0.0009, eval/top-5-acc: 0.0054, eval/balanced_acc: 0.0014, eval/precision: 0.0005, eval/recall: 0.0014, eval/F1: 0.0004, eval/rank-1: 0.0009, eval/rank-5: 0.0054, eval/rank-10: 0.0123, eval/mAP: 0.0085, lr: 0.0003, train/prefecth_time: 0.0060 BEST_EVAL_ACC: 0.0029, at 24576 iters
[2025-02-27 08:00:23,010 INFO] 26880 iteration USE_EMA: False, train/sup_loss: 6.0770, train/unsup_loss: 0.0000, train/total_loss: 6.0770, train/util_ratio: 0.0000, train/run_time: 1.1350, lr: 0.0003, train/prefecth_time: 0.0061 
[2025-02-27 08:05:22,889 INFO] 27136 iteration USE_EMA: False, train/sup_loss: 4.5771, train/unsup_loss: 0.0000, train/total_loss: 4.5771, train/util_ratio: 0.0000, train/run_time: 1.1547, lr: 0.0003, train/prefecth_time: 0.0065 
[2025-02-27 08:10:22,558 INFO] 27392 iteration USE_EMA: False, train/sup_loss: 5.1749, train/unsup_loss: 0.0000, train/total_loss: 5.1749, train/util_ratio: 0.0000, train/run_time: 1.1391, lr: 0.0003, train/prefecth_time: 0.0064 
[2025-02-27 08:15:22,280 INFO] 27648 iteration USE_EMA: False, train/sup_loss: 5.6691, train/unsup_loss: 0.0000, train/total_loss: 5.6691, train/util_ratio: 0.0000, train/run_time: 1.1467, lr: 0.0003, train/prefecth_time: 0.0060 
[2025-02-27 08:20:22,594 INFO] 27904 iteration USE_EMA: False, train/sup_loss: 5.7286, train/unsup_loss: 0.0000, train/total_loss: 5.7286, train/util_ratio: 0.0000, train/run_time: 1.1437, lr: 0.0003, train/prefecth_time: 0.0095 
[2025-02-27 08:25:22,327 INFO] 28160 iteration USE_EMA: False, train/sup_loss: 5.7722, train/unsup_loss: 0.0000, train/total_loss: 5.7722, train/util_ratio: 0.0000, train/run_time: 1.1437, lr: 0.0003, train/prefecth_time: 0.0069 
[2025-02-27 08:30:22,353 INFO] 28416 iteration USE_EMA: False, train/sup_loss: 5.3180, train/unsup_loss: 0.0000, train/total_loss: 5.3180, train/util_ratio: 0.0000, train/run_time: 1.1540, lr: 0.0003, train/prefecth_time: 0.0095 
[2025-02-27 08:35:22,077 INFO] validating...
/home/zakerian/miniconda3/envs/usb/lib/python3.8/site-packages/sklearn/metrics/_classification.py:1471: UndefinedMetricWarning: Precision is ill-defined and being set to 0.0 in labels with no predicted samples. Use `zero_division` parameter to control this behavior.
  _warn_prf(average, modifier, msg_start, len(result))
[2025-02-27 08:36:53,704 INFO] confusion matrix:
[[0.01783167 0.         0.00035663 ... 0.00178317 0.         0.00178317]
 [0.015625   0.         0.         ... 0.         0.         0.        ]
 [0.         0.         0.         ... 0.         0.         0.        ]
 ...
 [0.         0.         0.         ... 0.         0.         0.        ]
 [0.         0.         0.         ... 0.         0.         0.        ]
 [0.         0.         0.         ... 0.         0.         0.        ]]
[2025-02-27 08:37:00,150 INFO] model saved: ./saved_models/usb_cv/fixmatch_market1501_transReid_4label/latest_model.pth
[2025-02-27 08:37:08,787 INFO] model saved: ./saved_models/usb_cv/fixmatch_market1501_transReid_4label/model_best.pth
[2025-02-27 08:37:08,789 INFO] 28672 iteration, USE_EMA: False, train/sup_loss: 5.3118, train/unsup_loss: 0.0000, train/total_loss: 5.3118, train/util_ratio: 0.0000, train/run_time: 1.1572, eval/loss: 8.4908, eval/top-1-acc: 0.0036, eval/top-5-acc: 0.0126, eval/balanced_acc: 0.0012, eval/precision: 0.0005, eval/recall: 0.0012, eval/F1: 0.0005, eval/rank-1: 0.0036, eval/rank-5: 0.0126, eval/rank-10: 0.0211, eval/mAP: 0.0136, lr: 0.0003, train/prefecth_time: 0.0062 BEST_EVAL_ACC: 0.0036, at 28672 iters
[2025-02-27 08:42:09,125 INFO] 28928 iteration USE_EMA: False, train/sup_loss: 5.2442, train/unsup_loss: 0.0000, train/total_loss: 5.2442, train/util_ratio: 0.0000, train/run_time: 1.1480, lr: 0.0003, train/prefecth_time: 0.0068 
[2025-02-27 08:47:08,529 INFO] 29184 iteration USE_EMA: False, train/sup_loss: 4.7096, train/unsup_loss: 0.0000, train/total_loss: 4.7096, train/util_ratio: 0.0000, train/run_time: 1.1434, lr: 0.0003, train/prefecth_time: 0.0063 
[2025-02-27 08:52:08,051 INFO] 29440 iteration USE_EMA: False, train/sup_loss: 4.5374, train/unsup_loss: 0.0000, train/total_loss: 4.5374, train/util_ratio: 0.0000, train/run_time: 1.1488, lr: 0.0003, train/prefecth_time: 0.0065 
[2025-02-27 08:57:07,405 INFO] 29696 iteration USE_EMA: False, train/sup_loss: 4.3910, train/unsup_loss: 0.0000, train/total_loss: 4.3910, train/util_ratio: 0.0000, train/run_time: 1.1457, lr: 0.0003, train/prefecth_time: 0.0062 
[2025-02-27 09:02:07,571 INFO] 29952 iteration USE_EMA: False, train/sup_loss: 4.6665, train/unsup_loss: 0.0000, train/total_loss: 4.6665, train/util_ratio: 0.0000, train/run_time: 1.1357, lr: 0.0003, train/prefecth_time: 0.0060 
[2025-02-27 09:07:07,094 INFO] 30208 iteration USE_EMA: False, train/sup_loss: 4.9873, train/unsup_loss: 0.0000, train/total_loss: 4.9873, train/util_ratio: 0.0000, train/run_time: 1.1496, lr: 0.0003, train/prefecth_time: 0.0057 
[2025-02-27 09:12:06,559 INFO] 30464 iteration USE_EMA: False, train/sup_loss: 3.9968, train/unsup_loss: 0.0000, train/total_loss: 3.9968, train/util_ratio: 0.0000, train/run_time: 1.1501, lr: 0.0003, train/prefecth_time: 0.0060 
[2025-02-27 09:17:06,024 INFO] validating...
/home/zakerian/miniconda3/envs/usb/lib/python3.8/site-packages/sklearn/metrics/_classification.py:1471: UndefinedMetricWarning: Precision is ill-defined and being set to 0.0 in labels with no predicted samples. Use `zero_division` parameter to control this behavior.
  _warn_prf(average, modifier, msg_start, len(result))
[2025-02-27 09:18:37,579 INFO] confusion matrix:
[[0.00071327 0.00035663 0.00463623 ... 0.         0.00071327 0.        ]
 [0.03125    0.         0.03125    ... 0.         0.         0.        ]
 [0.         0.         0.         ... 0.         0.         0.        ]
 ...
 [0.         0.         0.         ... 0.         0.         0.        ]
 [0.         0.         0.03846154 ... 0.         0.         0.        ]
 [0.         0.         0.         ... 0.         0.         0.        ]]
[2025-02-27 09:18:44,096 INFO] model saved: ./saved_models/usb_cv/fixmatch_market1501_transReid_4label/latest_model.pth
[2025-02-27 09:18:44,097 INFO] 30720 iteration, USE_EMA: False, train/sup_loss: 6.1279, train/unsup_loss: 0.0000, train/total_loss: 6.1279, train/util_ratio: 0.0000, train/run_time: 1.1435, eval/loss: 8.2299, eval/top-1-acc: 0.0019, eval/top-5-acc: 0.0096, eval/balanced_acc: 0.0022, eval/precision: 0.0010, eval/recall: 0.0022, eval/F1: 0.0009, eval/rank-1: 0.0019, eval/rank-5: 0.0096, eval/rank-10: 0.0183, eval/mAP: 0.0114, lr: 0.0003, train/prefecth_time: 0.0060 BEST_EVAL_ACC: 0.0036, at 28672 iters
[2025-02-27 09:23:44,645 INFO] 30976 iteration USE_EMA: False, train/sup_loss: 5.5020, train/unsup_loss: 0.0000, train/total_loss: 5.5020, train/util_ratio: 0.0000, train/run_time: 1.1484, lr: 0.0003, train/prefecth_time: 0.0071 
[2025-02-27 09:28:44,447 INFO] 31232 iteration USE_EMA: False, train/sup_loss: 6.8271, train/unsup_loss: 0.0000, train/total_loss: 6.8271, train/util_ratio: 0.0000, train/run_time: 1.1511, lr: 0.0003, train/prefecth_time: 0.0070 
[2025-02-27 09:33:43,974 INFO] 31488 iteration USE_EMA: False, train/sup_loss: 4.9617, train/unsup_loss: 0.0000, train/total_loss: 4.9617, train/util_ratio: 0.0000, train/run_time: 1.1446, lr: 0.0003, train/prefecth_time: 0.0068 
[2025-02-27 09:38:43,643 INFO] 31744 iteration USE_EMA: False, train/sup_loss: 5.7361, train/unsup_loss: 0.0000, train/total_loss: 5.7361, train/util_ratio: 0.0000, train/run_time: 1.1564, lr: 0.0003, train/prefecth_time: 0.0054 
[2025-02-27 09:43:43,729 INFO] 32000 iteration USE_EMA: False, train/sup_loss: 5.6734, train/unsup_loss: 0.0000, train/total_loss: 5.6734, train/util_ratio: 0.0000, train/run_time: 1.1540, lr: 0.0003, train/prefecth_time: 0.0061 
[2025-02-27 09:48:43,183 INFO] 32256 iteration USE_EMA: False, train/sup_loss: 4.8701, train/unsup_loss: 0.0000, train/total_loss: 4.8701, train/util_ratio: 0.0000, train/run_time: 1.1444, lr: 0.0003, train/prefecth_time: 0.0062 
[2025-02-27 09:53:42,567 INFO] 32512 iteration USE_EMA: False, train/sup_loss: 4.4261, train/unsup_loss: 0.0000, train/total_loss: 4.4261, train/util_ratio: 0.0000, train/run_time: 1.1394, lr: 0.0003, train/prefecth_time: 0.0066 
[2025-02-27 09:58:41,636 INFO] validating...
/home/zakerian/miniconda3/envs/usb/lib/python3.8/site-packages/sklearn/metrics/_classification.py:1471: UndefinedMetricWarning: Precision is ill-defined and being set to 0.0 in labels with no predicted samples. Use `zero_division` parameter to control this behavior.
  _warn_prf(average, modifier, msg_start, len(result))
[2025-02-27 10:00:13,494 INFO] confusion matrix:
[[0.00071327 0.         0.         ... 0.00178317 0.0010699  0.00035663]
 [0.015625   0.         0.         ... 0.         0.         0.        ]
 [0.         0.         0.         ... 0.         0.         0.        ]
 ...
 [0.         0.         0.         ... 0.         0.         0.        ]
 [0.         0.         0.         ... 0.         0.         0.        ]
 [0.         0.         0.         ... 0.         0.         0.        ]]
[2025-02-27 10:00:19,948 INFO] model saved: ./saved_models/usb_cv/fixmatch_market1501_transReid_4label/latest_model.pth
[2025-02-27 10:00:19,950 INFO] 32768 iteration, USE_EMA: False, train/sup_loss: 4.4578, train/unsup_loss: 0.0000, train/total_loss: 4.4578, train/util_ratio: 0.0000, train/run_time: 1.1468, eval/loss: 8.5885, eval/top-1-acc: 0.0012, eval/top-5-acc: 0.0072, eval/balanced_acc: 0.0014, eval/precision: 0.0018, eval/recall: 0.0014, eval/F1: 0.0007, eval/rank-1: 0.0012, eval/rank-5: 0.0072, eval/rank-10: 0.0136, eval/mAP: 0.0099, lr: 0.0003, train/prefecth_time: 0.0061 BEST_EVAL_ACC: 0.0036, at 28672 iters
[2025-02-27 10:05:20,589 INFO] 33024 iteration USE_EMA: False, train/sup_loss: 4.1862, train/unsup_loss: 0.0000, train/total_loss: 4.1862, train/util_ratio: 0.0000, train/run_time: 1.1512, lr: 0.0003, train/prefecth_time: 0.0064 
[2025-02-27 10:10:20,452 INFO] 33280 iteration USE_EMA: False, train/sup_loss: 4.5906, train/unsup_loss: 0.0000, train/total_loss: 4.5906, train/util_ratio: 0.0000, train/run_time: 1.1426, lr: 0.0003, train/prefecth_time: 0.0063 
[2025-02-27 10:15:20,187 INFO] 33536 iteration USE_EMA: False, train/sup_loss: 4.5842, train/unsup_loss: 0.0000, train/total_loss: 4.5842, train/util_ratio: 0.0000, train/run_time: 1.1423, lr: 0.0003, train/prefecth_time: 0.0059 
[2025-02-27 10:20:19,930 INFO] 33792 iteration USE_EMA: False, train/sup_loss: 4.4370, train/unsup_loss: 0.0000, train/total_loss: 4.4370, train/util_ratio: 0.0000, train/run_time: 1.1533, lr: 0.0003, train/prefecth_time: 0.0062 
[2025-02-27 10:25:20,500 INFO] 34048 iteration USE_EMA: False, train/sup_loss: 4.9930, train/unsup_loss: 0.0000, train/total_loss: 4.9930, train/util_ratio: 0.0000, train/run_time: 1.1469, lr: 0.0003, train/prefecth_time: 0.0064 
[2025-02-27 10:30:20,336 INFO] 34304 iteration USE_EMA: False, train/sup_loss: 4.2884, train/unsup_loss: 0.0000, train/total_loss: 4.2884, train/util_ratio: 0.0000, train/run_time: 1.1523, lr: 0.0003, train/prefecth_time: 0.0073 
[2025-02-27 10:35:20,269 INFO] 34560 iteration USE_EMA: False, train/sup_loss: 4.8008, train/unsup_loss: 0.0000, train/total_loss: 4.8008, train/util_ratio: 0.0000, train/run_time: 1.1491, lr: 0.0003, train/prefecth_time: 0.0066 
[2025-02-27 10:40:20,172 INFO] validating...
/home/zakerian/miniconda3/envs/usb/lib/python3.8/site-packages/sklearn/metrics/_classification.py:1471: UndefinedMetricWarning: Precision is ill-defined and being set to 0.0 in labels with no predicted samples. Use `zero_division` parameter to control this behavior.
  _warn_prf(average, modifier, msg_start, len(result))
[2025-02-27 10:41:51,939 INFO] confusion matrix:
[[0.         0.00142653 0.         ... 0.00142653 0.00071327 0.00035663]
 [0.         0.         0.         ... 0.         0.         0.        ]
 [0.         0.         0.         ... 0.         0.         0.        ]
 ...
 [0.         0.         0.         ... 0.         0.         0.        ]
 [0.         0.         0.         ... 0.         0.         0.        ]
 [0.         0.         0.         ... 0.         0.         0.        ]]
[2025-02-27 10:41:58,429 INFO] model saved: ./saved_models/usb_cv/fixmatch_market1501_transReid_4label/latest_model.pth
[2025-02-27 10:41:58,431 INFO] 34816 iteration, USE_EMA: False, train/sup_loss: 3.7122, train/unsup_loss: 0.0000, train/total_loss: 3.7122, train/util_ratio: 0.0000, train/run_time: 1.1399, eval/loss: 9.4831, eval/top-1-acc: 0.0011, eval/top-5-acc: 0.0075, eval/balanced_acc: 0.0012, eval/precision: 0.0005, eval/recall: 0.0012, eval/F1: 0.0006, eval/rank-1: 0.0011, eval/rank-5: 0.0075, eval/rank-10: 0.0154, eval/mAP: 0.0098, lr: 0.0003, train/prefecth_time: 0.0062 BEST_EVAL_ACC: 0.0036, at 28672 iters
[2025-02-27 10:46:59,433 INFO] 35072 iteration USE_EMA: False, train/sup_loss: 5.9132, train/unsup_loss: 0.0000, train/total_loss: 5.9132, train/util_ratio: 0.0000, train/run_time: 1.1575, lr: 0.0003, train/prefecth_time: 0.0065 
[2025-02-27 10:51:59,436 INFO] 35328 iteration USE_EMA: False, train/sup_loss: 5.6289, train/unsup_loss: 0.0000, train/total_loss: 5.6289, train/util_ratio: 0.0000, train/run_time: 1.1465, lr: 0.0003, train/prefecth_time: 0.0063 
[2025-02-27 10:56:59,563 INFO] 35584 iteration USE_EMA: False, train/sup_loss: 5.0208, train/unsup_loss: 0.0000, train/total_loss: 5.0208, train/util_ratio: 0.0000, train/run_time: 1.1438, lr: 0.0003, train/prefecth_time: 0.0062 
[2025-02-27 11:01:59,837 INFO] 35840 iteration USE_EMA: False, train/sup_loss: 5.9314, train/unsup_loss: 0.0000, train/total_loss: 5.9314, train/util_ratio: 0.0000, train/run_time: 1.1395, lr: 0.0003, train/prefecth_time: 0.0065 
[2025-02-27 11:07:00,524 INFO] 36096 iteration USE_EMA: False, train/sup_loss: 5.8411, train/unsup_loss: 0.0000, train/total_loss: 5.8411, train/util_ratio: 0.0000, train/run_time: 1.1489, lr: 0.0003, train/prefecth_time: 0.0066 
[2025-02-27 11:12:00,585 INFO] 36352 iteration USE_EMA: False, train/sup_loss: 4.2504, train/unsup_loss: 0.0000, train/total_loss: 4.2504, train/util_ratio: 0.0000, train/run_time: 1.1436, lr: 0.0003, train/prefecth_time: 0.0069 
[2025-02-27 11:17:00,595 INFO] 36608 iteration USE_EMA: False, train/sup_loss: 4.8370, train/unsup_loss: 0.0000, train/total_loss: 4.8370, train/util_ratio: 0.0000, train/run_time: 1.1387, lr: 0.0003, train/prefecth_time: 0.0061 
[2025-02-27 11:22:00,789 INFO] validating...
/home/zakerian/miniconda3/envs/usb/lib/python3.8/site-packages/sklearn/metrics/_classification.py:1471: UndefinedMetricWarning: Precision is ill-defined and being set to 0.0 in labels with no predicted samples. Use `zero_division` parameter to control this behavior.
  _warn_prf(average, modifier, msg_start, len(result))
[2025-02-27 11:23:32,494 INFO] confusion matrix:
[[0.00071327 0.00035663 0.         ... 0.00891583 0.         0.0010699 ]
 [0.         0.         0.         ... 0.         0.         0.        ]
 [0.         0.         0.         ... 0.         0.         0.        ]
 ...
 [0.         0.         0.         ... 0.         0.         0.        ]
 [0.         0.         0.         ... 0.03846154 0.         0.        ]
 [0.         0.         0.         ... 0.         0.         0.        ]]
[2025-02-27 11:23:38,986 INFO] model saved: ./saved_models/usb_cv/fixmatch_market1501_transReid_4label/latest_model.pth
[2025-02-27 11:23:38,988 INFO] 36864 iteration, USE_EMA: False, train/sup_loss: 5.7247, train/unsup_loss: 0.0000, train/total_loss: 5.7247, train/util_ratio: 0.0000, train/run_time: 1.1381, eval/loss: 8.1030, eval/top-1-acc: 0.0017, eval/top-5-acc: 0.0064, eval/balanced_acc: 0.0017, eval/precision: 0.0010, eval/recall: 0.0017, eval/F1: 0.0007, eval/rank-1: 0.0017, eval/rank-5: 0.0064, eval/rank-10: 0.0119, eval/mAP: 0.0093, lr: 0.0003, train/prefecth_time: 0.0062 BEST_EVAL_ACC: 0.0036, at 28672 iters
[2025-02-27 11:28:39,471 INFO] 37120 iteration USE_EMA: False, train/sup_loss: 5.8055, train/unsup_loss: 0.0000, train/total_loss: 5.8055, train/util_ratio: 0.0000, train/run_time: 1.1491, lr: 0.0003, train/prefecth_time: 0.0065 
[2025-02-27 11:33:39,125 INFO] 37376 iteration USE_EMA: False, train/sup_loss: 5.7241, train/unsup_loss: 0.0000, train/total_loss: 5.7241, train/util_ratio: 0.0000, train/run_time: 1.1451, lr: 0.0003, train/prefecth_time: 0.0060 
[2025-02-27 11:38:38,777 INFO] 37632 iteration USE_EMA: False, train/sup_loss: 5.5158, train/unsup_loss: 0.0000, train/total_loss: 5.5158, train/util_ratio: 0.0000, train/run_time: 1.1361, lr: 0.0003, train/prefecth_time: 0.0060 
[2025-02-27 11:43:38,582 INFO] 37888 iteration USE_EMA: False, train/sup_loss: 6.0193, train/unsup_loss: 0.0000, train/total_loss: 6.0193, train/util_ratio: 0.0000, train/run_time: 1.1438, lr: 0.0003, train/prefecth_time: 0.0059 
[2025-02-27 11:48:39,307 INFO] 38144 iteration USE_EMA: False, train/sup_loss: 5.8396, train/unsup_loss: 0.0000, train/total_loss: 5.8396, train/util_ratio: 0.0000, train/run_time: 1.1588, lr: 0.0003, train/prefecth_time: 0.0061 
[2025-02-27 11:53:38,979 INFO] 38400 iteration USE_EMA: False, train/sup_loss: 5.8647, train/unsup_loss: 0.0000, train/total_loss: 5.8647, train/util_ratio: 0.0000, train/run_time: 1.1400, lr: 0.0003, train/prefecth_time: 0.0065 
[2025-02-27 11:58:38,865 INFO] 38656 iteration USE_EMA: False, train/sup_loss: 5.6866, train/unsup_loss: 0.0000, train/total_loss: 5.6866, train/util_ratio: 0.0000, train/run_time: 1.1369, lr: 0.0003, train/prefecth_time: 0.0087 
[2025-02-27 12:03:38,559 INFO] validating...
/home/zakerian/miniconda3/envs/usb/lib/python3.8/site-packages/sklearn/metrics/_classification.py:1471: UndefinedMetricWarning: Precision is ill-defined and being set to 0.0 in labels with no predicted samples. Use `zero_division` parameter to control this behavior.
  _warn_prf(average, modifier, msg_start, len(result))
[2025-02-27 12:05:10,809 INFO] confusion matrix:
[[0.         0.00035663 0.00035663 ... 0.00142653 0.00035663 0.0021398 ]
 [0.         0.         0.         ... 0.         0.         0.        ]
 [0.         0.         0.         ... 0.         0.         0.        ]
 ...
 [0.         0.         0.         ... 0.         0.         0.03125   ]
 [0.         0.         0.         ... 0.         0.         0.        ]
 [0.         0.         0.         ... 0.         0.         0.        ]]
[2025-02-27 12:05:17,282 INFO] model saved: ./saved_models/usb_cv/fixmatch_market1501_transReid_4label/latest_model.pth
[2025-02-27 12:05:17,284 INFO] 38912 iteration, USE_EMA: False, train/sup_loss: 6.0566, train/unsup_loss: 0.0000, train/total_loss: 6.0566, train/util_ratio: 0.0000, train/run_time: 1.1427, eval/loss: 8.3871, eval/top-1-acc: 0.0013, eval/top-5-acc: 0.0067, eval/balanced_acc: 0.0016, eval/precision: 0.0013, eval/recall: 0.0016, eval/F1: 0.0008, eval/rank-1: 0.0013, eval/rank-5: 0.0067, eval/rank-10: 0.0131, eval/mAP: 0.0095, lr: 0.0003, train/prefecth_time: 0.0064 BEST_EVAL_ACC: 0.0036, at 28672 iters
[2025-02-27 12:10:18,134 INFO] 39168 iteration USE_EMA: False, train/sup_loss: 5.6796, train/unsup_loss: 0.0000, train/total_loss: 5.6796, train/util_ratio: 0.0000, train/run_time: 1.1568, lr: 0.0003, train/prefecth_time: 0.0063 
[2025-02-27 12:15:18,249 INFO] 39424 iteration USE_EMA: False, train/sup_loss: 6.5153, train/unsup_loss: 0.0000, train/total_loss: 6.5153, train/util_ratio: 0.0000, train/run_time: 1.1497, lr: 0.0003, train/prefecth_time: 0.0068 
[2025-02-27 12:20:18,182 INFO] 39680 iteration USE_EMA: False, train/sup_loss: 6.8947, train/unsup_loss: 0.0000, train/total_loss: 6.8947, train/util_ratio: 0.0000, train/run_time: 1.1341, lr: 0.0003, train/prefecth_time: 0.0066 
[2025-02-27 12:25:18,132 INFO] 39936 iteration USE_EMA: False, train/sup_loss: 5.6291, train/unsup_loss: 0.0000, train/total_loss: 5.6291, train/util_ratio: 0.0000, train/run_time: 1.1479, lr: 0.0003, train/prefecth_time: 0.0064 
[2025-02-27 12:30:18,908 INFO] 40192 iteration USE_EMA: False, train/sup_loss: 5.4453, train/unsup_loss: 0.0000, train/total_loss: 5.4453, train/util_ratio: 0.0000, train/run_time: 1.1539, lr: 0.0003, train/prefecth_time: 0.0059 
[2025-02-27 12:35:18,797 INFO] 40448 iteration USE_EMA: False, train/sup_loss: 5.0419, train/unsup_loss: 0.0000, train/total_loss: 5.0419, train/util_ratio: 0.0000, train/run_time: 1.1478, lr: 0.0003, train/prefecth_time: 0.0063 
[2025-02-27 12:40:18,583 INFO] 40704 iteration USE_EMA: False, train/sup_loss: 4.9965, train/unsup_loss: 0.0000, train/total_loss: 4.9965, train/util_ratio: 0.0000, train/run_time: 1.1528, lr: 0.0003, train/prefecth_time: 0.0062 
[2025-02-27 12:45:18,552 INFO] validating...
/home/zakerian/miniconda3/envs/usb/lib/python3.8/site-packages/sklearn/metrics/_classification.py:1471: UndefinedMetricWarning: Precision is ill-defined and being set to 0.0 in labels with no predicted samples. Use `zero_division` parameter to control this behavior.
  _warn_prf(average, modifier, msg_start, len(result))
[2025-02-27 12:46:50,347 INFO] confusion matrix:
[[0.0010699  0.         0.         ... 0.00356633 0.         0.        ]
 [0.         0.         0.         ... 0.         0.         0.        ]
 [0.         0.         0.         ... 0.         0.         0.        ]
 ...
 [0.         0.         0.         ... 0.         0.         0.        ]
 [0.         0.         0.         ... 0.         0.         0.        ]
 [0.         0.         0.         ... 0.         0.         0.        ]]
[2025-02-27 12:46:56,812 INFO] model saved: ./saved_models/usb_cv/fixmatch_market1501_transReid_4label/latest_model.pth
[2025-02-27 12:46:56,814 INFO] 40960 iteration, USE_EMA: False, train/sup_loss: 5.8818, train/unsup_loss: 0.0000, train/total_loss: 5.8818, train/util_ratio: 0.0000, train/run_time: 1.1410, eval/loss: 8.0380, eval/top-1-acc: 0.0012, eval/top-5-acc: 0.0075, eval/balanced_acc: 0.0011, eval/precision: 0.0011, eval/recall: 0.0011, eval/F1: 0.0007, eval/rank-1: 0.0012, eval/rank-5: 0.0075, eval/rank-10: 0.0160, eval/mAP: 0.0106, lr: 0.0003, train/prefecth_time: 0.0055 BEST_EVAL_ACC: 0.0036, at 28672 iters
[2025-02-27 12:51:57,665 INFO] 41216 iteration USE_EMA: False, train/sup_loss: 4.6878, train/unsup_loss: 0.0000, train/total_loss: 4.6878, train/util_ratio: 0.0000, train/run_time: 1.1409, lr: 0.0003, train/prefecth_time: 0.0067 
[2025-02-27 12:56:57,591 INFO] 41472 iteration USE_EMA: False, train/sup_loss: 6.0342, train/unsup_loss: 0.0000, train/total_loss: 6.0342, train/util_ratio: 0.0000, train/run_time: 1.1459, lr: 0.0003, train/prefecth_time: 0.0092 
[2025-02-27 13:01:57,419 INFO] 41728 iteration USE_EMA: False, train/sup_loss: 4.9799, train/unsup_loss: 0.0000, train/total_loss: 4.9799, train/util_ratio: 0.0000, train/run_time: 1.1431, lr: 0.0003, train/prefecth_time: 0.0065 
[2025-02-27 13:06:57,315 INFO] 41984 iteration USE_EMA: False, train/sup_loss: 5.3172, train/unsup_loss: 0.0000, train/total_loss: 5.3172, train/util_ratio: 0.0000, train/run_time: 1.1404, lr: 0.0003, train/prefecth_time: 0.0060 
[2025-02-27 13:11:58,264 INFO] 42240 iteration USE_EMA: False, train/sup_loss: 5.1384, train/unsup_loss: 0.0000, train/total_loss: 5.1384, train/util_ratio: 0.0000, train/run_time: 1.1531, lr: 0.0003, train/prefecth_time: 0.0067 
[2025-02-27 13:16:58,469 INFO] 42496 iteration USE_EMA: False, train/sup_loss: 5.5904, train/unsup_loss: 0.0000, train/total_loss: 5.5904, train/util_ratio: 0.0000, train/run_time: 1.1553, lr: 0.0003, train/prefecth_time: 0.0068 
[2025-02-27 13:21:58,601 INFO] 42752 iteration USE_EMA: False, train/sup_loss: 5.5258, train/unsup_loss: 0.0000, train/total_loss: 5.5258, train/util_ratio: 0.0000, train/run_time: 1.1485, lr: 0.0003, train/prefecth_time: 0.0095 
[2025-02-27 13:26:58,706 INFO] validating...
/home/zakerian/miniconda3/envs/usb/lib/python3.8/site-packages/sklearn/metrics/_classification.py:1471: UndefinedMetricWarning: Precision is ill-defined and being set to 0.0 in labels with no predicted samples. Use `zero_division` parameter to control this behavior.
  _warn_prf(average, modifier, msg_start, len(result))
[2025-02-27 13:28:30,577 INFO] confusion matrix:
[[0.0010699  0.00035663 0.         ... 0.00249643 0.         0.0021398 ]
 [0.         0.         0.         ... 0.         0.         0.        ]
 [0.         0.         0.         ... 0.         0.         0.        ]
 ...
 [0.         0.         0.         ... 0.         0.         0.03125   ]
 [0.         0.         0.         ... 0.         0.         0.        ]
 [0.         0.         0.         ... 0.         0.         0.        ]]
[2025-02-27 13:28:37,039 INFO] model saved: ./saved_models/usb_cv/fixmatch_market1501_transReid_4label/latest_model.pth
[2025-02-27 13:28:37,041 INFO] 43008 iteration, USE_EMA: False, train/sup_loss: 4.6403, train/unsup_loss: 0.0000, train/total_loss: 4.6403, train/util_ratio: 0.0000, train/run_time: 1.1415, eval/loss: 8.2220, eval/top-1-acc: 0.0011, eval/top-5-acc: 0.0067, eval/balanced_acc: 0.0011, eval/precision: 0.0006, eval/recall: 0.0011, eval/F1: 0.0005, eval/rank-1: 0.0011, eval/rank-5: 0.0067, eval/rank-10: 0.0128, eval/mAP: 0.0094, lr: 0.0003, train/prefecth_time: 0.0064 BEST_EVAL_ACC: 0.0036, at 28672 iters
[2025-02-27 13:33:38,032 INFO] 43264 iteration USE_EMA: False, train/sup_loss: 5.0884, train/unsup_loss: 0.0000, train/total_loss: 5.0884, train/util_ratio: 0.0000, train/run_time: 1.1468, lr: 0.0003, train/prefecth_time: 0.0064 
[2025-02-27 13:38:37,982 INFO] 43520 iteration USE_EMA: False, train/sup_loss: 4.9160, train/unsup_loss: 0.0000, train/total_loss: 4.9160, train/util_ratio: 0.0000, train/run_time: 1.1389, lr: 0.0003, train/prefecth_time: 0.0066 
[2025-02-27 13:43:38,160 INFO] 43776 iteration USE_EMA: False, train/sup_loss: 5.0040, train/unsup_loss: 0.0000, train/total_loss: 5.0040, train/util_ratio: 0.0000, train/run_time: 1.1508, lr: 0.0003, train/prefecth_time: 0.0061 
[2025-02-27 13:48:38,227 INFO] 44032 iteration USE_EMA: False, train/sup_loss: 6.0183, train/unsup_loss: 0.0000, train/total_loss: 6.0183, train/util_ratio: 0.0000, train/run_time: 1.1426, lr: 0.0003, train/prefecth_time: 0.0059 
[2025-02-27 13:53:39,077 INFO] 44288 iteration USE_EMA: False, train/sup_loss: 5.0477, train/unsup_loss: 0.0000, train/total_loss: 5.0477, train/util_ratio: 0.0000, train/run_time: 1.1493, lr: 0.0003, train/prefecth_time: 0.0061 
[2025-02-27 13:58:39,153 INFO] 44544 iteration USE_EMA: False, train/sup_loss: 4.5863, train/unsup_loss: 0.0000, train/total_loss: 4.5863, train/util_ratio: 0.0000, train/run_time: 1.1442, lr: 0.0003, train/prefecth_time: 0.0061 
[2025-02-27 14:03:39,429 INFO] 44800 iteration USE_EMA: False, train/sup_loss: 4.7736, train/unsup_loss: 0.0000, train/total_loss: 4.7736, train/util_ratio: 0.0000, train/run_time: 1.1501, lr: 0.0003, train/prefecth_time: 0.0065 
[2025-02-27 14:08:39,592 INFO] validating...
/home/zakerian/miniconda3/envs/usb/lib/python3.8/site-packages/sklearn/metrics/_classification.py:1471: UndefinedMetricWarning: Precision is ill-defined and being set to 0.0 in labels with no predicted samples. Use `zero_division` parameter to control this behavior.
  _warn_prf(average, modifier, msg_start, len(result))
[2025-02-27 14:10:11,315 INFO] confusion matrix:
[[0.00035663 0.00142653 0.00071327 ... 0.         0.         0.0010699 ]
 [0.         0.         0.         ... 0.         0.         0.015625  ]
 [0.         0.         0.         ... 0.         0.         0.        ]
 ...
 [0.         0.         0.         ... 0.         0.         0.        ]
 [0.         0.         0.         ... 0.         0.         0.        ]
 [0.         0.         0.         ... 0.         0.         0.        ]]
[2025-02-27 14:10:17,874 INFO] model saved: ./saved_models/usb_cv/fixmatch_market1501_transReid_4label/latest_model.pth
[2025-02-27 14:10:17,876 INFO] 45056 iteration, USE_EMA: False, train/sup_loss: 5.3736, train/unsup_loss: 0.0000, train/total_loss: 5.3736, train/util_ratio: 0.0000, train/run_time: 1.1450, eval/loss: 7.9812, eval/top-1-acc: 0.0015, eval/top-5-acc: 0.0066, eval/balanced_acc: 0.0014, eval/precision: 0.0010, eval/recall: 0.0014, eval/F1: 0.0008, eval/rank-1: 0.0015, eval/rank-5: 0.0066, eval/rank-10: 0.0131, eval/mAP: 0.0096, lr: 0.0003, train/prefecth_time: 0.0062 BEST_EVAL_ACC: 0.0036, at 28672 iters
[2025-02-27 14:15:18,363 INFO] 45312 iteration USE_EMA: False, train/sup_loss: 5.1882, train/unsup_loss: 0.0000, train/total_loss: 5.1882, train/util_ratio: 0.0000, train/run_time: 1.1373, lr: 0.0003, train/prefecth_time: 0.0089 
[2025-02-27 14:20:17,999 INFO] 45568 iteration USE_EMA: False, train/sup_loss: 4.2984, train/unsup_loss: 0.0000, train/total_loss: 4.2984, train/util_ratio: 0.0000, train/run_time: 1.1360, lr: 0.0003, train/prefecth_time: 0.0069 
[2025-02-27 14:25:17,660 INFO] 45824 iteration USE_EMA: False, train/sup_loss: 4.3715, train/unsup_loss: 0.0000, train/total_loss: 4.3715, train/util_ratio: 0.0000, train/run_time: 1.1424, lr: 0.0003, train/prefecth_time: 0.0098 
[2025-02-27 14:30:17,353 INFO] 46080 iteration USE_EMA: False, train/sup_loss: 4.9837, train/unsup_loss: 0.0000, train/total_loss: 4.9837, train/util_ratio: 0.0000, train/run_time: 1.1435, lr: 0.0003, train/prefecth_time: 0.0057 
[2025-02-27 14:35:17,620 INFO] 46336 iteration USE_EMA: False, train/sup_loss: 5.8982, train/unsup_loss: 0.0000, train/total_loss: 5.8982, train/util_ratio: 0.0000, train/run_time: 1.1331, lr: 0.0003, train/prefecth_time: 0.0062 
[2025-02-27 14:40:17,133 INFO] 46592 iteration USE_EMA: False, train/sup_loss: 5.1673, train/unsup_loss: 0.0000, train/total_loss: 5.1673, train/util_ratio: 0.0000, train/run_time: 1.1374, lr: 0.0003, train/prefecth_time: 0.0065 
[2025-02-27 14:45:16,571 INFO] 46848 iteration USE_EMA: False, train/sup_loss: 5.2801, train/unsup_loss: 0.0000, train/total_loss: 5.2801, train/util_ratio: 0.0000, train/run_time: 1.1415, lr: 0.0003, train/prefecth_time: 0.0062 
[2025-02-27 14:50:16,141 INFO] validating...
/home/zakerian/miniconda3/envs/usb/lib/python3.8/site-packages/sklearn/metrics/_classification.py:1471: UndefinedMetricWarning: Precision is ill-defined and being set to 0.0 in labels with no predicted samples. Use `zero_division` parameter to control this behavior.
  _warn_prf(average, modifier, msg_start, len(result))
[2025-02-27 14:51:48,068 INFO] confusion matrix:
[[0.         0.00071327 0.0010699  ... 0.00178317 0.         0.        ]
 [0.         0.         0.         ... 0.         0.         0.        ]
 [0.         0.         0.         ... 0.         0.         0.        ]
 ...
 [0.         0.         0.         ... 0.         0.03125    0.        ]
 [0.         0.         0.         ... 0.         0.         0.        ]
 [0.         0.         0.         ... 0.         0.         0.        ]]
[2025-02-27 14:51:54,533 INFO] model saved: ./saved_models/usb_cv/fixmatch_market1501_transReid_4label/latest_model.pth
[2025-02-27 14:51:54,535 INFO] 47104 iteration, USE_EMA: False, train/sup_loss: 6.0318, train/unsup_loss: 0.0000, train/total_loss: 6.0318, train/util_ratio: 0.0000, train/run_time: 1.1380, eval/loss: 8.5115, eval/top-1-acc: 0.0010, eval/top-5-acc: 0.0061, eval/balanced_acc: 0.0014, eval/precision: 0.0004, eval/recall: 0.0014, eval/F1: 0.0005, eval/rank-1: 0.0010, eval/rank-5: 0.0061, eval/rank-10: 0.0139, eval/mAP: 0.0093, lr: 0.0003, train/prefecth_time: 0.0061 BEST_EVAL_ACC: 0.0036, at 28672 iters
[2025-02-27 14:56:54,846 INFO] 47360 iteration USE_EMA: False, train/sup_loss: 5.6657, train/unsup_loss: 0.0000, train/total_loss: 5.6657, train/util_ratio: 0.0000, train/run_time: 1.1416, lr: 0.0003, train/prefecth_time: 0.0061 
[2025-02-27 15:01:54,454 INFO] 47616 iteration USE_EMA: False, train/sup_loss: 4.7930, train/unsup_loss: 0.0000, train/total_loss: 4.7930, train/util_ratio: 0.0000, train/run_time: 1.1334, lr: 0.0003, train/prefecth_time: 0.0063 
[2025-02-27 15:06:53,923 INFO] 47872 iteration USE_EMA: False, train/sup_loss: 5.1186, train/unsup_loss: 0.0000, train/total_loss: 5.1186, train/util_ratio: 0.0000, train/run_time: 1.1496, lr: 0.0003, train/prefecth_time: 0.0067 
[2025-02-27 15:11:53,424 INFO] 48128 iteration USE_EMA: False, train/sup_loss: 5.0120, train/unsup_loss: 0.0000, train/total_loss: 5.0120, train/util_ratio: 0.0000, train/run_time: 1.1386, lr: 0.0003, train/prefecth_time: 0.0057 
[2025-02-27 15:16:53,801 INFO] 48384 iteration USE_EMA: False, train/sup_loss: 4.7978, train/unsup_loss: 0.0000, train/total_loss: 4.7978, train/util_ratio: 0.0000, train/run_time: 1.1466, lr: 0.0003, train/prefecth_time: 0.0062 
[2025-02-27 15:21:53,315 INFO] 48640 iteration USE_EMA: False, train/sup_loss: 5.4744, train/unsup_loss: 0.0000, train/total_loss: 5.4744, train/util_ratio: 0.0000, train/run_time: 1.1543, lr: 0.0003, train/prefecth_time: 0.0065 
[2025-02-27 15:26:52,856 INFO] 48896 iteration USE_EMA: False, train/sup_loss: 5.5973, train/unsup_loss: 0.0000, train/total_loss: 5.5973, train/util_ratio: 0.0000, train/run_time: 1.1322, lr: 0.0003, train/prefecth_time: 0.0069 
[2025-02-27 15:31:52,556 INFO] validating...
/home/zakerian/miniconda3/envs/usb/lib/python3.8/site-packages/sklearn/metrics/_classification.py:1471: UndefinedMetricWarning: Precision is ill-defined and being set to 0.0 in labels with no predicted samples. Use `zero_division` parameter to control this behavior.
  _warn_prf(average, modifier, msg_start, len(result))
[2025-02-27 15:33:24,658 INFO] confusion matrix:
[[0.         0.00142653 0.         ... 0.0042796  0.         0.0021398 ]
 [0.         0.         0.         ... 0.         0.         0.        ]
 [0.         0.         0.         ... 0.         0.         0.        ]
 ...
 [0.         0.         0.         ... 0.03125    0.         0.        ]
 [0.         0.         0.         ... 0.         0.         0.        ]
 [0.         0.         0.         ... 0.         0.         0.        ]]
[2025-02-27 15:33:31,142 INFO] model saved: ./saved_models/usb_cv/fixmatch_market1501_transReid_4label/latest_model.pth
[2025-02-27 15:33:31,144 INFO] 49152 iteration, USE_EMA: False, train/sup_loss: 6.4895, train/unsup_loss: 0.0000, train/total_loss: 6.4895, train/util_ratio: 0.0000, train/run_time: 1.1509, eval/loss: 8.5719, eval/top-1-acc: 0.0011, eval/top-5-acc: 0.0047, eval/balanced_acc: 0.0013, eval/precision: 0.0019, eval/recall: 0.0013, eval/F1: 0.0007, eval/rank-1: 0.0011, eval/rank-5: 0.0047, eval/rank-10: 0.0111, eval/mAP: 0.0086, lr: 0.0003, train/prefecth_time: 0.0060 BEST_EVAL_ACC: 0.0036, at 28672 iters
[2025-02-27 15:38:31,963 INFO] 49408 iteration USE_EMA: False, train/sup_loss: 5.2643, train/unsup_loss: 0.0000, train/total_loss: 5.2643, train/util_ratio: 0.0000, train/run_time: 1.1430, lr: 0.0003, train/prefecth_time: 0.0066 
[2025-02-27 15:43:31,912 INFO] 49664 iteration USE_EMA: False, train/sup_loss: 5.4466, train/unsup_loss: 0.0000, train/total_loss: 5.4466, train/util_ratio: 0.0000, train/run_time: 1.1491, lr: 0.0003, train/prefecth_time: 0.0072 
[2025-02-27 15:48:31,947 INFO] 49920 iteration USE_EMA: False, train/sup_loss: 5.0358, train/unsup_loss: 0.0000, train/total_loss: 5.0358, train/util_ratio: 0.0000, train/run_time: 1.1625, lr: 0.0003, train/prefecth_time: 0.0070 
[2025-02-27 15:53:31,801 INFO] 50176 iteration USE_EMA: False, train/sup_loss: 5.1243, train/unsup_loss: 0.0000, train/total_loss: 5.1243, train/util_ratio: 0.0000, train/run_time: 1.1380, lr: 0.0003, train/prefecth_time: 0.0060 
[2025-02-27 15:58:32,660 INFO] 50432 iteration USE_EMA: False, train/sup_loss: 4.4180, train/unsup_loss: 0.0000, train/total_loss: 4.4180, train/util_ratio: 0.0000, train/run_time: 1.1453, lr: 0.0003, train/prefecth_time: 0.0068 
[2025-02-27 16:03:32,484 INFO] 50688 iteration USE_EMA: False, train/sup_loss: 4.6186, train/unsup_loss: 0.0000, train/total_loss: 4.6186, train/util_ratio: 0.0000, train/run_time: 1.1451, lr: 0.0003, train/prefecth_time: 0.0069 
[2025-02-27 16:08:32,404 INFO] 50944 iteration USE_EMA: False, train/sup_loss: 4.0972, train/unsup_loss: 0.0000, train/total_loss: 4.0972, train/util_ratio: 0.0000, train/run_time: 1.1584, lr: 0.0003, train/prefecth_time: 0.0065 
[2025-02-27 16:13:32,245 INFO] validating...
/home/zakerian/miniconda3/envs/usb/lib/python3.8/site-packages/sklearn/metrics/_classification.py:1471: UndefinedMetricWarning: Precision is ill-defined and being set to 0.0 in labels with no predicted samples. Use `zero_division` parameter to control this behavior.
  _warn_prf(average, modifier, msg_start, len(result))
[2025-02-27 16:15:03,780 INFO] confusion matrix:
[[0.00035663 0.         0.0021398  ... 0.00071327 0.00071327 0.00249643]
 [0.         0.         0.         ... 0.         0.         0.        ]
 [0.         0.         0.         ... 0.         0.         0.        ]
 ...
 [0.         0.         0.         ... 0.         0.         0.        ]
 [0.         0.         0.         ... 0.         0.         0.        ]
 [0.         0.         0.         ... 0.         0.         0.        ]]
[2025-02-27 16:15:10,235 INFO] model saved: ./saved_models/usb_cv/fixmatch_market1501_transReid_4label/latest_model.pth
[2025-02-27 16:15:10,237 INFO] 51200 iteration, USE_EMA: False, train/sup_loss: 4.5701, train/unsup_loss: 0.0000, train/total_loss: 4.5701, train/util_ratio: 0.0000, train/run_time: 1.1459, eval/loss: 9.1053, eval/top-1-acc: 0.0013, eval/top-5-acc: 0.0067, eval/balanced_acc: 0.0016, eval/precision: 0.0009, eval/recall: 0.0016, eval/F1: 0.0008, eval/rank-1: 0.0013, eval/rank-5: 0.0067, eval/rank-10: 0.0128, eval/mAP: 0.0096, lr: 0.0003, train/prefecth_time: 0.0061 BEST_EVAL_ACC: 0.0036, at 28672 iters
[2025-02-27 16:20:10,979 INFO] 51456 iteration USE_EMA: False, train/sup_loss: 6.2368, train/unsup_loss: 0.0000, train/total_loss: 6.2368, train/util_ratio: 0.0000, train/run_time: 1.1475, lr: 0.0003, train/prefecth_time: 0.0064 
[2025-02-27 16:25:10,896 INFO] 51712 iteration USE_EMA: False, train/sup_loss: 5.3241, train/unsup_loss: 0.0000, train/total_loss: 5.3241, train/util_ratio: 0.0000, train/run_time: 1.1492, lr: 0.0003, train/prefecth_time: 0.0070 
[2025-02-27 16:30:10,874 INFO] 51968 iteration USE_EMA: False, train/sup_loss: 5.0523, train/unsup_loss: 0.0000, train/total_loss: 5.0523, train/util_ratio: 0.0000, train/run_time: 1.1288, lr: 0.0003, train/prefecth_time: 0.0065 
[2025-02-27 16:35:10,759 INFO] 52224 iteration USE_EMA: False, train/sup_loss: 4.6913, train/unsup_loss: 0.0000, train/total_loss: 4.6913, train/util_ratio: 0.0000, train/run_time: 1.1415, lr: 0.0003, train/prefecth_time: 0.0062 
[2025-02-27 16:40:11,144 INFO] 52480 iteration USE_EMA: False, train/sup_loss: 5.3848, train/unsup_loss: 0.0000, train/total_loss: 5.3848, train/util_ratio: 0.0000, train/run_time: 1.1283, lr: 0.0003, train/prefecth_time: 0.0062 
[2025-02-27 16:45:11,094 INFO] 52736 iteration USE_EMA: False, train/sup_loss: 5.3794, train/unsup_loss: 0.0000, train/total_loss: 5.3794, train/util_ratio: 0.0000, train/run_time: 1.1376, lr: 0.0003, train/prefecth_time: 0.0066 
[2025-02-27 16:50:10,754 INFO] 52992 iteration USE_EMA: False, train/sup_loss: 5.6671, train/unsup_loss: 0.0000, train/total_loss: 5.6671, train/util_ratio: 0.0000, train/run_time: 1.1533, lr: 0.0003, train/prefecth_time: 0.0062 
[2025-02-27 16:55:10,788 INFO] validating...
/home/zakerian/miniconda3/envs/usb/lib/python3.8/site-packages/sklearn/metrics/_classification.py:1471: UndefinedMetricWarning: Precision is ill-defined and being set to 0.0 in labels with no predicted samples. Use `zero_division` parameter to control this behavior.
  _warn_prf(average, modifier, msg_start, len(result))
[2025-02-27 16:56:42,389 INFO] confusion matrix:
[[0.00071327 0.00035663 0.         ... 0.0042796  0.         0.        ]
 [0.         0.         0.         ... 0.015625   0.         0.        ]
 [0.         0.         0.         ... 0.         0.         0.        ]
 ...
 [0.         0.         0.         ... 0.         0.         0.        ]
 [0.         0.         0.         ... 0.         0.         0.        ]
 [0.         0.         0.         ... 0.         0.         0.        ]]
[2025-02-27 16:56:48,884 INFO] model saved: ./saved_models/usb_cv/fixmatch_market1501_transReid_4label/latest_model.pth
[2025-02-27 16:56:48,886 INFO] 53248 iteration, USE_EMA: False, train/sup_loss: 5.2664, train/unsup_loss: 0.0000, train/total_loss: 5.2664, train/util_ratio: 0.0000, train/run_time: 1.1450, eval/loss: 8.6937, eval/top-1-acc: 0.0013, eval/top-5-acc: 0.0069, eval/balanced_acc: 0.0016, eval/precision: 0.0009, eval/recall: 0.0016, eval/F1: 0.0008, eval/rank-1: 0.0013, eval/rank-5: 0.0069, eval/rank-10: 0.0139, eval/mAP: 0.0099, lr: 0.0003, train/prefecth_time: 0.0057 BEST_EVAL_ACC: 0.0036, at 28672 iters
[2025-02-27 17:01:49,721 INFO] 53504 iteration USE_EMA: False, train/sup_loss: 4.9885, train/unsup_loss: 0.0000, train/total_loss: 4.9885, train/util_ratio: 0.0000, train/run_time: 1.1424, lr: 0.0003, train/prefecth_time: 0.0066 
[2025-02-27 17:06:49,710 INFO] 53760 iteration USE_EMA: False, train/sup_loss: 5.6330, train/unsup_loss: 0.0000, train/total_loss: 5.6330, train/util_ratio: 0.0000, train/run_time: 1.1423, lr: 0.0003, train/prefecth_time: 0.0066 
[2025-02-27 17:11:49,687 INFO] 54016 iteration USE_EMA: False, train/sup_loss: 4.8710, train/unsup_loss: 0.0000, train/total_loss: 4.8710, train/util_ratio: 0.0000, train/run_time: 1.1516, lr: 0.0003, train/prefecth_time: 0.0066 
[2025-02-27 17:16:49,902 INFO] 54272 iteration USE_EMA: False, train/sup_loss: 5.3781, train/unsup_loss: 0.0000, train/total_loss: 5.3781, train/util_ratio: 0.0000, train/run_time: 1.1517, lr: 0.0003, train/prefecth_time: 0.0059 
[2025-02-27 17:21:50,871 INFO] 54528 iteration USE_EMA: False, train/sup_loss: 5.0793, train/unsup_loss: 0.0000, train/total_loss: 5.0793, train/util_ratio: 0.0000, train/run_time: 1.1569, lr: 0.0003, train/prefecth_time: 0.0093 
[2025-02-27 17:26:51,199 INFO] 54784 iteration USE_EMA: False, train/sup_loss: 5.4792, train/unsup_loss: 0.0000, train/total_loss: 5.4792, train/util_ratio: 0.0000, train/run_time: 1.1517, lr: 0.0003, train/prefecth_time: 0.0064 
[2025-02-27 17:31:51,311 INFO] 55040 iteration USE_EMA: False, train/sup_loss: 4.5784, train/unsup_loss: 0.0000, train/total_loss: 4.5784, train/util_ratio: 0.0000, train/run_time: 1.1449, lr: 0.0003, train/prefecth_time: 0.0062 
[2025-02-27 17:36:51,245 INFO] validating...
/home/zakerian/miniconda3/envs/usb/lib/python3.8/site-packages/sklearn/metrics/_classification.py:1471: UndefinedMetricWarning: Precision is ill-defined and being set to 0.0 in labels with no predicted samples. Use `zero_division` parameter to control this behavior.
  _warn_prf(average, modifier, msg_start, len(result))
[2025-02-27 17:38:22,955 INFO] confusion matrix:
[[0.0010699  0.         0.00071327 ... 0.0032097  0.00178317 0.0032097 ]
 [0.         0.         0.015625   ... 0.         0.         0.        ]
 [0.         0.         0.         ... 0.         0.         0.        ]
 ...
 [0.         0.         0.         ... 0.         0.         0.        ]
 [0.         0.         0.         ... 0.         0.         0.        ]
 [0.         0.         0.125      ... 0.         0.         0.        ]]
[2025-02-27 17:38:29,477 INFO] model saved: ./saved_models/usb_cv/fixmatch_market1501_transReid_4label/latest_model.pth
[2025-02-27 17:38:29,479 INFO] 55296 iteration, USE_EMA: False, train/sup_loss: 4.7191, train/unsup_loss: 0.0000, train/total_loss: 4.7191, train/util_ratio: 0.0000, train/run_time: 1.1534, eval/loss: 9.1135, eval/top-1-acc: 0.0012, eval/top-5-acc: 0.0070, eval/balanced_acc: 0.0012, eval/precision: 0.0010, eval/recall: 0.0012, eval/F1: 0.0007, eval/rank-1: 0.0012, eval/rank-5: 0.0070, eval/rank-10: 0.0140, eval/mAP: 0.0097, lr: 0.0003, train/prefecth_time: 0.0064 BEST_EVAL_ACC: 0.0036, at 28672 iters
[2025-02-27 17:43:29,966 INFO] 55552 iteration USE_EMA: False, train/sup_loss: 5.6233, train/unsup_loss: 0.0000, train/total_loss: 5.6233, train/util_ratio: 0.0000, train/run_time: 1.1422, lr: 0.0003, train/prefecth_time: 0.0063 
[2025-02-27 17:48:29,536 INFO] 55808 iteration USE_EMA: False, train/sup_loss: 4.9224, train/unsup_loss: 0.0000, train/total_loss: 4.9224, train/util_ratio: 0.0000, train/run_time: 1.1375, lr: 0.0003, train/prefecth_time: 0.0065 
[2025-02-27 17:53:29,101 INFO] 56064 iteration USE_EMA: False, train/sup_loss: 5.5462, train/unsup_loss: 0.0000, train/total_loss: 5.5462, train/util_ratio: 0.0000, train/run_time: 1.1499, lr: 0.0003, train/prefecth_time: 0.0072 
[2025-02-27 17:58:28,825 INFO] 56320 iteration USE_EMA: False, train/sup_loss: 5.0031, train/unsup_loss: 0.0000, train/total_loss: 5.0031, train/util_ratio: 0.0000, train/run_time: 1.1429, lr: 0.0003, train/prefecth_time: 0.0063 
[2025-02-27 18:03:29,145 INFO] 56576 iteration USE_EMA: False, train/sup_loss: 4.0930, train/unsup_loss: 0.0000, train/total_loss: 4.0930, train/util_ratio: 0.0000, train/run_time: 1.1507, lr: 0.0003, train/prefecth_time: 0.0066 
[2025-02-27 18:08:28,541 INFO] 56832 iteration USE_EMA: False, train/sup_loss: 5.1170, train/unsup_loss: 0.0000, train/total_loss: 5.1170, train/util_ratio: 0.0000, train/run_time: 1.1519, lr: 0.0003, train/prefecth_time: 0.0060 
[2025-02-27 18:13:28,073 INFO] 57088 iteration USE_EMA: False, train/sup_loss: 5.2251, train/unsup_loss: 0.0000, train/total_loss: 5.2251, train/util_ratio: 0.0000, train/run_time: 1.1511, lr: 0.0003, train/prefecth_time: 0.0059 
[2025-02-27 18:18:27,406 INFO] validating...
/home/zakerian/miniconda3/envs/usb/lib/python3.8/site-packages/sklearn/metrics/_classification.py:1471: UndefinedMetricWarning: Precision is ill-defined and being set to 0.0 in labels with no predicted samples. Use `zero_division` parameter to control this behavior.
  _warn_prf(average, modifier, msg_start, len(result))
[2025-02-27 18:19:59,120 INFO] confusion matrix:
[[0.0010699  0.         0.         ... 0.00071327 0.00035663 0.        ]
 [0.         0.         0.         ... 0.         0.         0.        ]
 [0.         0.         0.         ... 0.         0.         0.        ]
 ...
 [0.         0.         0.         ... 0.         0.         0.        ]
 [0.         0.         0.         ... 0.         0.         0.        ]
 [0.         0.         0.         ... 0.         0.         0.        ]]
[2025-02-27 18:20:05,599 INFO] model saved: ./saved_models/usb_cv/fixmatch_market1501_transReid_4label/latest_model.pth
[2025-02-27 18:20:05,601 INFO] 57344 iteration, USE_EMA: False, train/sup_loss: 3.8008, train/unsup_loss: 0.0000, train/total_loss: 3.8008, train/util_ratio: 0.0000, train/run_time: 1.1534, eval/loss: 9.1257, eval/top-1-acc: 0.0015, eval/top-5-acc: 0.0069, eval/balanced_acc: 0.0018, eval/precision: 0.0008, eval/recall: 0.0018, eval/F1: 0.0008, eval/rank-1: 0.0015, eval/rank-5: 0.0069, eval/rank-10: 0.0136, eval/mAP: 0.0097, lr: 0.0003, train/prefecth_time: 0.0061 BEST_EVAL_ACC: 0.0036, at 28672 iters
[2025-02-27 18:25:06,378 INFO] 57600 iteration USE_EMA: False, train/sup_loss: 5.2455, train/unsup_loss: 0.0000, train/total_loss: 5.2455, train/util_ratio: 0.0000, train/run_time: 1.1490, lr: 0.0003, train/prefecth_time: 0.0062 
[2025-02-27 18:30:06,247 INFO] 57856 iteration USE_EMA: False, train/sup_loss: 4.9448, train/unsup_loss: 0.0000, train/total_loss: 4.9448, train/util_ratio: 0.0000, train/run_time: 1.1432, lr: 0.0003, train/prefecth_time: 0.0067 
[2025-02-27 18:35:06,022 INFO] 58112 iteration USE_EMA: False, train/sup_loss: 4.9358, train/unsup_loss: 0.0000, train/total_loss: 4.9358, train/util_ratio: 0.0000, train/run_time: 1.1500, lr: 0.0003, train/prefecth_time: 0.0069 
[2025-02-27 18:40:05,841 INFO] 58368 iteration USE_EMA: False, train/sup_loss: 4.3424, train/unsup_loss: 0.0000, train/total_loss: 4.3424, train/util_ratio: 0.0000, train/run_time: 1.1349, lr: 0.0003, train/prefecth_time: 0.0060 
[2025-02-27 18:45:06,266 INFO] 58624 iteration USE_EMA: False, train/sup_loss: 5.7110, train/unsup_loss: 0.0000, train/total_loss: 5.7110, train/util_ratio: 0.0000, train/run_time: 1.1466, lr: 0.0003, train/prefecth_time: 0.0061 
[2025-02-27 18:50:06,060 INFO] 58880 iteration USE_EMA: False, train/sup_loss: 5.0205, train/unsup_loss: 0.0000, train/total_loss: 5.0205, train/util_ratio: 0.0000, train/run_time: 1.1505, lr: 0.0003, train/prefecth_time: 0.0061 
[2025-02-27 18:55:05,692 INFO] 59136 iteration USE_EMA: False, train/sup_loss: 4.9756, train/unsup_loss: 0.0000, train/total_loss: 4.9756, train/util_ratio: 0.0000, train/run_time: 1.1357, lr: 0.0003, train/prefecth_time: 0.0095 
[2025-02-27 19:00:05,471 INFO] validating...
/home/zakerian/miniconda3/envs/usb/lib/python3.8/site-packages/sklearn/metrics/_classification.py:1471: UndefinedMetricWarning: Precision is ill-defined and being set to 0.0 in labels with no predicted samples. Use `zero_division` parameter to control this behavior.
  _warn_prf(average, modifier, msg_start, len(result))
[2025-02-27 19:01:36,837 INFO] confusion matrix:
[[0.00249643 0.00035663 0.00071327 ... 0.00356633 0.         0.00178317]
 [0.         0.         0.         ... 0.         0.         0.        ]
 [0.         0.         0.         ... 0.         0.         0.        ]
 ...
 [0.         0.         0.         ... 0.03125    0.         0.        ]
 [0.         0.         0.         ... 0.         0.         0.        ]
 [0.         0.         0.         ... 0.         0.         0.        ]]
[2025-02-27 19:01:43,310 INFO] model saved: ./saved_models/usb_cv/fixmatch_market1501_transReid_4label/latest_model.pth
[2025-02-27 19:01:43,312 INFO] 59392 iteration, USE_EMA: False, train/sup_loss: 5.8255, train/unsup_loss: 0.0000, train/total_loss: 5.8255, train/util_ratio: 0.0000, train/run_time: 1.1409, eval/loss: 9.4274, eval/top-1-acc: 0.0014, eval/top-5-acc: 0.0068, eval/balanced_acc: 0.0012, eval/precision: 0.0008, eval/recall: 0.0012, eval/F1: 0.0006, eval/rank-1: 0.0014, eval/rank-5: 0.0068, eval/rank-10: 0.0126, eval/mAP: 0.0095, lr: 0.0003, train/prefecth_time: 0.0063 BEST_EVAL_ACC: 0.0036, at 28672 iters
[2025-02-27 19:06:43,957 INFO] 59648 iteration USE_EMA: False, train/sup_loss: 4.5997, train/unsup_loss: 0.0000, train/total_loss: 4.5997, train/util_ratio: 0.0000, train/run_time: 1.1463, lr: 0.0003, train/prefecth_time: 0.0073 
[2025-02-27 19:11:43,769 INFO] 59904 iteration USE_EMA: False, train/sup_loss: 4.3846, train/unsup_loss: 0.0000, train/total_loss: 4.3846, train/util_ratio: 0.0000, train/run_time: 1.1421, lr: 0.0003, train/prefecth_time: 0.0065 
[2025-02-27 19:16:43,554 INFO] 60160 iteration USE_EMA: False, train/sup_loss: 4.7146, train/unsup_loss: 0.0000, train/total_loss: 4.7146, train/util_ratio: 0.0000, train/run_time: 1.1502, lr: 0.0003, train/prefecth_time: 0.0064 
[2025-02-27 19:21:43,444 INFO] 60416 iteration USE_EMA: False, train/sup_loss: 4.9738, train/unsup_loss: 0.0000, train/total_loss: 4.9738, train/util_ratio: 0.0000, train/run_time: 1.1503, lr: 0.0003, train/prefecth_time: 0.0059 
[2025-02-27 19:26:43,804 INFO] 60672 iteration USE_EMA: False, train/sup_loss: 6.4043, train/unsup_loss: 0.0000, train/total_loss: 6.4043, train/util_ratio: 0.0000, train/run_time: 1.1326, lr: 0.0003, train/prefecth_time: 0.0062 
[2025-02-27 19:31:43,506 INFO] 60928 iteration USE_EMA: False, train/sup_loss: 5.5627, train/unsup_loss: 0.0000, train/total_loss: 5.5627, train/util_ratio: 0.0000, train/run_time: 1.1391, lr: 0.0003, train/prefecth_time: 0.0060 
[2025-02-27 19:36:43,058 INFO] 61184 iteration USE_EMA: False, train/sup_loss: 5.2125, train/unsup_loss: 0.0000, train/total_loss: 5.2125, train/util_ratio: 0.0000, train/run_time: 1.1454, lr: 0.0003, train/prefecth_time: 0.0066 
[2025-02-27 19:41:42,926 INFO] validating...
/home/zakerian/miniconda3/envs/usb/lib/python3.8/site-packages/sklearn/metrics/_classification.py:1471: UndefinedMetricWarning: Precision is ill-defined and being set to 0.0 in labels with no predicted samples. Use `zero_division` parameter to control this behavior.
  _warn_prf(average, modifier, msg_start, len(result))
[2025-02-27 19:43:14,590 INFO] confusion matrix:
[[0.         0.00035663 0.0032097  ... 0.         0.         0.00570613]
 [0.         0.         0.015625   ... 0.         0.         0.        ]
 [0.         0.         0.         ... 0.         0.         0.        ]
 ...
 [0.         0.         0.         ... 0.         0.         0.        ]
 [0.         0.         0.         ... 0.         0.         0.        ]
 [0.         0.         0.         ... 0.         0.         0.        ]]
[2025-02-27 19:43:21,109 INFO] model saved: ./saved_models/usb_cv/fixmatch_market1501_transReid_4label/latest_model.pth
[2025-02-27 19:43:21,111 INFO] 61440 iteration, USE_EMA: False, train/sup_loss: 5.4735, train/unsup_loss: 0.0000, train/total_loss: 5.4735, train/util_ratio: 0.0000, train/run_time: 1.1391, eval/loss: 8.2082, eval/top-1-acc: 0.0015, eval/top-5-acc: 0.0057, eval/balanced_acc: 0.0017, eval/precision: 0.0016, eval/recall: 0.0017, eval/F1: 0.0010, eval/rank-1: 0.0015, eval/rank-5: 0.0057, eval/rank-10: 0.0116, eval/mAP: 0.0090, lr: 0.0003, train/prefecth_time: 0.0060 BEST_EVAL_ACC: 0.0036, at 28672 iters
[2025-02-27 19:48:21,779 INFO] 61696 iteration USE_EMA: False, train/sup_loss: 5.2482, train/unsup_loss: 0.0000, train/total_loss: 5.2482, train/util_ratio: 0.0000, train/run_time: 1.1483, lr: 0.0003, train/prefecth_time: 0.0062 
[2025-02-27 19:53:21,599 INFO] 61952 iteration USE_EMA: False, train/sup_loss: 4.7126, train/unsup_loss: 0.0000, train/total_loss: 4.7126, train/util_ratio: 0.0000, train/run_time: 1.1422, lr: 0.0003, train/prefecth_time: 0.0059 
[2025-02-27 19:58:21,319 INFO] 62208 iteration USE_EMA: False, train/sup_loss: 5.1446, train/unsup_loss: 0.0000, train/total_loss: 5.1446, train/util_ratio: 0.0000, train/run_time: 1.1459, lr: 0.0003, train/prefecth_time: 0.0063 
[2025-02-27 20:03:21,248 INFO] 62464 iteration USE_EMA: False, train/sup_loss: 5.6512, train/unsup_loss: 0.0000, train/total_loss: 5.6512, train/util_ratio: 0.0000, train/run_time: 1.1483, lr: 0.0003, train/prefecth_time: 0.0063 
[2025-02-27 20:08:21,695 INFO] 62720 iteration USE_EMA: False, train/sup_loss: 5.4061, train/unsup_loss: 0.0000, train/total_loss: 5.4061, train/util_ratio: 0.0000, train/run_time: 1.1460, lr: 0.0003, train/prefecth_time: 0.0062 
[2025-02-27 20:13:21,408 INFO] 62976 iteration USE_EMA: False, train/sup_loss: 5.2435, train/unsup_loss: 0.0000, train/total_loss: 5.2435, train/util_ratio: 0.0000, train/run_time: 1.1507, lr: 0.0003, train/prefecth_time: 0.0067 
[2025-02-27 20:18:21,227 INFO] 63232 iteration USE_EMA: False, train/sup_loss: 5.5019, train/unsup_loss: 0.0000, train/total_loss: 5.5019, train/util_ratio: 0.0000, train/run_time: 1.1414, lr: 0.0003, train/prefecth_time: 0.0065 
[2025-02-27 20:23:21,037 INFO] validating...
/home/zakerian/miniconda3/envs/usb/lib/python3.8/site-packages/sklearn/metrics/_classification.py:1471: UndefinedMetricWarning: Precision is ill-defined and being set to 0.0 in labels with no predicted samples. Use `zero_division` parameter to control this behavior.
  _warn_prf(average, modifier, msg_start, len(result))
[2025-02-27 20:24:52,800 INFO] confusion matrix:
[[0.         0.00071327 0.00035663 ... 0.         0.00071327 0.00142653]
 [0.         0.         0.         ... 0.         0.         0.        ]
 [0.         0.         0.         ... 0.         0.         0.        ]
 ...
 [0.         0.         0.         ... 0.         0.         0.        ]
 [0.         0.         0.         ... 0.         0.         0.        ]
 [0.         0.         0.         ... 0.         0.         0.        ]]
[2025-02-27 20:24:59,299 INFO] model saved: ./saved_models/usb_cv/fixmatch_market1501_transReid_4label/latest_model.pth
[2025-02-27 20:24:59,301 INFO] 63488 iteration, USE_EMA: False, train/sup_loss: 5.6904, train/unsup_loss: 0.0000, train/total_loss: 5.6904, train/util_ratio: 0.0000, train/run_time: 1.1467, eval/loss: 8.6091, eval/top-1-acc: 0.0008, eval/top-5-acc: 0.0052, eval/balanced_acc: 0.0010, eval/precision: 0.0005, eval/recall: 0.0010, eval/F1: 0.0005, eval/rank-1: 0.0008, eval/rank-5: 0.0052, eval/rank-10: 0.0108, eval/mAP: 0.0084, lr: 0.0003, train/prefecth_time: 0.0059 BEST_EVAL_ACC: 0.0036, at 28672 iters
[2025-02-27 20:30:00,020 INFO] 63744 iteration USE_EMA: False, train/sup_loss: 5.4033, train/unsup_loss: 0.0000, train/total_loss: 5.4033, train/util_ratio: 0.0000, train/run_time: 1.1465, lr: 0.0003, train/prefecth_time: 0.0064 
[2025-02-27 20:34:59,851 INFO] 64000 iteration USE_EMA: False, train/sup_loss: 5.2039, train/unsup_loss: 0.0000, train/total_loss: 5.2039, train/util_ratio: 0.0000, train/run_time: 1.1613, lr: 0.0003, train/prefecth_time: 0.0067 
[2025-02-27 20:40:00,112 INFO] 64256 iteration USE_EMA: False, train/sup_loss: 5.5302, train/unsup_loss: 0.0000, train/total_loss: 5.5302, train/util_ratio: 0.0000, train/run_time: 1.1565, lr: 0.0003, train/prefecth_time: 0.0066 
[2025-02-27 20:44:59,971 INFO] 64512 iteration USE_EMA: False, train/sup_loss: 5.2238, train/unsup_loss: 0.0000, train/total_loss: 5.2238, train/util_ratio: 0.0000, train/run_time: 1.1615, lr: 0.0003, train/prefecth_time: 0.0060 
[2025-02-27 20:50:00,531 INFO] 64768 iteration USE_EMA: False, train/sup_loss: 4.4098, train/unsup_loss: 0.0000, train/total_loss: 4.4098, train/util_ratio: 0.0000, train/run_time: 1.1436, lr: 0.0003, train/prefecth_time: 0.0072 
[2025-02-27 20:55:00,485 INFO] 65024 iteration USE_EMA: False, train/sup_loss: 5.2138, train/unsup_loss: 0.0000, train/total_loss: 5.2138, train/util_ratio: 0.0000, train/run_time: 1.1513, lr: 0.0003, train/prefecth_time: 0.0069 
[2025-02-27 21:00:00,419 INFO] 65280 iteration USE_EMA: False, train/sup_loss: 4.8176, train/unsup_loss: 0.0000, train/total_loss: 4.8176, train/util_ratio: 0.0000, train/run_time: 1.1429, lr: 0.0003, train/prefecth_time: 0.0093 
[2025-02-27 21:05:00,503 INFO] validating...
/home/zakerian/miniconda3/envs/usb/lib/python3.8/site-packages/sklearn/metrics/_classification.py:1471: UndefinedMetricWarning: Precision is ill-defined and being set to 0.0 in labels with no predicted samples. Use `zero_division` parameter to control this behavior.
  _warn_prf(average, modifier, msg_start, len(result))
[2025-02-27 21:06:31,929 INFO] confusion matrix:
[[0.00142653 0.00035663 0.         ... 0.00035663 0.00035663 0.00142653]
 [0.         0.015625   0.         ... 0.         0.         0.        ]
 [0.         0.         0.         ... 0.         0.         0.        ]
 ...
 [0.         0.         0.         ... 0.         0.         0.        ]
 [0.         0.         0.         ... 0.         0.         0.        ]
 [0.         0.         0.         ... 0.         0.         0.        ]]
[2025-02-27 21:06:38,409 INFO] model saved: ./saved_models/usb_cv/fixmatch_market1501_transReid_4label/latest_model.pth
[2025-02-27 21:06:38,411 INFO] 65536 iteration, USE_EMA: False, train/sup_loss: 5.2269, train/unsup_loss: 0.0000, train/total_loss: 5.2269, train/util_ratio: 0.0000, train/run_time: 1.1518, eval/loss: 8.9848, eval/top-1-acc: 0.0008, eval/top-5-acc: 0.0066, eval/balanced_acc: 0.0007, eval/precision: 0.0017, eval/recall: 0.0007, eval/F1: 0.0005, eval/rank-1: 0.0008, eval/rank-5: 0.0066, eval/rank-10: 0.0131, eval/mAP: 0.0090, lr: 0.0003, train/prefecth_time: 0.0065 BEST_EVAL_ACC: 0.0036, at 28672 iters
[2025-02-27 21:11:39,213 INFO] 65792 iteration USE_EMA: False, train/sup_loss: 5.3099, train/unsup_loss: 0.0000, train/total_loss: 5.3099, train/util_ratio: 0.0000, train/run_time: 1.1576, lr: 0.0003, train/prefecth_time: 0.0066 
[2025-02-27 21:16:39,062 INFO] 66048 iteration USE_EMA: False, train/sup_loss: 4.2425, train/unsup_loss: 0.0000, train/total_loss: 4.2425, train/util_ratio: 0.0000, train/run_time: 1.1461, lr: 0.0003, train/prefecth_time: 0.0070 
[2025-02-27 21:21:38,916 INFO] 66304 iteration USE_EMA: False, train/sup_loss: 4.5455, train/unsup_loss: 0.0000, train/total_loss: 4.5455, train/util_ratio: 0.0000, train/run_time: 1.1428, lr: 0.0003, train/prefecth_time: 0.0065 
[2025-02-27 21:26:38,814 INFO] 66560 iteration USE_EMA: False, train/sup_loss: 4.7576, train/unsup_loss: 0.0000, train/total_loss: 4.7576, train/util_ratio: 0.0000, train/run_time: 1.1390, lr: 0.0003, train/prefecth_time: 0.0057 
[2025-02-27 21:31:39,262 INFO] 66816 iteration USE_EMA: False, train/sup_loss: 5.3470, train/unsup_loss: 0.0000, train/total_loss: 5.3470, train/util_ratio: 0.0000, train/run_time: 1.1531, lr: 0.0003, train/prefecth_time: 0.0060 
[2025-02-27 21:36:38,982 INFO] 67072 iteration USE_EMA: False, train/sup_loss: 5.3507, train/unsup_loss: 0.0000, train/total_loss: 5.3507, train/util_ratio: 0.0000, train/run_time: 1.1521, lr: 0.0003, train/prefecth_time: 0.0064 
[2025-02-27 21:41:38,838 INFO] 67328 iteration USE_EMA: False, train/sup_loss: 4.2839, train/unsup_loss: 0.0000, train/total_loss: 4.2839, train/util_ratio: 0.0000, train/run_time: 1.1512, lr: 0.0003, train/prefecth_time: 0.0067 
[2025-02-27 21:46:38,589 INFO] validating...
/home/zakerian/miniconda3/envs/usb/lib/python3.8/site-packages/sklearn/metrics/_classification.py:1471: UndefinedMetricWarning: Precision is ill-defined and being set to 0.0 in labels with no predicted samples. Use `zero_division` parameter to control this behavior.
  _warn_prf(average, modifier, msg_start, len(result))
[2025-02-27 21:48:10,261 INFO] confusion matrix:
[[0.00713267 0.00677603 0.00071327 ... 0.00463623 0.         0.0074893 ]
 [0.         0.         0.         ... 0.         0.         0.        ]
 [0.         0.         0.         ... 0.         0.         0.        ]
 ...
 [0.03125    0.         0.         ... 0.         0.         0.        ]
 [0.03846154 0.         0.         ... 0.         0.         0.        ]
 [0.125      0.         0.         ... 0.         0.         0.        ]]
[2025-02-27 21:48:16,727 INFO] model saved: ./saved_models/usb_cv/fixmatch_market1501_transReid_4label/latest_model.pth
[2025-02-27 21:48:16,729 INFO] 67584 iteration, USE_EMA: False, train/sup_loss: 4.1076, train/unsup_loss: 0.0000, train/total_loss: 4.1076, train/util_ratio: 0.0000, train/run_time: 1.1385, eval/loss: 9.2610, eval/top-1-acc: 0.0020, eval/top-5-acc: 0.0088, eval/balanced_acc: 0.0011, eval/precision: 0.0012, eval/recall: 0.0011, eval/F1: 0.0006, eval/rank-1: 0.0020, eval/rank-5: 0.0088, eval/rank-10: 0.0169, eval/mAP: 0.0111, lr: 0.0003, train/prefecth_time: 0.0059 BEST_EVAL_ACC: 0.0036, at 28672 iters
[2025-02-27 21:53:16,683 INFO] 67840 iteration USE_EMA: False, train/sup_loss: 4.7534, train/unsup_loss: 0.0000, train/total_loss: 4.7534, train/util_ratio: 0.0000, train/run_time: 1.1350, lr: 0.0003, train/prefecth_time: 0.0063 
[2025-02-27 21:58:15,953 INFO] 68096 iteration USE_EMA: False, train/sup_loss: 4.9122, train/unsup_loss: 0.0000, train/total_loss: 4.9122, train/util_ratio: 0.0000, train/run_time: 1.1405, lr: 0.0003, train/prefecth_time: 0.0065 
[2025-02-27 22:03:15,411 INFO] 68352 iteration USE_EMA: False, train/sup_loss: 4.2536, train/unsup_loss: 0.0000, train/total_loss: 4.2536, train/util_ratio: 0.0000, train/run_time: 1.1511, lr: 0.0003, train/prefecth_time: 0.0066 
[2025-02-27 22:08:14,915 INFO] 68608 iteration USE_EMA: False, train/sup_loss: 5.9962, train/unsup_loss: 0.0000, train/total_loss: 5.9962, train/util_ratio: 0.0000, train/run_time: 1.1441, lr: 0.0003, train/prefecth_time: 0.0058 
[2025-02-27 22:13:15,319 INFO] 68864 iteration USE_EMA: False, train/sup_loss: 4.7758, train/unsup_loss: 0.0000, train/total_loss: 4.7758, train/util_ratio: 0.0000, train/run_time: 1.1374, lr: 0.0003, train/prefecth_time: 0.0068 
[2025-02-27 22:18:14,745 INFO] 69120 iteration USE_EMA: False, train/sup_loss: 4.5759, train/unsup_loss: 0.0000, train/total_loss: 4.5759, train/util_ratio: 0.0000, train/run_time: 1.1484, lr: 0.0003, train/prefecth_time: 0.0069 
[2025-02-27 22:23:14,142 INFO] 69376 iteration USE_EMA: False, train/sup_loss: 4.8853, train/unsup_loss: 0.0000, train/total_loss: 4.8853, train/util_ratio: 0.0000, train/run_time: 1.1488, lr: 0.0003, train/prefecth_time: 0.0069 
[2025-02-27 22:28:13,365 INFO] validating...
/home/zakerian/miniconda3/envs/usb/lib/python3.8/site-packages/sklearn/metrics/_classification.py:1471: UndefinedMetricWarning: Precision is ill-defined and being set to 0.0 in labels with no predicted samples. Use `zero_division` parameter to control this behavior.
  _warn_prf(average, modifier, msg_start, len(result))
[2025-02-27 22:29:45,163 INFO] confusion matrix:
[[0.         0.00178317 0.00463623 ... 0.0010699  0.         0.00499287]
 [0.         0.         0.         ... 0.         0.015625   0.        ]
 [0.         0.         0.         ... 0.         0.         0.        ]
 ...
 [0.         0.         0.03125    ... 0.         0.         0.        ]
 [0.         0.         0.         ... 0.         0.         0.        ]
 [0.         0.         0.         ... 0.         0.         0.        ]]
[2025-02-27 22:29:51,676 INFO] model saved: ./saved_models/usb_cv/fixmatch_market1501_transReid_4label/latest_model.pth
[2025-02-27 22:29:51,678 INFO] 69632 iteration, USE_EMA: False, train/sup_loss: 5.0615, train/unsup_loss: 0.0000, train/total_loss: 5.0615, train/util_ratio: 0.0000, train/run_time: 1.1373, eval/loss: 9.9955, eval/top-1-acc: 0.0019, eval/top-5-acc: 0.0068, eval/balanced_acc: 0.0021, eval/precision: 0.0013, eval/recall: 0.0021, eval/F1: 0.0011, eval/rank-1: 0.0019, eval/rank-5: 0.0068, eval/rank-10: 0.0135, eval/mAP: 0.0097, lr: 0.0003, train/prefecth_time: 0.0063 BEST_EVAL_ACC: 0.0036, at 28672 iters
[2025-02-27 22:34:51,891 INFO] 69888 iteration USE_EMA: False, train/sup_loss: 3.8479, train/unsup_loss: 0.0000, train/total_loss: 3.8479, train/util_ratio: 0.0000, train/run_time: 1.1561, lr: 0.0003, train/prefecth_time: 0.0062 
[2025-02-27 22:39:51,252 INFO] 70144 iteration USE_EMA: False, train/sup_loss: 4.8054, train/unsup_loss: 0.0000, train/total_loss: 4.8054, train/util_ratio: 0.0000, train/run_time: 1.1406, lr: 0.0003, train/prefecth_time: 0.0062 
[2025-02-27 22:44:50,847 INFO] 70400 iteration USE_EMA: False, train/sup_loss: 4.7944, train/unsup_loss: 0.0000, train/total_loss: 4.7944, train/util_ratio: 0.0000, train/run_time: 1.1411, lr: 0.0003, train/prefecth_time: 0.0072 
[2025-02-27 22:49:50,205 INFO] 70656 iteration USE_EMA: False, train/sup_loss: 4.4909, train/unsup_loss: 0.0000, train/total_loss: 4.4909, train/util_ratio: 0.0000, train/run_time: 1.1424, lr: 0.0003, train/prefecth_time: 0.0064 
[2025-02-27 22:54:50,494 INFO] 70912 iteration USE_EMA: False, train/sup_loss: 5.1014, train/unsup_loss: 0.0000, train/total_loss: 5.1014, train/util_ratio: 0.0000, train/run_time: 1.1546, lr: 0.0003, train/prefecth_time: 0.0063 
[2025-02-27 22:59:50,032 INFO] 71168 iteration USE_EMA: False, train/sup_loss: 4.0119, train/unsup_loss: 0.0000, train/total_loss: 4.0119, train/util_ratio: 0.0000, train/run_time: 1.1365, lr: 0.0003, train/prefecth_time: 0.0066 
[2025-02-27 23:04:49,385 INFO] 71424 iteration USE_EMA: False, train/sup_loss: 5.5808, train/unsup_loss: 0.0000, train/total_loss: 5.5808, train/util_ratio: 0.0000, train/run_time: 1.1466, lr: 0.0003, train/prefecth_time: 0.0071 
[2025-02-27 23:09:48,836 INFO] validating...
/home/zakerian/miniconda3/envs/usb/lib/python3.8/site-packages/sklearn/metrics/_classification.py:1471: UndefinedMetricWarning: Precision is ill-defined and being set to 0.0 in labels with no predicted samples. Use `zero_division` parameter to control this behavior.
  _warn_prf(average, modifier, msg_start, len(result))
[2025-02-27 23:11:20,286 INFO] confusion matrix:
[[0.00071327 0.00356633 0.0021398  ... 0.00035663 0.         0.00249643]
 [0.         0.         0.         ... 0.         0.         0.        ]
 [0.         0.         0.         ... 0.         0.         0.        ]
 ...
 [0.         0.         0.         ... 0.         0.         0.        ]
 [0.         0.03846154 0.03846154 ... 0.         0.         0.        ]
 [0.         0.         0.         ... 0.         0.         0.        ]]
[2025-02-27 23:11:26,762 INFO] model saved: ./saved_models/usb_cv/fixmatch_market1501_transReid_4label/latest_model.pth
[2025-02-27 23:11:26,764 INFO] 71680 iteration, USE_EMA: False, train/sup_loss: 4.2002, train/unsup_loss: 0.0000, train/total_loss: 4.2002, train/util_ratio: 0.0000, train/run_time: 1.1339, eval/loss: 9.3269, eval/top-1-acc: 0.0012, eval/top-5-acc: 0.0064, eval/balanced_acc: 0.0011, eval/precision: 0.0010, eval/recall: 0.0011, eval/F1: 0.0007, eval/rank-1: 0.0012, eval/rank-5: 0.0064, eval/rank-10: 0.0132, eval/mAP: 0.0095, lr: 0.0003, train/prefecth_time: 0.0061 BEST_EVAL_ACC: 0.0036, at 28672 iters
[2025-02-27 23:16:26,819 INFO] 71936 iteration USE_EMA: False, train/sup_loss: 5.7542, train/unsup_loss: 0.0000, train/total_loss: 5.7542, train/util_ratio: 0.0000, train/run_time: 1.1464, lr: 0.0003, train/prefecth_time: 0.0066 
[2025-02-27 23:21:26,289 INFO] 72192 iteration USE_EMA: False, train/sup_loss: 4.9936, train/unsup_loss: 0.0000, train/total_loss: 4.9936, train/util_ratio: 0.0000, train/run_time: 1.1446, lr: 0.0003, train/prefecth_time: 0.0087 
[2025-02-27 23:26:25,705 INFO] 72448 iteration USE_EMA: False, train/sup_loss: 4.0733, train/unsup_loss: 0.0000, train/total_loss: 4.0733, train/util_ratio: 0.0000, train/run_time: 1.1356, lr: 0.0003, train/prefecth_time: 0.0067 
[2025-02-27 23:31:25,261 INFO] 72704 iteration USE_EMA: False, train/sup_loss: 5.0450, train/unsup_loss: 0.0000, train/total_loss: 5.0450, train/util_ratio: 0.0000, train/run_time: 1.1400, lr: 0.0003, train/prefecth_time: 0.0062 
[2025-02-27 23:36:25,413 INFO] 72960 iteration USE_EMA: False, train/sup_loss: 5.1288, train/unsup_loss: 0.0000, train/total_loss: 5.1288, train/util_ratio: 0.0000, train/run_time: 1.1331, lr: 0.0003, train/prefecth_time: 0.0065 
[2025-02-27 23:41:24,902 INFO] 73216 iteration USE_EMA: False, train/sup_loss: 4.7460, train/unsup_loss: 0.0000, train/total_loss: 4.7460, train/util_ratio: 0.0000, train/run_time: 1.1456, lr: 0.0003, train/prefecth_time: 0.0091 
[2025-02-27 23:46:24,286 INFO] 73472 iteration USE_EMA: False, train/sup_loss: 3.9186, train/unsup_loss: 0.0000, train/total_loss: 3.9186, train/util_ratio: 0.0000, train/run_time: 1.1354, lr: 0.0003, train/prefecth_time: 0.0069 
[2025-02-27 23:51:23,544 INFO] validating...
/home/zakerian/miniconda3/envs/usb/lib/python3.8/site-packages/sklearn/metrics/_classification.py:1471: UndefinedMetricWarning: Precision is ill-defined and being set to 0.0 in labels with no predicted samples. Use `zero_division` parameter to control this behavior.
  _warn_prf(average, modifier, msg_start, len(result))
[2025-02-27 23:52:55,390 INFO] confusion matrix:
[[0.0010699  0.         0.00035663 ... 0.00035663 0.00035663 0.        ]
 [0.         0.         0.         ... 0.         0.         0.        ]
 [0.         0.         0.         ... 0.         0.         0.        ]
 ...
 [0.         0.         0.         ... 0.         0.         0.        ]
 [0.         0.         0.         ... 0.         0.         0.        ]
 [0.         0.         0.         ... 0.         0.         0.        ]]
[2025-02-27 23:53:01,949 INFO] model saved: ./saved_models/usb_cv/fixmatch_market1501_transReid_4label/latest_model.pth
[2025-02-27 23:53:01,951 INFO] 73728 iteration, USE_EMA: False, train/sup_loss: 4.9438, train/unsup_loss: 0.0000, train/total_loss: 4.9438, train/util_ratio: 0.0000, train/run_time: 1.1485, eval/loss: 9.6099, eval/top-1-acc: 0.0010, eval/top-5-acc: 0.0067, eval/balanced_acc: 0.0011, eval/precision: 0.0009, eval/recall: 0.0011, eval/F1: 0.0007, eval/rank-1: 0.0010, eval/rank-5: 0.0067, eval/rank-10: 0.0124, eval/mAP: 0.0094, lr: 0.0003, train/prefecth_time: 0.0062 BEST_EVAL_ACC: 0.0036, at 28672 iters
[2025-02-27 23:58:02,244 INFO] 73984 iteration USE_EMA: False, train/sup_loss: 4.4784, train/unsup_loss: 0.0000, train/total_loss: 4.4784, train/util_ratio: 0.0000, train/run_time: 1.1418, lr: 0.0003, train/prefecth_time: 0.0070 
[2025-02-28 00:03:01,751 INFO] 74240 iteration USE_EMA: False, train/sup_loss: 4.3046, train/unsup_loss: 0.0000, train/total_loss: 4.3046, train/util_ratio: 0.0000, train/run_time: 1.1406, lr: 0.0003, train/prefecth_time: 0.0064 
[2025-02-28 00:08:01,413 INFO] 74496 iteration USE_EMA: False, train/sup_loss: 4.0605, train/unsup_loss: 0.0000, train/total_loss: 4.0605, train/util_ratio: 0.0000, train/run_time: 1.1440, lr: 0.0003, train/prefecth_time: 0.0066 
[2025-02-28 00:13:01,258 INFO] 74752 iteration USE_EMA: False, train/sup_loss: 4.2788, train/unsup_loss: 0.0000, train/total_loss: 4.2788, train/util_ratio: 0.0000, train/run_time: 1.1492, lr: 0.0003, train/prefecth_time: 0.0062 
[2025-02-28 00:18:01,791 INFO] 75008 iteration USE_EMA: False, train/sup_loss: 4.4727, train/unsup_loss: 0.0000, train/total_loss: 4.4727, train/util_ratio: 0.0000, train/run_time: 1.1551, lr: 0.0003, train/prefecth_time: 0.0065 
[2025-02-28 00:23:01,530 INFO] 75264 iteration USE_EMA: False, train/sup_loss: 4.5090, train/unsup_loss: 0.0000, train/total_loss: 4.5090, train/util_ratio: 0.0000, train/run_time: 1.1460, lr: 0.0003, train/prefecth_time: 0.0062 
[2025-02-28 00:28:01,230 INFO] 75520 iteration USE_EMA: False, train/sup_loss: 4.2656, train/unsup_loss: 0.0000, train/total_loss: 4.2656, train/util_ratio: 0.0000, train/run_time: 1.1484, lr: 0.0003, train/prefecth_time: 0.0067 
[2025-02-28 00:33:00,724 INFO] validating...
/home/zakerian/miniconda3/envs/usb/lib/python3.8/site-packages/sklearn/metrics/_classification.py:1471: UndefinedMetricWarning: Precision is ill-defined and being set to 0.0 in labels with no predicted samples. Use `zero_division` parameter to control this behavior.
  _warn_prf(average, modifier, msg_start, len(result))
[2025-02-28 00:34:32,466 INFO] confusion matrix:
[[0.0010699  0.00071327 0.00178317 ... 0.00071327 0.         0.00463623]
 [0.         0.         0.         ... 0.         0.         0.        ]
 [0.         0.         0.         ... 0.         0.         0.        ]
 ...
 [0.         0.         0.         ... 0.         0.         0.        ]
 [0.         0.         0.         ... 0.         0.         0.        ]
 [0.         0.         0.         ... 0.         0.         0.        ]]
[2025-02-28 00:34:38,934 INFO] model saved: ./saved_models/usb_cv/fixmatch_market1501_transReid_4label/latest_model.pth
[2025-02-28 00:34:38,935 INFO] 75776 iteration, USE_EMA: False, train/sup_loss: 4.9794, train/unsup_loss: 0.0000, train/total_loss: 4.9794, train/util_ratio: 0.0000, train/run_time: 1.1457, eval/loss: 9.5624, eval/top-1-acc: 0.0010, eval/top-5-acc: 0.0068, eval/balanced_acc: 0.0011, eval/precision: 0.0013, eval/recall: 0.0011, eval/F1: 0.0006, eval/rank-1: 0.0010, eval/rank-5: 0.0068, eval/rank-10: 0.0129, eval/mAP: 0.0093, lr: 0.0003, train/prefecth_time: 0.0062 BEST_EVAL_ACC: 0.0036, at 28672 iters
[2025-02-28 00:39:39,728 INFO] 76032 iteration USE_EMA: False, train/sup_loss: 4.2298, train/unsup_loss: 0.0000, train/total_loss: 4.2298, train/util_ratio: 0.0000, train/run_time: 1.1465, lr: 0.0003, train/prefecth_time: 0.0061 
[2025-02-28 00:44:39,487 INFO] 76288 iteration USE_EMA: False, train/sup_loss: 4.6923, train/unsup_loss: 0.0000, train/total_loss: 4.6923, train/util_ratio: 0.0000, train/run_time: 1.1539, lr: 0.0003, train/prefecth_time: 0.0072 
[2025-02-28 00:49:39,523 INFO] 76544 iteration USE_EMA: False, train/sup_loss: 4.3873, train/unsup_loss: 0.0000, train/total_loss: 4.3873, train/util_ratio: 0.0000, train/run_time: 1.1501, lr: 0.0003, train/prefecth_time: 0.0061 
[2025-02-28 00:54:39,327 INFO] 76800 iteration USE_EMA: False, train/sup_loss: 4.2576, train/unsup_loss: 0.0000, train/total_loss: 4.2576, train/util_ratio: 0.0000, train/run_time: 1.1380, lr: 0.0003, train/prefecth_time: 0.0059 
[2025-02-28 00:59:39,632 INFO] 77056 iteration USE_EMA: False, train/sup_loss: 4.2794, train/unsup_loss: 0.0000, train/total_loss: 4.2794, train/util_ratio: 0.0000, train/run_time: 1.1463, lr: 0.0003, train/prefecth_time: 0.0092 
[2025-02-28 01:04:39,192 INFO] 77312 iteration USE_EMA: False, train/sup_loss: 4.6440, train/unsup_loss: 0.0000, train/total_loss: 4.6440, train/util_ratio: 0.0000, train/run_time: 1.1479, lr: 0.0003, train/prefecth_time: 0.0067 
[2025-02-28 01:09:38,821 INFO] 77568 iteration USE_EMA: False, train/sup_loss: 4.8423, train/unsup_loss: 0.0000, train/total_loss: 4.8423, train/util_ratio: 0.0000, train/run_time: 1.1459, lr: 0.0003, train/prefecth_time: 0.0069 
[2025-02-28 01:14:38,493 INFO] validating...
/home/zakerian/miniconda3/envs/usb/lib/python3.8/site-packages/sklearn/metrics/_classification.py:1471: UndefinedMetricWarning: Precision is ill-defined and being set to 0.0 in labels with no predicted samples. Use `zero_division` parameter to control this behavior.
  _warn_prf(average, modifier, msg_start, len(result))
[2025-02-28 01:16:09,975 INFO] confusion matrix:
[[0.00071327 0.00392297 0.00249643 ... 0.00178317 0.00035663 0.00356633]
 [0.         0.         0.         ... 0.         0.         0.        ]
 [0.         0.         0.         ... 0.         0.         0.        ]
 ...
 [0.         0.         0.         ... 0.         0.         0.        ]
 [0.         0.         0.         ... 0.         0.         0.        ]
 [0.         0.125      0.125      ... 0.         0.         0.        ]]
[2025-02-28 01:16:16,457 INFO] model saved: ./saved_models/usb_cv/fixmatch_market1501_transReid_4label/latest_model.pth
[2025-02-28 01:16:16,458 INFO] 77824 iteration, USE_EMA: False, train/sup_loss: 4.4728, train/unsup_loss: 0.0000, train/total_loss: 4.4728, train/util_ratio: 0.0000, train/run_time: 1.1482, eval/loss: 9.7060, eval/top-1-acc: 0.0012, eval/top-5-acc: 0.0074, eval/balanced_acc: 0.0012, eval/precision: 0.0015, eval/recall: 0.0012, eval/F1: 0.0010, eval/rank-1: 0.0012, eval/rank-5: 0.0074, eval/rank-10: 0.0134, eval/mAP: 0.0096, lr: 0.0003, train/prefecth_time: 0.0065 BEST_EVAL_ACC: 0.0036, at 28672 iters
[2025-02-28 01:21:16,998 INFO] 78080 iteration USE_EMA: False, train/sup_loss: 5.3771, train/unsup_loss: 0.0000, train/total_loss: 5.3771, train/util_ratio: 0.0000, train/run_time: 1.1530, lr: 0.0003, train/prefecth_time: 0.0065 
[2025-02-28 01:26:16,782 INFO] 78336 iteration USE_EMA: False, train/sup_loss: 3.6001, train/unsup_loss: 0.0000, train/total_loss: 3.6001, train/util_ratio: 0.0000, train/run_time: 1.1448, lr: 0.0003, train/prefecth_time: 0.0063 
[2025-02-28 01:31:16,448 INFO] 78592 iteration USE_EMA: False, train/sup_loss: 4.9820, train/unsup_loss: 0.0000, train/total_loss: 4.9820, train/util_ratio: 0.0000, train/run_time: 1.1485, lr: 0.0003, train/prefecth_time: 0.0067 
[2025-02-28 01:36:16,193 INFO] 78848 iteration USE_EMA: False, train/sup_loss: 5.4527, train/unsup_loss: 0.0000, train/total_loss: 5.4527, train/util_ratio: 0.0000, train/run_time: 1.1384, lr: 0.0003, train/prefecth_time: 0.0061 
[2025-02-28 01:41:16,718 INFO] 79104 iteration USE_EMA: False, train/sup_loss: 3.8745, train/unsup_loss: 0.0000, train/total_loss: 3.8745, train/util_ratio: 0.0000, train/run_time: 1.1481, lr: 0.0003, train/prefecth_time: 0.0099 
[2025-02-28 01:46:16,424 INFO] 79360 iteration USE_EMA: False, train/sup_loss: 5.5329, train/unsup_loss: 0.0000, train/total_loss: 5.5329, train/util_ratio: 0.0000, train/run_time: 1.1535, lr: 0.0003, train/prefecth_time: 0.0065 
[2025-02-28 01:51:16,103 INFO] 79616 iteration USE_EMA: False, train/sup_loss: 4.1203, train/unsup_loss: 0.0000, train/total_loss: 4.1203, train/util_ratio: 0.0000, train/run_time: 1.1449, lr: 0.0003, train/prefecth_time: 0.0096 
[2025-02-28 01:56:15,969 INFO] validating...
/home/zakerian/miniconda3/envs/usb/lib/python3.8/site-packages/sklearn/metrics/_classification.py:1471: UndefinedMetricWarning: Precision is ill-defined and being set to 0.0 in labels with no predicted samples. Use `zero_division` parameter to control this behavior.
  _warn_prf(average, modifier, msg_start, len(result))
[2025-02-28 01:57:47,293 INFO] confusion matrix:
[[0.00035663 0.         0.00035663 ... 0.00071327 0.0010699  0.0021398 ]
 [0.         0.         0.         ... 0.         0.         0.015625  ]
 [0.         0.         0.         ... 0.         0.         0.        ]
 ...
 [0.         0.         0.         ... 0.         0.         0.        ]
 [0.         0.         0.         ... 0.         0.         0.        ]
 [0.         0.         0.         ... 0.         0.         0.        ]]
[2025-02-28 01:57:53,769 INFO] model saved: ./saved_models/usb_cv/fixmatch_market1501_transReid_4label/latest_model.pth
[2025-02-28 01:57:53,771 INFO] 79872 iteration, USE_EMA: False, train/sup_loss: 4.0570, train/unsup_loss: 0.0000, train/total_loss: 4.0570, train/util_ratio: 0.0000, train/run_time: 1.1514, eval/loss: 9.8461, eval/top-1-acc: 0.0008, eval/top-5-acc: 0.0059, eval/balanced_acc: 0.0011, eval/precision: 0.0006, eval/recall: 0.0011, eval/F1: 0.0005, eval/rank-1: 0.0008, eval/rank-5: 0.0059, eval/rank-10: 0.0123, eval/mAP: 0.0089, lr: 0.0003, train/prefecth_time: 0.0063 BEST_EVAL_ACC: 0.0036, at 28672 iters
[2025-02-28 02:02:53,704 INFO] 80128 iteration USE_EMA: False, train/sup_loss: 4.3676, train/unsup_loss: 0.0000, train/total_loss: 4.3676, train/util_ratio: 0.0000, train/run_time: 1.1495, lr: 0.0003, train/prefecth_time: 0.0060 
[2025-02-28 02:07:52,959 INFO] 80384 iteration USE_EMA: False, train/sup_loss: 4.1843, train/unsup_loss: 0.0000, train/total_loss: 4.1843, train/util_ratio: 0.0000, train/run_time: 1.1453, lr: 0.0003, train/prefecth_time: 0.0070 
[2025-02-28 02:12:52,336 INFO] 80640 iteration USE_EMA: False, train/sup_loss: 3.6338, train/unsup_loss: 0.0000, train/total_loss: 3.6338, train/util_ratio: 0.0000, train/run_time: 1.1389, lr: 0.0003, train/prefecth_time: 0.0066 
[2025-02-28 02:17:51,755 INFO] 80896 iteration USE_EMA: False, train/sup_loss: 4.9501, train/unsup_loss: 0.0000, train/total_loss: 4.9501, train/util_ratio: 0.0000, train/run_time: 1.1483, lr: 0.0003, train/prefecth_time: 0.0059 
[2025-02-28 02:22:51,879 INFO] 81152 iteration USE_EMA: False, train/sup_loss: 4.4656, train/unsup_loss: 0.0000, train/total_loss: 4.4656, train/util_ratio: 0.0000, train/run_time: 1.1387, lr: 0.0003, train/prefecth_time: 0.0064 
[2025-02-28 02:27:51,077 INFO] 81408 iteration USE_EMA: False, train/sup_loss: 4.5828, train/unsup_loss: 0.0000, train/total_loss: 4.5828, train/util_ratio: 0.0000, train/run_time: 1.1337, lr: 0.0003, train/prefecth_time: 0.0072 
[2025-02-28 02:32:50,200 INFO] 81664 iteration USE_EMA: False, train/sup_loss: 3.7471, train/unsup_loss: 0.0000, train/total_loss: 3.7471, train/util_ratio: 0.0000, train/run_time: 1.1609, lr: 0.0003, train/prefecth_time: 0.0064 
[2025-02-28 02:37:49,313 INFO] validating...
/home/zakerian/miniconda3/envs/usb/lib/python3.8/site-packages/sklearn/metrics/_classification.py:1471: UndefinedMetricWarning: Precision is ill-defined and being set to 0.0 in labels with no predicted samples. Use `zero_division` parameter to control this behavior.
  _warn_prf(average, modifier, msg_start, len(result))
[2025-02-28 02:39:20,487 INFO] confusion matrix:
[[0.00142653 0.00071327 0.0010699  ... 0.00285307 0.00035663 0.0010699 ]
 [0.         0.         0.015625   ... 0.         0.         0.        ]
 [0.         0.         0.         ... 0.         0.         0.        ]
 ...
 [0.         0.         0.         ... 0.         0.         0.        ]
 [0.         0.         0.         ... 0.         0.         0.        ]
 [0.         0.         0.         ... 0.         0.         0.        ]]
[2025-02-28 02:39:26,938 INFO] model saved: ./saved_models/usb_cv/fixmatch_market1501_transReid_4label/latest_model.pth
[2025-02-28 02:39:26,940 INFO] 81920 iteration, USE_EMA: False, train/sup_loss: 4.6315, train/unsup_loss: 0.0000, train/total_loss: 4.6315, train/util_ratio: 0.0000, train/run_time: 1.1409, eval/loss: 10.1197, eval/top-1-acc: 0.0015, eval/top-5-acc: 0.0072, eval/balanced_acc: 0.0018, eval/precision: 0.0011, eval/recall: 0.0018, eval/F1: 0.0009, eval/rank-1: 0.0015, eval/rank-5: 0.0072, eval/rank-10: 0.0133, eval/mAP: 0.0097, lr: 0.0003, train/prefecth_time: 0.0057 BEST_EVAL_ACC: 0.0036, at 28672 iters
[2025-02-28 02:44:26,956 INFO] 82176 iteration USE_EMA: False, train/sup_loss: 4.4696, train/unsup_loss: 0.0000, train/total_loss: 4.4696, train/util_ratio: 0.0000, train/run_time: 1.1421, lr: 0.0003, train/prefecth_time: 0.0064 
[2025-02-28 02:49:26,057 INFO] 82432 iteration USE_EMA: False, train/sup_loss: 5.0740, train/unsup_loss: 0.0000, train/total_loss: 5.0740, train/util_ratio: 0.0000, train/run_time: 1.1564, lr: 0.0003, train/prefecth_time: 0.0064 
[2025-02-28 02:54:25,172 INFO] 82688 iteration USE_EMA: False, train/sup_loss: 4.1705, train/unsup_loss: 0.0000, train/total_loss: 4.1705, train/util_ratio: 0.0000, train/run_time: 1.1489, lr: 0.0003, train/prefecth_time: 0.0070 
[2025-02-28 02:59:24,127 INFO] 82944 iteration USE_EMA: False, train/sup_loss: 4.7000, train/unsup_loss: 0.0000, train/total_loss: 4.7000, train/util_ratio: 0.0000, train/run_time: 1.1299, lr: 0.0003, train/prefecth_time: 0.0060 
[2025-02-28 03:04:23,980 INFO] 83200 iteration USE_EMA: False, train/sup_loss: 3.7905, train/unsup_loss: 0.2933, train/total_loss: 4.0838, train/util_ratio: 0.0250, train/run_time: 1.1447, lr: 0.0003, train/prefecth_time: 0.0075 
[2025-02-28 03:09:23,164 INFO] 83456 iteration USE_EMA: False, train/sup_loss: 4.1253, train/unsup_loss: 0.0000, train/total_loss: 4.1253, train/util_ratio: 0.0000, train/run_time: 1.1400, lr: 0.0003, train/prefecth_time: 0.0067 
[2025-02-28 03:14:22,412 INFO] 83712 iteration USE_EMA: False, train/sup_loss: 3.5266, train/unsup_loss: 0.0000, train/total_loss: 3.5266, train/util_ratio: 0.0000, train/run_time: 1.1485, lr: 0.0003, train/prefecth_time: 0.0088 
[2025-02-28 03:19:21,488 INFO] validating...
/home/zakerian/miniconda3/envs/usb/lib/python3.8/site-packages/sklearn/metrics/_classification.py:1471: UndefinedMetricWarning: Precision is ill-defined and being set to 0.0 in labels with no predicted samples. Use `zero_division` parameter to control this behavior.
  _warn_prf(average, modifier, msg_start, len(result))
[2025-02-28 03:20:52,977 INFO] confusion matrix:
[[0.00071327 0.0010699  0.00071327 ... 0.0010699  0.00035663 0.00178317]
 [0.         0.015625   0.015625   ... 0.         0.         0.        ]
 [0.         0.         0.06666667 ... 0.         0.         0.        ]
 ...
 [0.         0.         0.         ... 0.03125    0.         0.        ]
 [0.         0.         0.         ... 0.         0.         0.        ]
 [0.         0.         0.         ... 0.         0.         0.        ]]
[2025-02-28 03:20:59,458 INFO] model saved: ./saved_models/usb_cv/fixmatch_market1501_transReid_4label/latest_model.pth
[2025-02-28 03:20:59,460 INFO] 83968 iteration, USE_EMA: False, train/sup_loss: 4.6677, train/unsup_loss: 0.0000, train/total_loss: 4.6677, train/util_ratio: 0.0000, train/run_time: 1.1463, eval/loss: 10.1131, eval/top-1-acc: 0.0018, eval/top-5-acc: 0.0076, eval/balanced_acc: 0.0019, eval/precision: 0.0012, eval/recall: 0.0019, eval/F1: 0.0011, eval/rank-1: 0.0018, eval/rank-5: 0.0076, eval/rank-10: 0.0145, eval/mAP: 0.0103, lr: 0.0003, train/prefecth_time: 0.0064 BEST_EVAL_ACC: 0.0036, at 28672 iters
[2025-02-28 03:25:59,314 INFO] 84224 iteration USE_EMA: False, train/sup_loss: 3.9804, train/unsup_loss: 0.0000, train/total_loss: 3.9804, train/util_ratio: 0.0000, train/run_time: 1.1425, lr: 0.0003, train/prefecth_time: 0.0066 
[2025-02-28 03:30:58,329 INFO] 84480 iteration USE_EMA: False, train/sup_loss: 4.0987, train/unsup_loss: 0.0000, train/total_loss: 4.0987, train/util_ratio: 0.0000, train/run_time: 1.1347, lr: 0.0003, train/prefecth_time: 0.0061 
[2025-02-28 03:35:57,525 INFO] 84736 iteration USE_EMA: False, train/sup_loss: 3.7125, train/unsup_loss: 0.0000, train/total_loss: 3.7125, train/util_ratio: 0.0000, train/run_time: 1.1513, lr: 0.0003, train/prefecth_time: 0.0065 
[2025-02-28 03:40:56,775 INFO] 84992 iteration USE_EMA: False, train/sup_loss: 3.9870, train/unsup_loss: 0.0000, train/total_loss: 3.9870, train/util_ratio: 0.0000, train/run_time: 1.1391, lr: 0.0003, train/prefecth_time: 0.0063 
[2025-02-28 03:45:57,356 INFO] 85248 iteration USE_EMA: False, train/sup_loss: 5.3773, train/unsup_loss: 0.0000, train/total_loss: 5.3773, train/util_ratio: 0.0000, train/run_time: 1.1410, lr: 0.0003, train/prefecth_time: 0.0066 
[2025-02-28 03:50:56,940 INFO] 85504 iteration USE_EMA: False, train/sup_loss: 4.0704, train/unsup_loss: 0.0000, train/total_loss: 4.0704, train/util_ratio: 0.0000, train/run_time: 1.1398, lr: 0.0003, train/prefecth_time: 0.0072 
[2025-02-28 03:55:56,543 INFO] 85760 iteration USE_EMA: False, train/sup_loss: 3.3350, train/unsup_loss: 0.0000, train/total_loss: 3.3350, train/util_ratio: 0.0000, train/run_time: 1.1398, lr: 0.0003, train/prefecth_time: 0.0068 
[2025-02-28 04:00:55,979 INFO] validating...
/home/zakerian/miniconda3/envs/usb/lib/python3.8/site-packages/sklearn/metrics/_classification.py:1471: UndefinedMetricWarning: Precision is ill-defined and being set to 0.0 in labels with no predicted samples. Use `zero_division` parameter to control this behavior.
  _warn_prf(average, modifier, msg_start, len(result))
[2025-02-28 04:02:26,854 INFO] confusion matrix:
[[0.00142653 0.         0.00249643 ... 0.00035663 0.00035663 0.00927247]
 [0.         0.         0.         ... 0.         0.         0.        ]
 [0.         0.         0.         ... 0.         0.         0.        ]
 ...
 [0.         0.         0.         ... 0.03125    0.         0.0625    ]
 [0.         0.         0.         ... 0.         0.         0.        ]
 [0.         0.125      0.         ... 0.         0.         0.        ]]
[2025-02-28 04:02:33,324 INFO] model saved: ./saved_models/usb_cv/fixmatch_market1501_transReid_4label/latest_model.pth
[2025-02-28 04:02:33,325 INFO] 86016 iteration, USE_EMA: False, train/sup_loss: 4.8444, train/unsup_loss: 0.0000, train/total_loss: 4.8444, train/util_ratio: 0.0000, train/run_time: 1.1432, eval/loss: 10.2468, eval/top-1-acc: 0.0013, eval/top-5-acc: 0.0066, eval/balanced_acc: 0.0015, eval/precision: 0.0012, eval/recall: 0.0015, eval/F1: 0.0009, eval/rank-1: 0.0013, eval/rank-5: 0.0066, eval/rank-10: 0.0130, eval/mAP: 0.0096, lr: 0.0003, train/prefecth_time: 0.0056 BEST_EVAL_ACC: 0.0036, at 28672 iters
[2025-02-28 04:07:33,908 INFO] 86272 iteration USE_EMA: False, train/sup_loss: 4.5538, train/unsup_loss: 0.0000, train/total_loss: 4.5538, train/util_ratio: 0.0000, train/run_time: 1.1502, lr: 0.0003, train/prefecth_time: 0.0072 
[2025-02-28 04:12:33,607 INFO] 86528 iteration USE_EMA: False, train/sup_loss: 4.6636, train/unsup_loss: 0.0000, train/total_loss: 4.6636, train/util_ratio: 0.0000, train/run_time: 1.1383, lr: 0.0003, train/prefecth_time: 0.0068 
[2025-02-28 04:17:33,419 INFO] 86784 iteration USE_EMA: False, train/sup_loss: 4.2902, train/unsup_loss: 0.0000, train/total_loss: 4.2902, train/util_ratio: 0.0000, train/run_time: 1.1385, lr: 0.0003, train/prefecth_time: 0.0063 
[2025-02-28 04:22:33,133 INFO] 87040 iteration USE_EMA: False, train/sup_loss: 5.2543, train/unsup_loss: 0.0000, train/total_loss: 5.2543, train/util_ratio: 0.0000, train/run_time: 1.1520, lr: 0.0003, train/prefecth_time: 0.0065 
[2025-02-28 04:27:33,643 INFO] 87296 iteration USE_EMA: False, train/sup_loss: 3.7974, train/unsup_loss: 0.0000, train/total_loss: 3.7974, train/util_ratio: 0.0000, train/run_time: 1.1340, lr: 0.0003, train/prefecth_time: 0.0067 
[2025-02-28 04:32:33,379 INFO] 87552 iteration USE_EMA: False, train/sup_loss: 4.4656, train/unsup_loss: 0.0000, train/total_loss: 4.4656, train/util_ratio: 0.0000, train/run_time: 1.1403, lr: 0.0003, train/prefecth_time: 0.0062 
[2025-02-28 04:37:33,215 INFO] 87808 iteration USE_EMA: False, train/sup_loss: 3.6580, train/unsup_loss: 0.0000, train/total_loss: 3.6580, train/util_ratio: 0.0000, train/run_time: 1.1356, lr: 0.0003, train/prefecth_time: 0.0066 
[2025-02-28 04:42:32,830 INFO] validating...
/home/zakerian/miniconda3/envs/usb/lib/python3.8/site-packages/sklearn/metrics/_classification.py:1471: UndefinedMetricWarning: Precision is ill-defined and being set to 0.0 in labels with no predicted samples. Use `zero_division` parameter to control this behavior.
  _warn_prf(average, modifier, msg_start, len(result))
[2025-02-28 04:44:04,258 INFO] confusion matrix:
[[0.0010699  0.00178317 0.         ... 0.00142653 0.         0.0021398 ]
 [0.         0.015625   0.         ... 0.         0.         0.        ]
 [0.         0.         0.         ... 0.         0.         0.        ]
 ...
 [0.         0.         0.         ... 0.         0.         0.03125   ]
 [0.         0.         0.         ... 0.         0.         0.        ]
 [0.         0.         0.         ... 0.         0.         0.        ]]
[2025-02-28 04:44:10,740 INFO] model saved: ./saved_models/usb_cv/fixmatch_market1501_transReid_4label/latest_model.pth
[2025-02-28 04:44:10,742 INFO] 88064 iteration, USE_EMA: False, train/sup_loss: 4.7411, train/unsup_loss: 0.0000, train/total_loss: 4.7411, train/util_ratio: 0.0000, train/run_time: 1.1334, eval/loss: 9.7169, eval/top-1-acc: 0.0013, eval/top-5-acc: 0.0068, eval/balanced_acc: 0.0014, eval/precision: 0.0018, eval/recall: 0.0014, eval/F1: 0.0010, eval/rank-1: 0.0013, eval/rank-5: 0.0068, eval/rank-10: 0.0131, eval/mAP: 0.0096, lr: 0.0003, train/prefecth_time: 0.0058 BEST_EVAL_ACC: 0.0036, at 28672 iters
[2025-02-28 04:49:10,555 INFO] 88320 iteration USE_EMA: False, train/sup_loss: 4.7794, train/unsup_loss: 0.0000, train/total_loss: 4.7794, train/util_ratio: 0.0000, train/run_time: 1.1345, lr: 0.0003, train/prefecth_time: 0.0068 
[2025-02-28 04:54:09,851 INFO] 88576 iteration USE_EMA: False, train/sup_loss: 4.3794, train/unsup_loss: 0.0000, train/total_loss: 4.3794, train/util_ratio: 0.0000, train/run_time: 1.1425, lr: 0.0003, train/prefecth_time: 0.0065 
[2025-02-28 04:59:09,192 INFO] 88832 iteration USE_EMA: False, train/sup_loss: 5.1842, train/unsup_loss: 0.0000, train/total_loss: 5.1842, train/util_ratio: 0.0000, train/run_time: 1.1412, lr: 0.0003, train/prefecth_time: 0.0068 
[2025-02-28 05:04:08,370 INFO] 89088 iteration USE_EMA: False, train/sup_loss: 5.9512, train/unsup_loss: 0.0000, train/total_loss: 5.9512, train/util_ratio: 0.0000, train/run_time: 1.1294, lr: 0.0003, train/prefecth_time: 0.0062 
[2025-02-28 05:09:08,557 INFO] 89344 iteration USE_EMA: False, train/sup_loss: 4.4203, train/unsup_loss: 0.0000, train/total_loss: 4.4203, train/util_ratio: 0.0000, train/run_time: 1.1417, lr: 0.0003, train/prefecth_time: 0.0066 
[2025-02-28 05:14:07,696 INFO] 89600 iteration USE_EMA: False, train/sup_loss: 5.4870, train/unsup_loss: 0.0000, train/total_loss: 5.4870, train/util_ratio: 0.0000, train/run_time: 1.1319, lr: 0.0003, train/prefecth_time: 0.0094 
[2025-02-28 05:19:06,827 INFO] 89856 iteration USE_EMA: False, train/sup_loss: 4.4735, train/unsup_loss: 0.0000, train/total_loss: 4.4735, train/util_ratio: 0.0000, train/run_time: 1.1349, lr: 0.0003, train/prefecth_time: 0.0067 
[2025-02-28 05:24:05,979 INFO] validating...
/home/zakerian/miniconda3/envs/usb/lib/python3.8/site-packages/sklearn/metrics/_classification.py:1471: UndefinedMetricWarning: Precision is ill-defined and being set to 0.0 in labels with no predicted samples. Use `zero_division` parameter to control this behavior.
  _warn_prf(average, modifier, msg_start, len(result))
[2025-02-28 05:25:37,208 INFO] confusion matrix:
[[0.0010699  0.00035663 0.00178317 ... 0.         0.         0.00178317]
 [0.         0.         0.         ... 0.         0.         0.        ]
 [0.         0.         0.         ... 0.         0.         0.        ]
 ...
 [0.         0.         0.         ... 0.         0.         0.        ]
 [0.         0.         0.         ... 0.         0.         0.        ]
 [0.         0.         0.         ... 0.         0.         0.        ]]
[2025-02-28 05:25:43,674 INFO] model saved: ./saved_models/usb_cv/fixmatch_market1501_transReid_4label/latest_model.pth
[2025-02-28 05:25:43,676 INFO] 90112 iteration, USE_EMA: False, train/sup_loss: 5.3989, train/unsup_loss: 0.0000, train/total_loss: 5.3989, train/util_ratio: 0.0000, train/run_time: 1.1498, eval/loss: 8.4547, eval/top-1-acc: 0.0015, eval/top-5-acc: 0.0059, eval/balanced_acc: 0.0019, eval/precision: 0.0019, eval/recall: 0.0019, eval/F1: 0.0010, eval/rank-1: 0.0015, eval/rank-5: 0.0059, eval/rank-10: 0.0118, eval/mAP: 0.0093, lr: 0.0003, train/prefecth_time: 0.0058 BEST_EVAL_ACC: 0.0036, at 28672 iters
[2025-02-28 05:30:44,178 INFO] 90368 iteration USE_EMA: False, train/sup_loss: 6.0414, train/unsup_loss: 0.0000, train/total_loss: 6.0414, train/util_ratio: 0.0000, train/run_time: 1.1432, lr: 0.0003, train/prefecth_time: 0.0060 
[2025-02-28 05:35:43,851 INFO] 90624 iteration USE_EMA: False, train/sup_loss: 5.3350, train/unsup_loss: 0.0000, train/total_loss: 5.3350, train/util_ratio: 0.0000, train/run_time: 1.1466, lr: 0.0003, train/prefecth_time: 0.0062 
[2025-02-28 05:40:43,491 INFO] 90880 iteration USE_EMA: False, train/sup_loss: 4.3079, train/unsup_loss: 0.0000, train/total_loss: 4.3079, train/util_ratio: 0.0000, train/run_time: 1.1545, lr: 0.0003, train/prefecth_time: 0.0060 
[2025-02-28 05:45:43,188 INFO] 91136 iteration USE_EMA: False, train/sup_loss: 5.4575, train/unsup_loss: 0.0000, train/total_loss: 5.4575, train/util_ratio: 0.0000, train/run_time: 1.1433, lr: 0.0003, train/prefecth_time: 0.0066 
[2025-02-28 05:50:43,527 INFO] 91392 iteration USE_EMA: False, train/sup_loss: 6.0159, train/unsup_loss: 0.0000, train/total_loss: 6.0159, train/util_ratio: 0.0000, train/run_time: 1.1512, lr: 0.0003, train/prefecth_time: 0.0068 
[2025-02-28 05:55:43,319 INFO] 91648 iteration USE_EMA: False, train/sup_loss: 5.1081, train/unsup_loss: 0.0000, train/total_loss: 5.1081, train/util_ratio: 0.0000, train/run_time: 1.1443, lr: 0.0003, train/prefecth_time: 0.0090 
[2025-02-28 06:00:43,089 INFO] 91904 iteration USE_EMA: False, train/sup_loss: 4.3433, train/unsup_loss: 0.0000, train/total_loss: 4.3433, train/util_ratio: 0.0000, train/run_time: 1.1456, lr: 0.0003, train/prefecth_time: 0.0067 
[2025-02-28 06:05:42,766 INFO] validating...
/home/zakerian/miniconda3/envs/usb/lib/python3.8/site-packages/sklearn/metrics/_classification.py:1471: UndefinedMetricWarning: Precision is ill-defined and being set to 0.0 in labels with no predicted samples. Use `zero_division` parameter to control this behavior.
  _warn_prf(average, modifier, msg_start, len(result))
[2025-02-28 06:07:14,599 INFO] confusion matrix:
[[0.         0.00035663 0.00178317 ... 0.         0.0010699  0.00142653]
 [0.         0.         0.         ... 0.         0.015625   0.        ]
 [0.         0.         0.         ... 0.         0.         0.        ]
 ...
 [0.         0.         0.         ... 0.         0.         0.        ]
 [0.         0.         0.         ... 0.         0.         0.        ]
 [0.         0.         0.         ... 0.         0.         0.        ]]
[2025-02-28 06:07:21,079 INFO] model saved: ./saved_models/usb_cv/fixmatch_market1501_transReid_4label/latest_model.pth
[2025-02-28 06:07:21,081 INFO] 92160 iteration, USE_EMA: False, train/sup_loss: 4.6661, train/unsup_loss: 0.0000, train/total_loss: 4.6661, train/util_ratio: 0.0000, train/run_time: 1.1414, eval/loss: 9.2429, eval/top-1-acc: 0.0017, eval/top-5-acc: 0.0067, eval/balanced_acc: 0.0022, eval/precision: 0.0010, eval/recall: 0.0022, eval/F1: 0.0011, eval/rank-1: 0.0017, eval/rank-5: 0.0067, eval/rank-10: 0.0127, eval/mAP: 0.0094, lr: 0.0003, train/prefecth_time: 0.0057 BEST_EVAL_ACC: 0.0036, at 28672 iters
[2025-02-28 06:12:21,710 INFO] 92416 iteration USE_EMA: False, train/sup_loss: 5.9321, train/unsup_loss: 0.0000, train/total_loss: 5.9321, train/util_ratio: 0.0000, train/run_time: 1.1483, lr: 0.0003, train/prefecth_time: 0.0064 
[2025-02-28 06:17:21,704 INFO] 92672 iteration USE_EMA: False, train/sup_loss: 4.6646, train/unsup_loss: 0.0000, train/total_loss: 4.6646, train/util_ratio: 0.0000, train/run_time: 1.1568, lr: 0.0003, train/prefecth_time: 0.0069 
[2025-02-28 06:22:21,505 INFO] 92928 iteration USE_EMA: False, train/sup_loss: 6.0798, train/unsup_loss: 0.0000, train/total_loss: 6.0798, train/util_ratio: 0.0000, train/run_time: 1.1445, lr: 0.0003, train/prefecth_time: 0.0072 
[2025-02-28 06:27:21,336 INFO] 93184 iteration USE_EMA: False, train/sup_loss: 6.1296, train/unsup_loss: 0.0000, train/total_loss: 6.1296, train/util_ratio: 0.0000, train/run_time: 1.1370, lr: 0.0003, train/prefecth_time: 0.0061 
[2025-02-28 06:32:21,899 INFO] 93440 iteration USE_EMA: False, train/sup_loss: 5.8996, train/unsup_loss: 0.0000, train/total_loss: 5.8996, train/util_ratio: 0.0000, train/run_time: 1.1416, lr: 0.0003, train/prefecth_time: 0.0071 
[2025-02-28 06:37:21,676 INFO] 93696 iteration USE_EMA: False, train/sup_loss: 5.1984, train/unsup_loss: 0.0000, train/total_loss: 5.1984, train/util_ratio: 0.0000, train/run_time: 1.1581, lr: 0.0003, train/prefecth_time: 0.0068 
[2025-02-28 06:42:21,548 INFO] 93952 iteration USE_EMA: False, train/sup_loss: 5.6543, train/unsup_loss: 0.0000, train/total_loss: 5.6543, train/util_ratio: 0.0000, train/run_time: 1.1440, lr: 0.0003, train/prefecth_time: 0.0068 
[2025-02-28 06:47:21,487 INFO] validating...
/home/zakerian/miniconda3/envs/usb/lib/python3.8/site-packages/sklearn/metrics/_classification.py:1471: UndefinedMetricWarning: Precision is ill-defined and being set to 0.0 in labels with no predicted samples. Use `zero_division` parameter to control this behavior.
  _warn_prf(average, modifier, msg_start, len(result))
[2025-02-28 06:48:53,668 INFO] confusion matrix:
[[0.         0.0042796  0.00035663 ... 0.         0.00035663 0.0021398 ]
 [0.         0.         0.         ... 0.         0.         0.        ]
 [0.         0.         0.         ... 0.         0.         0.        ]
 ...
 [0.         0.         0.         ... 0.         0.         0.        ]
 [0.         0.         0.         ... 0.         0.         0.        ]
 [0.         0.         0.         ... 0.         0.         0.        ]]
[2025-02-28 06:49:00,159 INFO] model saved: ./saved_models/usb_cv/fixmatch_market1501_transReid_4label/latest_model.pth
[2025-02-28 06:49:00,161 INFO] 94208 iteration, USE_EMA: False, train/sup_loss: 5.8214, train/unsup_loss: 0.0000, train/total_loss: 5.8214, train/util_ratio: 0.0000, train/run_time: 1.1489, eval/loss: 8.4420, eval/top-1-acc: 0.0010, eval/top-5-acc: 0.0065, eval/balanced_acc: 0.0011, eval/precision: 0.0008, eval/recall: 0.0011, eval/F1: 0.0006, eval/rank-1: 0.0010, eval/rank-5: 0.0065, eval/rank-10: 0.0133, eval/mAP: 0.0095, lr: 0.0003, train/prefecth_time: 0.0063 BEST_EVAL_ACC: 0.0036, at 28672 iters
[2025-02-28 06:54:01,011 INFO] 94464 iteration USE_EMA: False, train/sup_loss: 5.4840, train/unsup_loss: 0.0000, train/total_loss: 5.4840, train/util_ratio: 0.0000, train/run_time: 1.1537, lr: 0.0003, train/prefecth_time: 0.0066 
[2025-02-28 06:59:01,156 INFO] 94720 iteration USE_EMA: False, train/sup_loss: 6.1092, train/unsup_loss: 0.0000, train/total_loss: 6.1092, train/util_ratio: 0.0000, train/run_time: 1.1490, lr: 0.0003, train/prefecth_time: 0.0091 
[2025-02-28 07:04:01,211 INFO] 94976 iteration USE_EMA: False, train/sup_loss: 4.4521, train/unsup_loss: 0.0000, train/total_loss: 4.4521, train/util_ratio: 0.0000, train/run_time: 1.1378, lr: 0.0003, train/prefecth_time: 0.0068 
[2025-02-28 07:09:01,231 INFO] 95232 iteration USE_EMA: False, train/sup_loss: 5.4374, train/unsup_loss: 0.0000, train/total_loss: 5.4374, train/util_ratio: 0.0000, train/run_time: 1.1475, lr: 0.0003, train/prefecth_time: 0.0062 
[2025-02-28 07:14:02,036 INFO] 95488 iteration USE_EMA: False, train/sup_loss: 5.0335, train/unsup_loss: 0.0000, train/total_loss: 5.0335, train/util_ratio: 0.0000, train/run_time: 1.1585, lr: 0.0003, train/prefecth_time: 0.0070 
[2025-02-28 07:19:01,967 INFO] 95744 iteration USE_EMA: False, train/sup_loss: 4.9478, train/unsup_loss: 0.0000, train/total_loss: 4.9478, train/util_ratio: 0.0000, train/run_time: 1.1482, lr: 0.0003, train/prefecth_time: 0.0067 
[2025-02-28 07:24:01,770 INFO] 96000 iteration USE_EMA: False, train/sup_loss: 4.6857, train/unsup_loss: 0.0000, train/total_loss: 4.6857, train/util_ratio: 0.0000, train/run_time: 1.1560, lr: 0.0003, train/prefecth_time: 0.0064 
[2025-02-28 07:29:01,465 INFO] validating...
/home/zakerian/miniconda3/envs/usb/lib/python3.8/site-packages/sklearn/metrics/_classification.py:1471: UndefinedMetricWarning: Precision is ill-defined and being set to 0.0 in labels with no predicted samples. Use `zero_division` parameter to control this behavior.
  _warn_prf(average, modifier, msg_start, len(result))
[2025-02-28 07:30:32,859 INFO] confusion matrix:
[[0.         0.         0.         ... 0.00178317 0.         0.        ]
 [0.         0.         0.         ... 0.         0.         0.        ]
 [0.         0.         0.         ... 0.         0.         0.        ]
 ...
 [0.         0.         0.         ... 0.         0.         0.        ]
 [0.         0.         0.         ... 0.         0.         0.        ]
 [0.         0.         0.         ... 0.         0.         0.        ]]
[2025-02-28 07:30:39,310 INFO] model saved: ./saved_models/usb_cv/fixmatch_market1501_transReid_4label/latest_model.pth
[2025-02-28 07:30:39,312 INFO] 96256 iteration, USE_EMA: False, train/sup_loss: 6.1612, train/unsup_loss: 0.0000, train/total_loss: 6.1612, train/util_ratio: 0.0000, train/run_time: 1.1450, eval/loss: 7.9689, eval/top-1-acc: 0.0017, eval/top-5-acc: 0.0068, eval/balanced_acc: 0.0018, eval/precision: 0.0011, eval/recall: 0.0018, eval/F1: 0.0008, eval/rank-1: 0.0017, eval/rank-5: 0.0068, eval/rank-10: 0.0130, eval/mAP: 0.0098, lr: 0.0003, train/prefecth_time: 0.0063 BEST_EVAL_ACC: 0.0036, at 28672 iters
[2025-02-28 07:35:39,980 INFO] 96512 iteration USE_EMA: False, train/sup_loss: 5.0954, train/unsup_loss: 0.0000, train/total_loss: 5.0954, train/util_ratio: 0.0000, train/run_time: 1.1485, lr: 0.0003, train/prefecth_time: 0.0062 
[2025-02-28 07:40:39,787 INFO] 96768 iteration USE_EMA: False, train/sup_loss: 5.2645, train/unsup_loss: 0.0000, train/total_loss: 5.2645, train/util_ratio: 0.0000, train/run_time: 1.1438, lr: 0.0003, train/prefecth_time: 0.0068 
[2025-02-28 07:45:40,009 INFO] 97024 iteration USE_EMA: False, train/sup_loss: 4.8751, train/unsup_loss: 0.0000, train/total_loss: 4.8751, train/util_ratio: 0.0000, train/run_time: 1.1520, lr: 0.0003, train/prefecth_time: 0.0065 
[2025-02-28 07:50:40,047 INFO] 97280 iteration USE_EMA: False, train/sup_loss: 6.6115, train/unsup_loss: 0.0000, train/total_loss: 6.6115, train/util_ratio: 0.0000, train/run_time: 1.1508, lr: 0.0003, train/prefecth_time: 0.0056 
[2025-02-28 07:55:40,584 INFO] 97536 iteration USE_EMA: False, train/sup_loss: 5.2097, train/unsup_loss: 0.0000, train/total_loss: 5.2097, train/util_ratio: 0.0000, train/run_time: 1.1421, lr: 0.0003, train/prefecth_time: 0.0066 
[2025-02-28 08:00:40,456 INFO] 97792 iteration USE_EMA: False, train/sup_loss: 5.5699, train/unsup_loss: 0.0000, train/total_loss: 5.5699, train/util_ratio: 0.0000, train/run_time: 1.1511, lr: 0.0003, train/prefecth_time: 0.0064 
[2025-02-28 08:05:40,220 INFO] 98048 iteration USE_EMA: False, train/sup_loss: 5.3345, train/unsup_loss: 0.0000, train/total_loss: 5.3345, train/util_ratio: 0.0000, train/run_time: 1.1462, lr: 0.0003, train/prefecth_time: 0.0069 
[2025-02-28 08:10:40,071 INFO] validating...
/home/zakerian/miniconda3/envs/usb/lib/python3.8/site-packages/sklearn/metrics/_classification.py:1471: UndefinedMetricWarning: Precision is ill-defined and being set to 0.0 in labels with no predicted samples. Use `zero_division` parameter to control this behavior.
  _warn_prf(average, modifier, msg_start, len(result))
[2025-02-28 08:12:11,756 INFO] confusion matrix:
[[0.0010699  0.         0.00035663 ... 0.         0.         0.00356633]
 [0.         0.         0.         ... 0.         0.         0.        ]
 [0.         0.         0.         ... 0.         0.         0.        ]
 ...
 [0.         0.         0.         ... 0.         0.         0.        ]
 [0.         0.         0.         ... 0.         0.         0.        ]
 [0.         0.         0.         ... 0.         0.         0.        ]]
[2025-02-28 08:12:18,255 INFO] model saved: ./saved_models/usb_cv/fixmatch_market1501_transReid_4label/latest_model.pth
[2025-02-28 08:12:18,257 INFO] 98304 iteration, USE_EMA: False, train/sup_loss: 5.5129, train/unsup_loss: 0.0000, train/total_loss: 5.5129, train/util_ratio: 0.0000, train/run_time: 1.1400, eval/loss: 8.6188, eval/top-1-acc: 0.0015, eval/top-5-acc: 0.0073, eval/balanced_acc: 0.0014, eval/precision: 0.0010, eval/recall: 0.0014, eval/F1: 0.0005, eval/rank-1: 0.0015, eval/rank-5: 0.0073, eval/rank-10: 0.0141, eval/mAP: 0.0101, lr: 0.0003, train/prefecth_time: 0.0065 BEST_EVAL_ACC: 0.0036, at 28672 iters
[2025-02-28 08:17:18,975 INFO] 98560 iteration USE_EMA: False, train/sup_loss: 5.3001, train/unsup_loss: 0.0000, train/total_loss: 5.3001, train/util_ratio: 0.0000, train/run_time: 1.1453, lr: 0.0003, train/prefecth_time: 0.0066 
[2025-02-28 08:22:18,929 INFO] 98816 iteration USE_EMA: False, train/sup_loss: 4.6626, train/unsup_loss: 0.0000, train/total_loss: 4.6626, train/util_ratio: 0.0000, train/run_time: 1.1511, lr: 0.0003, train/prefecth_time: 0.0070 
[2025-02-28 08:27:18,698 INFO] 99072 iteration USE_EMA: False, train/sup_loss: 5.4856, train/unsup_loss: 0.0000, train/total_loss: 5.4856, train/util_ratio: 0.0000, train/run_time: 1.1590, lr: 0.0003, train/prefecth_time: 0.0071 
[2025-02-28 08:32:18,692 INFO] 99328 iteration USE_EMA: False, train/sup_loss: 4.4698, train/unsup_loss: 0.0000, train/total_loss: 4.4698, train/util_ratio: 0.0000, train/run_time: 1.1365, lr: 0.0003, train/prefecth_time: 0.0057 
[2025-02-28 08:37:19,535 INFO] 99584 iteration USE_EMA: False, train/sup_loss: 5.2731, train/unsup_loss: 0.0000, train/total_loss: 5.2731, train/util_ratio: 0.0000, train/run_time: 1.1501, lr: 0.0003, train/prefecth_time: 0.0066 
[2025-02-28 08:42:19,341 INFO] 99840 iteration USE_EMA: False, train/sup_loss: 5.2286, train/unsup_loss: 0.0000, train/total_loss: 5.2286, train/util_ratio: 0.0000, train/run_time: 1.1390, lr: 0.0003, train/prefecth_time: 0.0063 
[2025-02-28 08:47:19,316 INFO] 100096 iteration USE_EMA: False, train/sup_loss: 4.3995, train/unsup_loss: 0.0000, train/total_loss: 4.3995, train/util_ratio: 0.0000, train/run_time: 1.1540, lr: 0.0003, train/prefecth_time: 0.0093 
[2025-02-28 08:52:19,117 INFO] validating...
/home/zakerian/miniconda3/envs/usb/lib/python3.8/site-packages/sklearn/metrics/_classification.py:1471: UndefinedMetricWarning: Precision is ill-defined and being set to 0.0 in labels with no predicted samples. Use `zero_division` parameter to control this behavior.
  _warn_prf(average, modifier, msg_start, len(result))
[2025-02-28 08:53:50,714 INFO] confusion matrix:
[[0.0032097  0.0021398  0.0010699  ... 0.         0.0010699  0.00713267]
 [0.         0.         0.         ... 0.         0.         0.        ]
 [0.         0.         0.         ... 0.         0.         0.        ]
 ...
 [0.03125    0.         0.         ... 0.         0.         0.        ]
 [0.         0.         0.         ... 0.         0.         0.03846154]
 [0.         0.         0.         ... 0.         0.         0.        ]]
[2025-02-28 08:53:57,200 INFO] model saved: ./saved_models/usb_cv/fixmatch_market1501_transReid_4label/latest_model.pth
[2025-02-28 08:53:57,200 INFO] 100352 iteration, USE_EMA: False, train/sup_loss: 5.8651, train/unsup_loss: 0.0000, train/total_loss: 5.8651, train/util_ratio: 0.0000, train/run_time: 1.1515, eval/loss: 8.4787, eval/top-1-acc: 0.0022, eval/top-5-acc: 0.0078, eval/balanced_acc: 0.0017, eval/precision: 0.0011, eval/recall: 0.0017, eval/F1: 0.0010, eval/rank-1: 0.0022, eval/rank-5: 0.0078, eval/rank-10: 0.0147, eval/mAP: 0.0108, lr: 0.0003, train/prefecth_time: 0.0064 BEST_EVAL_ACC: 0.0036, at 28672 iters
[2025-02-28 08:58:57,412 INFO] 100608 iteration USE_EMA: False, train/sup_loss: 5.3072, train/unsup_loss: 0.0000, train/total_loss: 5.3072, train/util_ratio: 0.0000, train/run_time: 1.1249, lr: 0.0003, train/prefecth_time: 0.0062 
[2025-02-28 09:03:56,669 INFO] 100864 iteration USE_EMA: False, train/sup_loss: 5.4650, train/unsup_loss: 0.0000, train/total_loss: 5.4650, train/util_ratio: 0.0000, train/run_time: 1.1464, lr: 0.0003, train/prefecth_time: 0.0067 
[2025-02-28 09:08:56,057 INFO] 101120 iteration USE_EMA: False, train/sup_loss: 5.1292, train/unsup_loss: 0.0000, train/total_loss: 5.1292, train/util_ratio: 0.0000, train/run_time: 1.1350, lr: 0.0003, train/prefecth_time: 0.0061 
[2025-02-28 09:13:55,373 INFO] 101376 iteration USE_EMA: False, train/sup_loss: 5.1627, train/unsup_loss: 0.0000, train/total_loss: 5.1627, train/util_ratio: 0.0000, train/run_time: 1.1438, lr: 0.0003, train/prefecth_time: 0.0057 
[2025-02-28 09:18:55,440 INFO] 101632 iteration USE_EMA: False, train/sup_loss: 4.7916, train/unsup_loss: 0.0000, train/total_loss: 4.7916, train/util_ratio: 0.0000, train/run_time: 1.1513, lr: 0.0003, train/prefecth_time: 0.0070 
[2025-02-28 09:23:54,580 INFO] 101888 iteration USE_EMA: False, train/sup_loss: 5.0165, train/unsup_loss: 0.0000, train/total_loss: 5.0165, train/util_ratio: 0.0000, train/run_time: 1.1467, lr: 0.0003, train/prefecth_time: 0.0071 
[2025-02-28 09:28:53,728 INFO] 102144 iteration USE_EMA: False, train/sup_loss: 4.9418, train/unsup_loss: 0.0000, train/total_loss: 4.9418, train/util_ratio: 0.0000, train/run_time: 1.1473, lr: 0.0003, train/prefecth_time: 0.0071 
[2025-02-28 09:33:52,645 INFO] validating...
/home/zakerian/miniconda3/envs/usb/lib/python3.8/site-packages/sklearn/metrics/_classification.py:1471: UndefinedMetricWarning: Precision is ill-defined and being set to 0.0 in labels with no predicted samples. Use `zero_division` parameter to control this behavior.
  _warn_prf(average, modifier, msg_start, len(result))
[2025-02-28 09:35:23,854 INFO] confusion matrix:
[[0.00606277 0.00035663 0.0021398  ... 0.         0.00071327 0.00035663]
 [0.         0.015625   0.         ... 0.         0.         0.        ]
 [0.         0.         0.         ... 0.         0.         0.        ]
 ...
 [0.03125    0.         0.         ... 0.         0.         0.        ]
 [0.         0.         0.         ... 0.         0.         0.        ]
 [0.         0.         0.         ... 0.         0.         0.        ]]
[2025-02-28 09:35:30,320 INFO] model saved: ./saved_models/usb_cv/fixmatch_market1501_transReid_4label/latest_model.pth
[2025-02-28 09:35:30,321 INFO] 102400 iteration, USE_EMA: False, train/sup_loss: 4.5254, train/unsup_loss: 0.0000, train/total_loss: 4.5254, train/util_ratio: 0.0000, train/run_time: 1.1352, eval/loss: 8.8096, eval/top-1-acc: 0.0023, eval/top-5-acc: 0.0101, eval/balanced_acc: 0.0016, eval/precision: 0.0013, eval/recall: 0.0016, eval/F1: 0.0010, eval/rank-1: 0.0023, eval/rank-5: 0.0101, eval/rank-10: 0.0180, eval/mAP: 0.0116, lr: 0.0003, train/prefecth_time: 0.0062 BEST_EVAL_ACC: 0.0036, at 28672 iters
[2025-02-28 09:40:30,434 INFO] 102656 iteration USE_EMA: False, train/sup_loss: 4.6736, train/unsup_loss: 0.0000, train/total_loss: 4.6736, train/util_ratio: 0.0000, train/run_time: 1.1487, lr: 0.0003, train/prefecth_time: 0.0064 
[2025-02-28 09:45:29,819 INFO] 102912 iteration USE_EMA: False, train/sup_loss: 5.1277, train/unsup_loss: 0.0000, train/total_loss: 5.1277, train/util_ratio: 0.0000, train/run_time: 1.1476, lr: 0.0003, train/prefecth_time: 0.0059 
[2025-02-28 09:50:29,224 INFO] 103168 iteration USE_EMA: False, train/sup_loss: 5.7365, train/unsup_loss: 0.0000, train/total_loss: 5.7365, train/util_ratio: 0.0000, train/run_time: 1.1437, lr: 0.0003, train/prefecth_time: 0.0063 
[2025-02-28 09:55:28,124 INFO] 103424 iteration USE_EMA: False, train/sup_loss: 4.3865, train/unsup_loss: 0.0000, train/total_loss: 4.3865, train/util_ratio: 0.0000, train/run_time: 1.1411, lr: 0.0003, train/prefecth_time: 0.0059 
[2025-02-28 10:00:27,824 INFO] 103680 iteration USE_EMA: False, train/sup_loss: 5.0058, train/unsup_loss: 0.0000, train/total_loss: 5.0058, train/util_ratio: 0.0000, train/run_time: 1.1560, lr: 0.0003, train/prefecth_time: 0.0069 
[2025-02-28 10:05:26,813 INFO] 103936 iteration USE_EMA: False, train/sup_loss: 4.8428, train/unsup_loss: 0.0000, train/total_loss: 4.8428, train/util_ratio: 0.0000, train/run_time: 1.1449, lr: 0.0003, train/prefecth_time: 0.0070 
[2025-02-28 10:10:25,822 INFO] 104192 iteration USE_EMA: False, train/sup_loss: 4.9181, train/unsup_loss: 0.0000, train/total_loss: 4.9181, train/util_ratio: 0.0000, train/run_time: 1.1389, lr: 0.0003, train/prefecth_time: 0.0073 
[2025-02-28 10:15:25,041 INFO] validating...
/home/zakerian/miniconda3/envs/usb/lib/python3.8/site-packages/sklearn/metrics/_classification.py:1471: UndefinedMetricWarning: Precision is ill-defined and being set to 0.0 in labels with no predicted samples. Use `zero_division` parameter to control this behavior.
  _warn_prf(average, modifier, msg_start, len(result))
[2025-02-28 10:16:56,775 INFO] confusion matrix:
[[0.00071327 0.00249643 0.0032097  ... 0.00178317 0.         0.00178317]
 [0.         0.015625   0.         ... 0.         0.         0.015625  ]
 [0.         0.         0.         ... 0.         0.         0.        ]
 ...
 [0.         0.         0.         ... 0.0625     0.         0.        ]
 [0.         0.         0.         ... 0.         0.         0.        ]
 [0.         0.         0.         ... 0.         0.         0.        ]]
[2025-02-28 10:17:03,480 INFO] model saved: ./saved_models/usb_cv/fixmatch_market1501_transReid_4label/latest_model.pth
[2025-02-28 10:17:03,482 INFO] 104448 iteration, USE_EMA: False, train/sup_loss: 5.4299, train/unsup_loss: 0.0000, train/total_loss: 5.4299, train/util_ratio: 0.0000, train/run_time: 1.1439, eval/loss: 8.9712, eval/top-1-acc: 0.0012, eval/top-5-acc: 0.0060, eval/balanced_acc: 0.0011, eval/precision: 0.0007, eval/recall: 0.0011, eval/F1: 0.0006, eval/rank-1: 0.0012, eval/rank-5: 0.0060, eval/rank-10: 0.0137, eval/mAP: 0.0096, lr: 0.0003, train/prefecth_time: 0.0064 BEST_EVAL_ACC: 0.0036, at 28672 iters
[2025-02-28 10:22:04,190 INFO] 104704 iteration USE_EMA: False, train/sup_loss: 4.5644, train/unsup_loss: 0.0000, train/total_loss: 4.5644, train/util_ratio: 0.0000, train/run_time: 1.1386, lr: 0.0003, train/prefecth_time: 0.0064 
[2025-02-28 10:27:04,124 INFO] 104960 iteration USE_EMA: False, train/sup_loss: 5.5905, train/unsup_loss: 0.0000, train/total_loss: 5.5905, train/util_ratio: 0.0000, train/run_time: 1.1524, lr: 0.0003, train/prefecth_time: 0.0073 
[2025-02-28 10:32:04,185 INFO] 105216 iteration USE_EMA: False, train/sup_loss: 4.6367, train/unsup_loss: 0.0000, train/total_loss: 4.6367, train/util_ratio: 0.0000, train/run_time: 1.1457, lr: 0.0003, train/prefecth_time: 0.0068 
[2025-02-28 10:37:04,166 INFO] 105472 iteration USE_EMA: False, train/sup_loss: 5.3470, train/unsup_loss: 0.0000, train/total_loss: 5.3470, train/util_ratio: 0.0000, train/run_time: 1.1325, lr: 0.0003, train/prefecth_time: 0.0066 
[2025-02-28 10:42:04,542 INFO] 105728 iteration USE_EMA: False, train/sup_loss: 4.7506, train/unsup_loss: 0.0000, train/total_loss: 4.7506, train/util_ratio: 0.0000, train/run_time: 1.1457, lr: 0.0003, train/prefecth_time: 0.0097 
[2025-02-28 10:47:04,315 INFO] 105984 iteration USE_EMA: False, train/sup_loss: 5.5923, train/unsup_loss: 0.0000, train/total_loss: 5.5923, train/util_ratio: 0.0000, train/run_time: 1.1377, lr: 0.0003, train/prefecth_time: 0.0067 
[2025-02-28 10:52:03,899 INFO] 106240 iteration USE_EMA: False, train/sup_loss: 4.5430, train/unsup_loss: 0.0000, train/total_loss: 4.5430, train/util_ratio: 0.0000, train/run_time: 1.1502, lr: 0.0003, train/prefecth_time: 0.0072 
[2025-02-28 10:57:03,581 INFO] validating...
/home/zakerian/miniconda3/envs/usb/lib/python3.8/site-packages/sklearn/metrics/_classification.py:1471: UndefinedMetricWarning: Precision is ill-defined and being set to 0.0 in labels with no predicted samples. Use `zero_division` parameter to control this behavior.
  _warn_prf(average, modifier, msg_start, len(result))
[2025-02-28 10:58:35,042 INFO] confusion matrix:
[[0.00606277 0.         0.00071327 ... 0.00035663 0.         0.00178317]
 [0.         0.         0.         ... 0.         0.         0.        ]
 [0.         0.         0.         ... 0.         0.         0.        ]
 ...
 [0.         0.         0.         ... 0.         0.         0.        ]
 [0.03846154 0.         0.         ... 0.         0.         0.        ]
 [0.         0.         0.         ... 0.         0.         0.        ]]
[2025-02-28 10:58:41,546 INFO] model saved: ./saved_models/usb_cv/fixmatch_market1501_transReid_4label/latest_model.pth
[2025-02-28 10:58:41,548 INFO] 106496 iteration, USE_EMA: False, train/sup_loss: 5.0823, train/unsup_loss: 0.0000, train/total_loss: 5.0823, train/util_ratio: 0.0000, train/run_time: 1.1338, eval/loss: 9.1744, eval/top-1-acc: 0.0021, eval/top-5-acc: 0.0094, eval/balanced_acc: 0.0014, eval/precision: 0.0018, eval/recall: 0.0014, eval/F1: 0.0010, eval/rank-1: 0.0021, eval/rank-5: 0.0094, eval/rank-10: 0.0166, eval/mAP: 0.0114, lr: 0.0003, train/prefecth_time: 0.0065 BEST_EVAL_ACC: 0.0036, at 28672 iters
[2025-02-28 11:03:41,585 INFO] 106752 iteration USE_EMA: False, train/sup_loss: 5.0943, train/unsup_loss: 0.0000, train/total_loss: 5.0943, train/util_ratio: 0.0000, train/run_time: 1.1495, lr: 0.0003, train/prefecth_time: 0.0072 
[2025-02-28 11:08:40,942 INFO] 107008 iteration USE_EMA: False, train/sup_loss: 4.3829, train/unsup_loss: 0.0000, train/total_loss: 4.3829, train/util_ratio: 0.0000, train/run_time: 1.1399, lr: 0.0003, train/prefecth_time: 0.0097 
[2025-02-28 11:13:40,185 INFO] 107264 iteration USE_EMA: False, train/sup_loss: 5.5611, train/unsup_loss: 0.0000, train/total_loss: 5.5611, train/util_ratio: 0.0000, train/run_time: 1.1554, lr: 0.0003, train/prefecth_time: 0.0097 
[2025-02-28 11:18:39,278 INFO] 107520 iteration USE_EMA: False, train/sup_loss: 4.8805, train/unsup_loss: 0.0000, train/total_loss: 4.8805, train/util_ratio: 0.0000, train/run_time: 1.1414, lr: 0.0003, train/prefecth_time: 0.0063 
[2025-02-28 11:23:39,381 INFO] 107776 iteration USE_EMA: False, train/sup_loss: 5.2025, train/unsup_loss: 0.0000, train/total_loss: 5.2025, train/util_ratio: 0.0000, train/run_time: 1.1394, lr: 0.0003, train/prefecth_time: 0.0068 
[2025-02-28 11:28:38,716 INFO] 108032 iteration USE_EMA: False, train/sup_loss: 5.7632, train/unsup_loss: 0.0000, train/total_loss: 5.7632, train/util_ratio: 0.0000, train/run_time: 1.1468, lr: 0.0003, train/prefecth_time: 0.0071 
[2025-02-28 11:33:38,034 INFO] 108288 iteration USE_EMA: False, train/sup_loss: 3.2929, train/unsup_loss: 0.0000, train/total_loss: 3.2929, train/util_ratio: 0.0000, train/run_time: 1.1385, lr: 0.0003, train/prefecth_time: 0.0068 
[2025-02-28 11:38:37,382 INFO] validating...
/home/zakerian/miniconda3/envs/usb/lib/python3.8/site-packages/sklearn/metrics/_classification.py:1471: UndefinedMetricWarning: Precision is ill-defined and being set to 0.0 in labels with no predicted samples. Use `zero_division` parameter to control this behavior.
  _warn_prf(average, modifier, msg_start, len(result))
[2025-02-28 11:40:09,292 INFO] confusion matrix:
[[0.00035663 0.0010699  0.0010699  ... 0.         0.         0.0021398 ]
 [0.         0.015625   0.015625   ... 0.         0.         0.        ]
 [0.         0.         0.         ... 0.         0.         0.        ]
 ...
 [0.         0.         0.         ... 0.         0.         0.        ]
 [0.         0.         0.         ... 0.         0.         0.        ]
 [0.         0.         0.         ... 0.         0.         0.        ]]
[2025-02-28 11:40:15,767 INFO] model saved: ./saved_models/usb_cv/fixmatch_market1501_transReid_4label/latest_model.pth
[2025-02-28 11:40:15,768 INFO] 108544 iteration, USE_EMA: False, train/sup_loss: 5.3446, train/unsup_loss: 0.0000, train/total_loss: 5.3446, train/util_ratio: 0.0000, train/run_time: 1.1455, eval/loss: 9.5332, eval/top-1-acc: 0.0011, eval/top-5-acc: 0.0077, eval/balanced_acc: 0.0013, eval/precision: 0.0008, eval/recall: 0.0013, eval/F1: 0.0007, eval/rank-1: 0.0011, eval/rank-5: 0.0077, eval/rank-10: 0.0142, eval/mAP: 0.0096, lr: 0.0003, train/prefecth_time: 0.0064 BEST_EVAL_ACC: 0.0036, at 28672 iters
[2025-02-28 11:45:15,860 INFO] 108800 iteration USE_EMA: False, train/sup_loss: 4.4225, train/unsup_loss: 0.0000, train/total_loss: 4.4225, train/util_ratio: 0.0000, train/run_time: 1.1332, lr: 0.0003, train/prefecth_time: 0.0066 
[2025-02-28 11:50:15,142 INFO] 109056 iteration USE_EMA: False, train/sup_loss: 4.7462, train/unsup_loss: 0.0000, train/total_loss: 4.7462, train/util_ratio: 0.0000, train/run_time: 1.1283, lr: 0.0003, train/prefecth_time: 0.0066 
[2025-02-28 11:55:14,217 INFO] 109312 iteration USE_EMA: False, train/sup_loss: 3.9419, train/unsup_loss: 0.0000, train/total_loss: 3.9419, train/util_ratio: 0.0000, train/run_time: 1.1328, lr: 0.0003, train/prefecth_time: 0.0066 
[2025-02-28 12:00:13,384 INFO] 109568 iteration USE_EMA: False, train/sup_loss: 4.0904, train/unsup_loss: 0.0000, train/total_loss: 4.0904, train/util_ratio: 0.0000, train/run_time: 1.1557, lr: 0.0003, train/prefecth_time: 0.0062 
[2025-02-28 12:05:13,364 INFO] 109824 iteration USE_EMA: False, train/sup_loss: 5.6677, train/unsup_loss: 0.0000, train/total_loss: 5.6677, train/util_ratio: 0.0000, train/run_time: 1.1421, lr: 0.0003, train/prefecth_time: 0.0071 
[2025-02-28 12:10:12,689 INFO] 110080 iteration USE_EMA: False, train/sup_loss: 3.9938, train/unsup_loss: 0.0000, train/total_loss: 3.9938, train/util_ratio: 0.0000, train/run_time: 1.1485, lr: 0.0003, train/prefecth_time: 0.0068 
[2025-02-28 12:15:12,179 INFO] 110336 iteration USE_EMA: False, train/sup_loss: 4.6162, train/unsup_loss: 0.0000, train/total_loss: 4.6162, train/util_ratio: 0.0000, train/run_time: 1.1472, lr: 0.0003, train/prefecth_time: 0.0067 
[2025-02-28 12:20:11,520 INFO] validating...
/home/zakerian/miniconda3/envs/usb/lib/python3.8/site-packages/sklearn/metrics/_classification.py:1471: UndefinedMetricWarning: Precision is ill-defined and being set to 0.0 in labels with no predicted samples. Use `zero_division` parameter to control this behavior.
  _warn_prf(average, modifier, msg_start, len(result))
[2025-02-28 12:21:42,974 INFO] confusion matrix:
[[0.00035663 0.00035663 0.         ... 0.0021398  0.         0.0010699 ]
 [0.         0.         0.         ... 0.         0.         0.        ]
 [0.         0.         0.         ... 0.         0.         0.06666667]
 ...
 [0.         0.         0.         ... 0.         0.         0.        ]
 [0.         0.         0.         ... 0.         0.         0.        ]
 [0.         0.         0.         ... 0.         0.         0.        ]]
[2025-02-28 12:21:49,450 INFO] model saved: ./saved_models/usb_cv/fixmatch_market1501_transReid_4label/latest_model.pth
[2025-02-28 12:21:49,452 INFO] 110592 iteration, USE_EMA: False, train/sup_loss: 5.0199, train/unsup_loss: 0.0000, train/total_loss: 5.0199, train/util_ratio: 0.0000, train/run_time: 1.1540, eval/loss: 8.9331, eval/top-1-acc: 0.0017, eval/top-5-acc: 0.0072, eval/balanced_acc: 0.0020, eval/precision: 0.0014, eval/recall: 0.0020, eval/F1: 0.0011, eval/rank-1: 0.0017, eval/rank-5: 0.0072, eval/rank-10: 0.0144, eval/mAP: 0.0098, lr: 0.0003, train/prefecth_time: 0.0064 BEST_EVAL_ACC: 0.0036, at 28672 iters
[2025-02-28 12:26:50,141 INFO] 110848 iteration USE_EMA: False, train/sup_loss: 4.7280, train/unsup_loss: 0.0000, train/total_loss: 4.7280, train/util_ratio: 0.0000, train/run_time: 1.1496, lr: 0.0003, train/prefecth_time: 0.0071 
[2025-02-28 12:31:50,030 INFO] 111104 iteration USE_EMA: False, train/sup_loss: 5.0896, train/unsup_loss: 0.0000, train/total_loss: 5.0896, train/util_ratio: 0.0000, train/run_time: 1.1505, lr: 0.0003, train/prefecth_time: 0.0068 
[2025-02-28 12:36:49,924 INFO] 111360 iteration USE_EMA: False, train/sup_loss: 4.5877, train/unsup_loss: 0.0000, train/total_loss: 4.5877, train/util_ratio: 0.0000, train/run_time: 1.1519, lr: 0.0003, train/prefecth_time: 0.0071 
[2025-02-28 12:41:49,946 INFO] 111616 iteration USE_EMA: False, train/sup_loss: 6.3347, train/unsup_loss: 0.0000, train/total_loss: 6.3347, train/util_ratio: 0.0000, train/run_time: 1.1523, lr: 0.0003, train/prefecth_time: 0.0060 
[2025-02-28 12:46:50,492 INFO] 111872 iteration USE_EMA: False, train/sup_loss: 5.5751, train/unsup_loss: 0.0000, train/total_loss: 5.5751, train/util_ratio: 0.0000, train/run_time: 1.1438, lr: 0.0003, train/prefecth_time: 0.0071 
[2025-02-28 12:51:50,576 INFO] 112128 iteration USE_EMA: False, train/sup_loss: 4.0946, train/unsup_loss: 0.0000, train/total_loss: 4.0946, train/util_ratio: 0.0000, train/run_time: 1.1499, lr: 0.0003, train/prefecth_time: 0.0071 
[2025-02-28 12:56:50,404 INFO] 112384 iteration USE_EMA: False, train/sup_loss: 4.4918, train/unsup_loss: 0.0000, train/total_loss: 4.4918, train/util_ratio: 0.0000, train/run_time: 1.1324, lr: 0.0003, train/prefecth_time: 0.0067 
[2025-02-28 13:01:50,184 INFO] validating...
/home/zakerian/miniconda3/envs/usb/lib/python3.8/site-packages/sklearn/metrics/_classification.py:1471: UndefinedMetricWarning: Precision is ill-defined and being set to 0.0 in labels with no predicted samples. Use `zero_division` parameter to control this behavior.
  _warn_prf(average, modifier, msg_start, len(result))
[2025-02-28 13:03:21,874 INFO] confusion matrix:
[[0.00071327 0.00071327 0.00142653 ... 0.         0.         0.00142653]
 [0.         0.         0.         ... 0.         0.         0.        ]
 [0.         0.         0.         ... 0.         0.         0.        ]
 ...
 [0.         0.         0.         ... 0.         0.         0.        ]
 [0.         0.         0.         ... 0.         0.         0.        ]
 [0.         0.         0.         ... 0.         0.         0.        ]]
[2025-02-28 13:03:28,373 INFO] model saved: ./saved_models/usb_cv/fixmatch_market1501_transReid_4label/latest_model.pth
[2025-02-28 13:03:28,375 INFO] 112640 iteration, USE_EMA: False, train/sup_loss: 5.8841, train/unsup_loss: 0.0000, train/total_loss: 5.8841, train/util_ratio: 0.0000, train/run_time: 1.1422, eval/loss: 9.5847, eval/top-1-acc: 0.0014, eval/top-5-acc: 0.0062, eval/balanced_acc: 0.0018, eval/precision: 0.0026, eval/recall: 0.0018, eval/F1: 0.0012, eval/rank-1: 0.0014, eval/rank-5: 0.0062, eval/rank-10: 0.0123, eval/mAP: 0.0093, lr: 0.0003, train/prefecth_time: 0.0061 BEST_EVAL_ACC: 0.0036, at 28672 iters
[2025-02-28 13:08:29,216 INFO] 112896 iteration USE_EMA: False, train/sup_loss: 5.0422, train/unsup_loss: 0.0000, train/total_loss: 5.0422, train/util_ratio: 0.0000, train/run_time: 1.1516, lr: 0.0003, train/prefecth_time: 0.0062 
[2025-02-28 13:13:29,202 INFO] 113152 iteration USE_EMA: False, train/sup_loss: 4.3680, train/unsup_loss: 0.0000, train/total_loss: 4.3680, train/util_ratio: 0.0000, train/run_time: 1.1449, lr: 0.0003, train/prefecth_time: 0.0070 
[2025-02-28 13:18:29,175 INFO] 113408 iteration USE_EMA: False, train/sup_loss: 5.0796, train/unsup_loss: 0.0000, train/total_loss: 5.0796, train/util_ratio: 0.0000, train/run_time: 1.1395, lr: 0.0003, train/prefecth_time: 0.0070 
[2025-02-28 13:23:29,014 INFO] 113664 iteration USE_EMA: False, train/sup_loss: 6.4670, train/unsup_loss: 0.0000, train/total_loss: 6.4670, train/util_ratio: 0.0000, train/run_time: 1.1463, lr: 0.0003, train/prefecth_time: 0.0063 
[2025-02-28 13:28:29,594 INFO] 113920 iteration USE_EMA: False, train/sup_loss: 5.5616, train/unsup_loss: 0.0000, train/total_loss: 5.5616, train/util_ratio: 0.0000, train/run_time: 1.1595, lr: 0.0003, train/prefecth_time: 0.0062 
[2025-02-28 13:33:29,734 INFO] 114176 iteration USE_EMA: False, train/sup_loss: 5.8127, train/unsup_loss: 0.0000, train/total_loss: 5.8127, train/util_ratio: 0.0000, train/run_time: 1.1530, lr: 0.0003, train/prefecth_time: 0.0064 
[2025-02-28 13:38:29,826 INFO] 114432 iteration USE_EMA: False, train/sup_loss: 4.4561, train/unsup_loss: 0.0000, train/total_loss: 4.4561, train/util_ratio: 0.0000, train/run_time: 1.1463, lr: 0.0003, train/prefecth_time: 0.0062 
[2025-02-28 13:43:29,788 INFO] validating...
/home/zakerian/miniconda3/envs/usb/lib/python3.8/site-packages/sklearn/metrics/_classification.py:1471: UndefinedMetricWarning: Precision is ill-defined and being set to 0.0 in labels with no predicted samples. Use `zero_division` parameter to control this behavior.
  _warn_prf(average, modifier, msg_start, len(result))
[2025-02-28 13:45:01,584 INFO] confusion matrix:
[[0.         0.0032097  0.00285307 ... 0.         0.         0.00142653]
 [0.         0.         0.         ... 0.         0.         0.015625  ]
 [0.         0.         0.         ... 0.         0.         0.        ]
 ...
 [0.         0.         0.         ... 0.         0.         0.        ]
 [0.         0.         0.         ... 0.         0.         0.        ]
 [0.         0.         0.         ... 0.         0.         0.        ]]
[2025-02-28 13:45:08,079 INFO] model saved: ./saved_models/usb_cv/fixmatch_market1501_transReid_4label/latest_model.pth
[2025-02-28 13:45:08,081 INFO] 114688 iteration, USE_EMA: False, train/sup_loss: 4.7828, train/unsup_loss: 0.0000, train/total_loss: 4.7828, train/util_ratio: 0.0000, train/run_time: 1.1494, eval/loss: 8.5792, eval/top-1-acc: 0.0013, eval/top-5-acc: 0.0064, eval/balanced_acc: 0.0014, eval/precision: 0.0019, eval/recall: 0.0014, eval/F1: 0.0007, eval/rank-1: 0.0013, eval/rank-5: 0.0064, eval/rank-10: 0.0133, eval/mAP: 0.0095, lr: 0.0003, train/prefecth_time: 0.0057 BEST_EVAL_ACC: 0.0036, at 28672 iters
[2025-02-28 13:50:08,999 INFO] 114944 iteration USE_EMA: False, train/sup_loss: 6.1579, train/unsup_loss: 0.0000, train/total_loss: 6.1579, train/util_ratio: 0.0000, train/run_time: 1.1510, lr: 0.0003, train/prefecth_time: 0.0067 
[2025-02-28 13:55:09,397 INFO] 115200 iteration USE_EMA: False, train/sup_loss: 4.1807, train/unsup_loss: 0.0000, train/total_loss: 4.1807, train/util_ratio: 0.0000, train/run_time: 1.1512, lr: 0.0003, train/prefecth_time: 0.0071 
[2025-02-28 14:00:09,525 INFO] 115456 iteration USE_EMA: False, train/sup_loss: 4.9481, train/unsup_loss: 0.0000, train/total_loss: 4.9481, train/util_ratio: 0.0000, train/run_time: 1.1429, lr: 0.0003, train/prefecth_time: 0.0069 
[2025-02-28 14:05:09,650 INFO] 115712 iteration USE_EMA: False, train/sup_loss: 5.5810, train/unsup_loss: 0.0000, train/total_loss: 5.5810, train/util_ratio: 0.0000, train/run_time: 1.1436, lr: 0.0003, train/prefecth_time: 0.0059 
[2025-02-28 14:10:10,547 INFO] 115968 iteration USE_EMA: False, train/sup_loss: 5.0832, train/unsup_loss: 0.0000, train/total_loss: 5.0832, train/util_ratio: 0.0000, train/run_time: 1.1396, lr: 0.0003, train/prefecth_time: 0.0102 
[2025-02-28 14:15:10,688 INFO] 116224 iteration USE_EMA: False, train/sup_loss: 5.6803, train/unsup_loss: 0.0000, train/total_loss: 5.6803, train/util_ratio: 0.0000, train/run_time: 1.1443, lr: 0.0003, train/prefecth_time: 0.0067 
[2025-02-28 14:20:10,900 INFO] 116480 iteration USE_EMA: False, train/sup_loss: 4.3669, train/unsup_loss: 0.0000, train/total_loss: 4.3669, train/util_ratio: 0.0000, train/run_time: 1.1514, lr: 0.0003, train/prefecth_time: 0.0059 
[2025-02-28 14:25:10,842 INFO] validating...
/home/zakerian/miniconda3/envs/usb/lib/python3.8/site-packages/sklearn/metrics/_classification.py:1471: UndefinedMetricWarning: Precision is ill-defined and being set to 0.0 in labels with no predicted samples. Use `zero_division` parameter to control this behavior.
  _warn_prf(average, modifier, msg_start, len(result))
[2025-02-28 14:26:42,314 INFO] confusion matrix:
[[0.00142653 0.         0.00071327 ... 0.0021398  0.00142653 0.00463623]
 [0.         0.         0.         ... 0.         0.         0.        ]
 [0.         0.         0.         ... 0.         0.         0.06666667]
 ...
 [0.         0.         0.         ... 0.         0.         0.        ]
 [0.         0.         0.         ... 0.         0.         0.        ]
 [0.         0.         0.         ... 0.         0.         0.        ]]
[2025-02-28 14:26:48,813 INFO] model saved: ./saved_models/usb_cv/fixmatch_market1501_transReid_4label/latest_model.pth
[2025-02-28 14:26:48,815 INFO] 116736 iteration, USE_EMA: False, train/sup_loss: 5.5002, train/unsup_loss: 0.0000, train/total_loss: 5.5002, train/util_ratio: 0.0000, train/run_time: 1.1462, eval/loss: 9.0921, eval/top-1-acc: 0.0016, eval/top-5-acc: 0.0068, eval/balanced_acc: 0.0017, eval/precision: 0.0014, eval/recall: 0.0017, eval/F1: 0.0007, eval/rank-1: 0.0016, eval/rank-5: 0.0068, eval/rank-10: 0.0142, eval/mAP: 0.0099, lr: 0.0003, train/prefecth_time: 0.0061 BEST_EVAL_ACC: 0.0036, at 28672 iters
[2025-02-28 14:31:49,928 INFO] 116992 iteration USE_EMA: False, train/sup_loss: 5.5908, train/unsup_loss: 0.0000, train/total_loss: 5.5908, train/util_ratio: 0.0000, train/run_time: 1.1509, lr: 0.0003, train/prefecth_time: 0.0066 
[2025-02-28 14:36:50,181 INFO] 117248 iteration USE_EMA: False, train/sup_loss: 5.1353, train/unsup_loss: 0.0000, train/total_loss: 5.1353, train/util_ratio: 0.0000, train/run_time: 1.1464, lr: 0.0003, train/prefecth_time: 0.0064 
[2025-02-28 14:41:50,552 INFO] 117504 iteration USE_EMA: False, train/sup_loss: 5.3397, train/unsup_loss: 0.0000, train/total_loss: 5.3397, train/util_ratio: 0.0000, train/run_time: 1.1567, lr: 0.0003, train/prefecth_time: 0.0093 
[2025-02-28 14:46:50,750 INFO] 117760 iteration USE_EMA: False, train/sup_loss: 4.6327, train/unsup_loss: 0.0000, train/total_loss: 4.6327, train/util_ratio: 0.0000, train/run_time: 1.1559, lr: 0.0003, train/prefecth_time: 0.0066 
[2025-02-28 14:51:51,436 INFO] 118016 iteration USE_EMA: False, train/sup_loss: 4.9633, train/unsup_loss: 0.0000, train/total_loss: 4.9633, train/util_ratio: 0.0000, train/run_time: 1.1451, lr: 0.0003, train/prefecth_time: 0.0065 
[2025-02-28 14:56:51,725 INFO] 118272 iteration USE_EMA: False, train/sup_loss: 4.4924, train/unsup_loss: 0.0000, train/total_loss: 4.4924, train/util_ratio: 0.0000, train/run_time: 1.1508, lr: 0.0003, train/prefecth_time: 0.0071 
[2025-02-28 15:01:52,017 INFO] 118528 iteration USE_EMA: False, train/sup_loss: 4.6630, train/unsup_loss: 0.0000, train/total_loss: 4.6630, train/util_ratio: 0.0000, train/run_time: 1.1424, lr: 0.0003, train/prefecth_time: 0.0070 
[2025-02-28 15:06:52,249 INFO] validating...
/home/zakerian/miniconda3/envs/usb/lib/python3.8/site-packages/sklearn/metrics/_classification.py:1471: UndefinedMetricWarning: Precision is ill-defined and being set to 0.0 in labels with no predicted samples. Use `zero_division` parameter to control this behavior.
  _warn_prf(average, modifier, msg_start, len(result))
[2025-02-28 15:08:24,245 INFO] confusion matrix:
[[0.         0.00285307 0.         ... 0.         0.         0.0064194 ]
 [0.         0.015625   0.015625   ... 0.         0.         0.        ]
 [0.         0.         0.         ... 0.         0.         0.06666667]
 ...
 [0.         0.         0.         ... 0.         0.         0.03125   ]
 [0.         0.         0.         ... 0.         0.         0.        ]
 [0.         0.         0.         ... 0.         0.         0.        ]]
[2025-02-28 15:08:30,736 INFO] model saved: ./saved_models/usb_cv/fixmatch_market1501_transReid_4label/latest_model.pth
[2025-02-28 15:08:30,736 INFO] 118784 iteration, USE_EMA: False, train/sup_loss: 6.2835, train/unsup_loss: 0.0000, train/total_loss: 6.2835, train/util_ratio: 0.0000, train/run_time: 1.1438, eval/loss: 8.6663, eval/top-1-acc: 0.0013, eval/top-5-acc: 0.0065, eval/balanced_acc: 0.0015, eval/precision: 0.0007, eval/recall: 0.0015, eval/F1: 0.0007, eval/rank-1: 0.0013, eval/rank-5: 0.0065, eval/rank-10: 0.0127, eval/mAP: 0.0091, lr: 0.0003, train/prefecth_time: 0.0058 BEST_EVAL_ACC: 0.0036, at 28672 iters
[2025-02-28 15:13:31,861 INFO] 119040 iteration USE_EMA: False, train/sup_loss: 5.9667, train/unsup_loss: 0.0000, train/total_loss: 5.9667, train/util_ratio: 0.0000, train/run_time: 1.1364, lr: 0.0003, train/prefecth_time: 0.0067 
[2025-02-28 15:18:31,811 INFO] 119296 iteration USE_EMA: False, train/sup_loss: 5.4592, train/unsup_loss: 0.0000, train/total_loss: 5.4592, train/util_ratio: 0.0000, train/run_time: 1.1556, lr: 0.0003, train/prefecth_time: 0.0067 
[2025-02-28 15:23:31,769 INFO] 119552 iteration USE_EMA: False, train/sup_loss: 4.6907, train/unsup_loss: 0.0000, train/total_loss: 4.6907, train/util_ratio: 0.0000, train/run_time: 1.1495, lr: 0.0003, train/prefecth_time: 0.0071 
[2025-02-28 15:28:31,905 INFO] 119808 iteration USE_EMA: False, train/sup_loss: 5.2040, train/unsup_loss: 0.0000, train/total_loss: 5.2040, train/util_ratio: 0.0000, train/run_time: 1.1349, lr: 0.0003, train/prefecth_time: 0.0060 
[2025-02-28 15:33:32,371 INFO] 120064 iteration USE_EMA: False, train/sup_loss: 5.3592, train/unsup_loss: 0.0000, train/total_loss: 5.3592, train/util_ratio: 0.0000, train/run_time: 1.1312, lr: 0.0002, train/prefecth_time: 0.0065 
[2025-02-28 15:38:32,005 INFO] 120320 iteration USE_EMA: False, train/sup_loss: 4.6637, train/unsup_loss: 0.0000, train/total_loss: 4.6637, train/util_ratio: 0.0000, train/run_time: 1.1367, lr: 0.0002, train/prefecth_time: 0.0065 
[2025-02-28 15:43:31,939 INFO] 120576 iteration USE_EMA: False, train/sup_loss: 4.9548, train/unsup_loss: 0.0000, train/total_loss: 4.9548, train/util_ratio: 0.0000, train/run_time: 1.1333, lr: 0.0002, train/prefecth_time: 0.0094 
[2025-02-28 15:48:31,903 INFO] validating...
/home/zakerian/miniconda3/envs/usb/lib/python3.8/site-packages/sklearn/metrics/_classification.py:1471: UndefinedMetricWarning: Precision is ill-defined and being set to 0.0 in labels with no predicted samples. Use `zero_division` parameter to control this behavior.
  _warn_prf(average, modifier, msg_start, len(result))
[2025-02-28 15:50:03,604 INFO] confusion matrix:
[[0.00035663 0.00142653 0.0010699  ... 0.00035663 0.00035663 0.00249643]
 [0.         0.         0.         ... 0.         0.         0.        ]
 [0.         0.         0.         ... 0.         0.         0.        ]
 ...
 [0.         0.         0.         ... 0.         0.         0.        ]
 [0.         0.         0.03846154 ... 0.         0.         0.        ]
 [0.         0.         0.         ... 0.         0.         0.        ]]
[2025-02-28 15:50:10,091 INFO] model saved: ./saved_models/usb_cv/fixmatch_market1501_transReid_4label/latest_model.pth
[2025-02-28 15:50:10,091 INFO] 120832 iteration, USE_EMA: False, train/sup_loss: 4.7404, train/unsup_loss: 0.0000, train/total_loss: 4.7404, train/util_ratio: 0.0000, train/run_time: 1.1377, eval/loss: 9.1338, eval/top-1-acc: 0.0012, eval/top-5-acc: 0.0067, eval/balanced_acc: 0.0014, eval/precision: 0.0007, eval/recall: 0.0014, eval/F1: 0.0007, eval/rank-1: 0.0012, eval/rank-5: 0.0067, eval/rank-10: 0.0126, eval/mAP: 0.0092, lr: 0.0002, train/prefecth_time: 0.0064 BEST_EVAL_ACC: 0.0036, at 28672 iters
[2025-02-28 15:55:11,171 INFO] 121088 iteration USE_EMA: False, train/sup_loss: 6.8308, train/unsup_loss: 0.0000, train/total_loss: 6.8308, train/util_ratio: 0.0000, train/run_time: 1.1447, lr: 0.0002, train/prefecth_time: 0.0066 
[2025-02-28 16:00:11,383 INFO] 121344 iteration USE_EMA: False, train/sup_loss: 5.0536, train/unsup_loss: 0.0000, train/total_loss: 5.0536, train/util_ratio: 0.0000, train/run_time: 1.1505, lr: 0.0002, train/prefecth_time: 0.0068 
[2025-02-28 16:05:11,481 INFO] 121600 iteration USE_EMA: False, train/sup_loss: 5.5362, train/unsup_loss: 0.0000, train/total_loss: 5.5362, train/util_ratio: 0.0000, train/run_time: 1.1476, lr: 0.0002, train/prefecth_time: 0.0072 
[2025-02-28 16:10:11,705 INFO] 121856 iteration USE_EMA: False, train/sup_loss: 6.1135, train/unsup_loss: 0.0000, train/total_loss: 6.1135, train/util_ratio: 0.0000, train/run_time: 1.1397, lr: 0.0002, train/prefecth_time: 0.0065 
[2025-02-28 16:15:12,787 INFO] 122112 iteration USE_EMA: False, train/sup_loss: 4.9117, train/unsup_loss: 0.0000, train/total_loss: 4.9117, train/util_ratio: 0.0000, train/run_time: 1.1505, lr: 0.0002, train/prefecth_time: 0.0064 
[2025-02-28 16:20:12,767 INFO] 122368 iteration USE_EMA: False, train/sup_loss: 4.7901, train/unsup_loss: 0.0000, train/total_loss: 4.7901, train/util_ratio: 0.0000, train/run_time: 1.1535, lr: 0.0002, train/prefecth_time: 0.0066 
[2025-02-28 16:25:12,744 INFO] 122624 iteration USE_EMA: False, train/sup_loss: 4.9278, train/unsup_loss: 0.0000, train/total_loss: 4.9278, train/util_ratio: 0.0000, train/run_time: 1.1379, lr: 0.0002, train/prefecth_time: 0.0064 
[2025-02-28 16:30:12,882 INFO] validating...
/home/zakerian/miniconda3/envs/usb/lib/python3.8/site-packages/sklearn/metrics/_classification.py:1471: UndefinedMetricWarning: Precision is ill-defined and being set to 0.0 in labels with no predicted samples. Use `zero_division` parameter to control this behavior.
  _warn_prf(average, modifier, msg_start, len(result))
[2025-02-28 16:31:45,026 INFO] confusion matrix:
[[0.00035663 0.00035663 0.0021398  ... 0.00178317 0.         0.0010699 ]
 [0.         0.         0.         ... 0.         0.         0.        ]
 [0.         0.         0.         ... 0.         0.         0.        ]
 ...
 [0.         0.         0.         ... 0.         0.         0.03125   ]
 [0.         0.         0.         ... 0.         0.         0.        ]
 [0.         0.         0.         ... 0.         0.         0.        ]]
[2025-02-28 16:31:51,565 INFO] model saved: ./saved_models/usb_cv/fixmatch_market1501_transReid_4label/latest_model.pth
[2025-02-28 16:31:51,567 INFO] 122880 iteration, USE_EMA: False, train/sup_loss: 5.7412, train/unsup_loss: 0.0000, train/total_loss: 5.7412, train/util_ratio: 0.0000, train/run_time: 1.1466, eval/loss: 9.2131, eval/top-1-acc: 0.0010, eval/top-5-acc: 0.0064, eval/balanced_acc: 0.0012, eval/precision: 0.0009, eval/recall: 0.0012, eval/F1: 0.0008, eval/rank-1: 0.0010, eval/rank-5: 0.0064, eval/rank-10: 0.0132, eval/mAP: 0.0093, lr: 0.0002, train/prefecth_time: 0.0064 BEST_EVAL_ACC: 0.0036, at 28672 iters
[2025-02-28 16:36:52,480 INFO] 123136 iteration USE_EMA: False, train/sup_loss: 5.2537, train/unsup_loss: 0.0000, train/total_loss: 5.2537, train/util_ratio: 0.0000, train/run_time: 1.1593, lr: 0.0002, train/prefecth_time: 0.0064 
[2025-02-28 16:41:52,715 INFO] 123392 iteration USE_EMA: False, train/sup_loss: 5.4759, train/unsup_loss: 0.0000, train/total_loss: 5.4759, train/util_ratio: 0.0000, train/run_time: 1.1404, lr: 0.0002, train/prefecth_time: 0.0066 
[2025-02-28 16:46:52,987 INFO] 123648 iteration USE_EMA: False, train/sup_loss: 4.8256, train/unsup_loss: 0.0000, train/total_loss: 4.8256, train/util_ratio: 0.0000, train/run_time: 1.1505, lr: 0.0002, train/prefecth_time: 0.0070 
[2025-02-28 16:51:52,980 INFO] 123904 iteration USE_EMA: False, train/sup_loss: 5.0684, train/unsup_loss: 0.0000, train/total_loss: 5.0684, train/util_ratio: 0.0000, train/run_time: 1.1427, lr: 0.0002, train/prefecth_time: 0.0058 
[2025-02-28 16:56:53,851 INFO] 124160 iteration USE_EMA: False, train/sup_loss: 4.4982, train/unsup_loss: 0.0000, train/total_loss: 4.4982, train/util_ratio: 0.0000, train/run_time: 1.1422, lr: 0.0002, train/prefecth_time: 0.0069 
[2025-02-28 17:01:53,952 INFO] 124416 iteration USE_EMA: False, train/sup_loss: 5.2896, train/unsup_loss: 0.0000, train/total_loss: 5.2896, train/util_ratio: 0.0000, train/run_time: 1.1512, lr: 0.0002, train/prefecth_time: 0.0069 
[2025-02-28 17:06:54,272 INFO] 124672 iteration USE_EMA: False, train/sup_loss: 5.6056, train/unsup_loss: 0.0000, train/total_loss: 5.6056, train/util_ratio: 0.0000, train/run_time: 1.1350, lr: 0.0002, train/prefecth_time: 0.0063 
[2025-02-28 17:11:54,369 INFO] validating...
/home/zakerian/miniconda3/envs/usb/lib/python3.8/site-packages/sklearn/metrics/_classification.py:1471: UndefinedMetricWarning: Precision is ill-defined and being set to 0.0 in labels with no predicted samples. Use `zero_division` parameter to control this behavior.
  _warn_prf(average, modifier, msg_start, len(result))
[2025-02-28 17:13:26,191 INFO] confusion matrix:
[[0.         0.00071327 0.0010699  ... 0.         0.00035663 0.0032097 ]
 [0.         0.         0.         ... 0.         0.         0.        ]
 [0.         0.         0.         ... 0.         0.         0.        ]
 ...
 [0.         0.         0.         ... 0.         0.         0.        ]
 [0.         0.         0.         ... 0.         0.         0.        ]
 [0.         0.         0.125      ... 0.         0.         0.        ]]
[2025-02-28 17:13:32,694 INFO] model saved: ./saved_models/usb_cv/fixmatch_market1501_transReid_4label/latest_model.pth
[2025-02-28 17:13:32,696 INFO] 124928 iteration, USE_EMA: False, train/sup_loss: 4.7457, train/unsup_loss: 0.0000, train/total_loss: 4.7457, train/util_ratio: 0.0000, train/run_time: 1.1529, eval/loss: 9.5529, eval/top-1-acc: 0.0012, eval/top-5-acc: 0.0069, eval/balanced_acc: 0.0015, eval/precision: 0.0006, eval/recall: 0.0015, eval/F1: 0.0007, eval/rank-1: 0.0012, eval/rank-5: 0.0069, eval/rank-10: 0.0132, eval/mAP: 0.0095, lr: 0.0002, train/prefecth_time: 0.0057 BEST_EVAL_ACC: 0.0036, at 28672 iters
[2025-02-28 17:18:33,243 INFO] 125184 iteration USE_EMA: False, train/sup_loss: 5.3015, train/unsup_loss: 0.0000, train/total_loss: 5.3015, train/util_ratio: 0.0000, train/run_time: 1.1495, lr: 0.0002, train/prefecth_time: 0.0057 
[2025-02-28 17:23:32,787 INFO] 125440 iteration USE_EMA: False, train/sup_loss: 4.8833, train/unsup_loss: 0.0000, train/total_loss: 4.8833, train/util_ratio: 0.0000, train/run_time: 1.1529, lr: 0.0002, train/prefecth_time: 0.0093 
[2025-02-28 17:28:32,643 INFO] 125696 iteration USE_EMA: False, train/sup_loss: 3.8832, train/unsup_loss: 0.0000, train/total_loss: 3.8832, train/util_ratio: 0.0000, train/run_time: 1.1447, lr: 0.0002, train/prefecth_time: 0.0062 
[2025-02-28 17:33:32,524 INFO] 125952 iteration USE_EMA: False, train/sup_loss: 4.5656, train/unsup_loss: 0.0000, train/total_loss: 4.5656, train/util_ratio: 0.0000, train/run_time: 1.1494, lr: 0.0002, train/prefecth_time: 0.0060 
[2025-02-28 17:38:32,734 INFO] 126208 iteration USE_EMA: False, train/sup_loss: 4.1899, train/unsup_loss: 0.0000, train/total_loss: 4.1899, train/util_ratio: 0.0000, train/run_time: 1.1506, lr: 0.0002, train/prefecth_time: 0.0061 
[2025-02-28 17:43:32,238 INFO] 126464 iteration USE_EMA: False, train/sup_loss: 4.6439, train/unsup_loss: 0.0000, train/total_loss: 4.6439, train/util_ratio: 0.0000, train/run_time: 1.1608, lr: 0.0002, train/prefecth_time: 0.0069 
[2025-02-28 17:48:31,882 INFO] 126720 iteration USE_EMA: False, train/sup_loss: 4.5062, train/unsup_loss: 0.0000, train/total_loss: 4.5062, train/util_ratio: 0.0000, train/run_time: 1.1383, lr: 0.0002, train/prefecth_time: 0.0062 
[2025-02-28 17:53:31,440 INFO] validating...
/home/zakerian/miniconda3/envs/usb/lib/python3.8/site-packages/sklearn/metrics/_classification.py:1471: UndefinedMetricWarning: Precision is ill-defined and being set to 0.0 in labels with no predicted samples. Use `zero_division` parameter to control this behavior.
  _warn_prf(average, modifier, msg_start, len(result))
[2025-02-28 17:55:02,941 INFO] confusion matrix:
[[0.00071327 0.00142653 0.0010699  ... 0.00035663 0.         0.0074893 ]
 [0.         0.         0.         ... 0.         0.         0.        ]
 [0.         0.         0.         ... 0.         0.         0.        ]
 ...
 [0.         0.         0.         ... 0.         0.         0.        ]
 [0.         0.         0.         ... 0.         0.         0.        ]
 [0.         0.         0.         ... 0.         0.         0.        ]]
[2025-02-28 17:55:09,445 INFO] model saved: ./saved_models/usb_cv/fixmatch_market1501_transReid_4label/latest_model.pth
[2025-02-28 17:55:09,447 INFO] 126976 iteration, USE_EMA: False, train/sup_loss: 4.0388, train/unsup_loss: 0.0000, train/total_loss: 4.0388, train/util_ratio: 0.0000, train/run_time: 1.1348, eval/loss: 9.7494, eval/top-1-acc: 0.0008, eval/top-5-acc: 0.0062, eval/balanced_acc: 0.0008, eval/precision: 0.0007, eval/recall: 0.0008, eval/F1: 0.0006, eval/rank-1: 0.0008, eval/rank-5: 0.0062, eval/rank-10: 0.0132, eval/mAP: 0.0092, lr: 0.0002, train/prefecth_time: 0.0059 BEST_EVAL_ACC: 0.0036, at 28672 iters
[2025-02-28 18:00:10,287 INFO] 127232 iteration USE_EMA: False, train/sup_loss: 4.1871, train/unsup_loss: 0.0000, train/total_loss: 4.1871, train/util_ratio: 0.0000, train/run_time: 1.1559, lr: 0.0002, train/prefecth_time: 0.0062 
[2025-02-28 18:05:10,176 INFO] 127488 iteration USE_EMA: False, train/sup_loss: 4.5970, train/unsup_loss: 0.0000, train/total_loss: 4.5970, train/util_ratio: 0.0000, train/run_time: 1.1364, lr: 0.0002, train/prefecth_time: 0.0062 
[2025-02-28 18:10:10,149 INFO] 127744 iteration USE_EMA: False, train/sup_loss: 5.4694, train/unsup_loss: 0.0000, train/total_loss: 5.4694, train/util_ratio: 0.0000, train/run_time: 1.1476, lr: 0.0002, train/prefecth_time: 0.0065 
[2025-02-28 18:15:09,768 INFO] 128000 iteration USE_EMA: False, train/sup_loss: 5.0298, train/unsup_loss: 0.0000, train/total_loss: 5.0298, train/util_ratio: 0.0000, train/run_time: 1.1481, lr: 0.0002, train/prefecth_time: 0.0064 
[2025-02-28 18:20:10,409 INFO] 128256 iteration USE_EMA: False, train/sup_loss: 5.5331, train/unsup_loss: 0.0000, train/total_loss: 5.5331, train/util_ratio: 0.0000, train/run_time: 1.1400, lr: 0.0002, train/prefecth_time: 0.0068 
[2025-02-28 18:25:10,377 INFO] 128512 iteration USE_EMA: False, train/sup_loss: 4.7468, train/unsup_loss: 0.0000, train/total_loss: 4.7468, train/util_ratio: 0.0000, train/run_time: 1.1566, lr: 0.0002, train/prefecth_time: 0.0062 
[2025-02-28 18:30:10,259 INFO] 128768 iteration USE_EMA: False, train/sup_loss: 3.6631, train/unsup_loss: 0.0000, train/total_loss: 3.6631, train/util_ratio: 0.0000, train/run_time: 1.1378, lr: 0.0002, train/prefecth_time: 0.0065 
[2025-02-28 18:35:10,282 INFO] validating...
/home/zakerian/miniconda3/envs/usb/lib/python3.8/site-packages/sklearn/metrics/_classification.py:1471: UndefinedMetricWarning: Precision is ill-defined and being set to 0.0 in labels with no predicted samples. Use `zero_division` parameter to control this behavior.
  _warn_prf(average, modifier, msg_start, len(result))
[2025-02-28 18:36:42,251 INFO] confusion matrix:
[[0.00142653 0.0010699  0.00178317 ... 0.00356633 0.         0.0074893 ]
 [0.         0.         0.         ... 0.         0.         0.03125   ]
 [0.         0.         0.         ... 0.         0.         0.        ]
 ...
 [0.         0.         0.         ... 0.         0.         0.        ]
 [0.         0.         0.         ... 0.         0.         0.        ]
 [0.         0.         0.125      ... 0.         0.         0.        ]]
[2025-02-28 18:36:48,773 INFO] model saved: ./saved_models/usb_cv/fixmatch_market1501_transReid_4label/latest_model.pth
[2025-02-28 18:36:48,775 INFO] 129024 iteration, USE_EMA: False, train/sup_loss: 4.4949, train/unsup_loss: 0.0000, train/total_loss: 4.4949, train/util_ratio: 0.0000, train/run_time: 1.1440, eval/loss: 9.7717, eval/top-1-acc: 0.0016, eval/top-5-acc: 0.0072, eval/balanced_acc: 0.0014, eval/precision: 0.0010, eval/recall: 0.0014, eval/F1: 0.0008, eval/rank-1: 0.0016, eval/rank-5: 0.0072, eval/rank-10: 0.0142, eval/mAP: 0.0097, lr: 0.0002, train/prefecth_time: 0.0065 BEST_EVAL_ACC: 0.0036, at 28672 iters
[2025-02-28 18:41:49,653 INFO] 129280 iteration USE_EMA: False, train/sup_loss: 4.5193, train/unsup_loss: 0.0000, train/total_loss: 4.5193, train/util_ratio: 0.0000, train/run_time: 1.1361, lr: 0.0002, train/prefecth_time: 0.0069 
[2025-02-28 18:46:49,593 INFO] 129536 iteration USE_EMA: False, train/sup_loss: 5.8714, train/unsup_loss: 0.0000, train/total_loss: 5.8714, train/util_ratio: 0.0000, train/run_time: 1.1460, lr: 0.0002, train/prefecth_time: 0.0063 
[2025-02-28 18:51:49,624 INFO] 129792 iteration USE_EMA: False, train/sup_loss: 4.3517, train/unsup_loss: 0.0000, train/total_loss: 4.3517, train/util_ratio: 0.0000, train/run_time: 1.1441, lr: 0.0002, train/prefecth_time: 0.0065 
[2025-02-28 18:56:49,425 INFO] 130048 iteration USE_EMA: False, train/sup_loss: 4.8167, train/unsup_loss: 0.0000, train/total_loss: 4.8167, train/util_ratio: 0.0000, train/run_time: 1.1423, lr: 0.0002, train/prefecth_time: 0.0056 
[2025-02-28 19:01:50,269 INFO] 130304 iteration USE_EMA: False, train/sup_loss: 5.1076, train/unsup_loss: 0.0000, train/total_loss: 5.1076, train/util_ratio: 0.0000, train/run_time: 1.1519, lr: 0.0002, train/prefecth_time: 0.0063 
[2025-02-28 19:06:50,638 INFO] 130560 iteration USE_EMA: False, train/sup_loss: 5.9136, train/unsup_loss: 0.0000, train/total_loss: 5.9136, train/util_ratio: 0.0000, train/run_time: 1.1424, lr: 0.0002, train/prefecth_time: 0.0095 
[2025-02-28 19:11:50,529 INFO] 130816 iteration USE_EMA: False, train/sup_loss: 5.2018, train/unsup_loss: 0.0000, train/total_loss: 5.2018, train/util_ratio: 0.0000, train/run_time: 1.1536, lr: 0.0002, train/prefecth_time: 0.0067 
[2025-02-28 19:16:50,614 INFO] validating...
/home/zakerian/miniconda3/envs/usb/lib/python3.8/site-packages/sklearn/metrics/_classification.py:1471: UndefinedMetricWarning: Precision is ill-defined and being set to 0.0 in labels with no predicted samples. Use `zero_division` parameter to control this behavior.
  _warn_prf(average, modifier, msg_start, len(result))
[2025-02-28 19:18:22,655 INFO] confusion matrix:
[[0.00142653 0.00035663 0.00178317 ... 0.00035663 0.00142653 0.00356633]
 [0.         0.         0.         ... 0.         0.         0.        ]
 [0.         0.         0.06666667 ... 0.         0.         0.        ]
 ...
 [0.         0.         0.         ... 0.         0.         0.        ]
 [0.         0.         0.03846154 ... 0.         0.         0.        ]
 [0.         0.         0.125      ... 0.         0.         0.        ]]
[2025-02-28 19:18:29,195 INFO] model saved: ./saved_models/usb_cv/fixmatch_market1501_transReid_4label/latest_model.pth
[2025-02-28 19:18:29,198 INFO] 131072 iteration, USE_EMA: False, train/sup_loss: 4.5174, train/unsup_loss: 0.0000, train/total_loss: 4.5174, train/util_ratio: 0.0000, train/run_time: 1.1403, eval/loss: 9.8440, eval/top-1-acc: 0.0012, eval/top-5-acc: 0.0055, eval/balanced_acc: 0.0012, eval/precision: 0.0008, eval/recall: 0.0012, eval/F1: 0.0006, eval/rank-1: 0.0012, eval/rank-5: 0.0055, eval/rank-10: 0.0124, eval/mAP: 0.0091, lr: 0.0002, train/prefecth_time: 0.0064 BEST_EVAL_ACC: 0.0036, at 28672 iters
[2025-02-28 19:23:29,789 INFO] 131328 iteration USE_EMA: False, train/sup_loss: 4.3902, train/unsup_loss: 0.0000, train/total_loss: 4.3902, train/util_ratio: 0.0000, train/run_time: 1.1477, lr: 0.0002, train/prefecth_time: 0.0069 
[2025-02-28 19:28:29,576 INFO] 131584 iteration USE_EMA: False, train/sup_loss: 4.0548, train/unsup_loss: 0.0000, train/total_loss: 4.0548, train/util_ratio: 0.0000, train/run_time: 1.1526, lr: 0.0002, train/prefecth_time: 0.0070 
[2025-02-28 19:33:29,600 INFO] 131840 iteration USE_EMA: False, train/sup_loss: 4.7573, train/unsup_loss: 0.0000, train/total_loss: 4.7573, train/util_ratio: 0.0000, train/run_time: 1.1547, lr: 0.0002, train/prefecth_time: 0.0070 
[2025-02-28 19:38:29,545 INFO] 132096 iteration USE_EMA: False, train/sup_loss: 5.8242, train/unsup_loss: 0.0000, train/total_loss: 5.8242, train/util_ratio: 0.0000, train/run_time: 1.1362, lr: 0.0002, train/prefecth_time: 0.0061 
[2025-02-28 19:43:30,175 INFO] 132352 iteration USE_EMA: False, train/sup_loss: 3.8665, train/unsup_loss: 0.0000, train/total_loss: 3.8665, train/util_ratio: 0.0000, train/run_time: 1.1527, lr: 0.0002, train/prefecth_time: 0.0069 
[2025-02-28 19:48:30,237 INFO] 132608 iteration USE_EMA: False, train/sup_loss: 5.2055, train/unsup_loss: 0.0000, train/total_loss: 5.2055, train/util_ratio: 0.0000, train/run_time: 1.1561, lr: 0.0002, train/prefecth_time: 0.0069 
[2025-02-28 19:53:30,349 INFO] 132864 iteration USE_EMA: False, train/sup_loss: 4.0959, train/unsup_loss: 0.0000, train/total_loss: 4.0959, train/util_ratio: 0.0000, train/run_time: 1.1419, lr: 0.0002, train/prefecth_time: 0.0071 
[2025-02-28 19:58:30,171 INFO] validating...
/home/zakerian/miniconda3/envs/usb/lib/python3.8/site-packages/sklearn/metrics/_classification.py:1471: UndefinedMetricWarning: Precision is ill-defined and being set to 0.0 in labels with no predicted samples. Use `zero_division` parameter to control this behavior.
  _warn_prf(average, modifier, msg_start, len(result))
[2025-02-28 20:00:01,815 INFO] confusion matrix:
[[0.00285307 0.         0.00035663 ... 0.00035663 0.         0.00178317]
 [0.         0.         0.         ... 0.         0.         0.03125   ]
 [0.         0.         0.         ... 0.         0.         0.        ]
 ...
 [0.         0.         0.         ... 0.         0.         0.        ]
 [0.         0.         0.         ... 0.         0.         0.        ]
 [0.         0.         0.         ... 0.         0.         0.        ]]
[2025-02-28 20:00:08,274 INFO] model saved: ./saved_models/usb_cv/fixmatch_market1501_transReid_4label/latest_model.pth
[2025-02-28 20:00:08,275 INFO] 133120 iteration, USE_EMA: False, train/sup_loss: 4.8096, train/unsup_loss: 0.0000, train/total_loss: 4.8096, train/util_ratio: 0.0000, train/run_time: 1.1438, eval/loss: 9.5224, eval/top-1-acc: 0.0013, eval/top-5-acc: 0.0072, eval/balanced_acc: 0.0012, eval/precision: 0.0008, eval/recall: 0.0012, eval/F1: 0.0006, eval/rank-1: 0.0013, eval/rank-5: 0.0072, eval/rank-10: 0.0141, eval/mAP: 0.0098, lr: 0.0002, train/prefecth_time: 0.0062 BEST_EVAL_ACC: 0.0036, at 28672 iters
[2025-02-28 20:05:09,935 INFO] 133376 iteration USE_EMA: False, train/sup_loss: 6.0133, train/unsup_loss: 0.0000, train/total_loss: 6.0133, train/util_ratio: 0.0000, train/run_time: 1.1454, lr: 0.0002, train/prefecth_time: 0.0061 
[2025-02-28 20:10:10,545 INFO] 133632 iteration USE_EMA: False, train/sup_loss: 4.9825, train/unsup_loss: 0.0000, train/total_loss: 4.9825, train/util_ratio: 0.0000, train/run_time: 1.1336, lr: 0.0002, train/prefecth_time: 0.0098 
[2025-02-28 20:15:11,282 INFO] 133888 iteration USE_EMA: False, train/sup_loss: 4.6656, train/unsup_loss: 0.0000, train/total_loss: 4.6656, train/util_ratio: 0.0000, train/run_time: 1.1496, lr: 0.0002, train/prefecth_time: 0.0067 
[2025-02-28 20:20:11,954 INFO] 134144 iteration USE_EMA: False, train/sup_loss: 6.2246, train/unsup_loss: 0.0000, train/total_loss: 6.2246, train/util_ratio: 0.0000, train/run_time: 1.1542, lr: 0.0002, train/prefecth_time: 0.0061 
[2025-02-28 20:25:12,467 INFO] 134400 iteration USE_EMA: False, train/sup_loss: 5.2799, train/unsup_loss: 0.0000, train/total_loss: 5.2799, train/util_ratio: 0.0000, train/run_time: 1.1457, lr: 0.0002, train/prefecth_time: 0.0067 
[2025-02-28 20:30:12,224 INFO] 134656 iteration USE_EMA: False, train/sup_loss: 4.7208, train/unsup_loss: 0.0000, train/total_loss: 4.7208, train/util_ratio: 0.0000, train/run_time: 1.1503, lr: 0.0002, train/prefecth_time: 0.0066 
[2025-02-28 20:35:12,140 INFO] 134912 iteration USE_EMA: False, train/sup_loss: 4.4094, train/unsup_loss: 0.0000, train/total_loss: 4.4094, train/util_ratio: 0.0000, train/run_time: 1.1439, lr: 0.0002, train/prefecth_time: 0.0064 
[2025-02-28 20:40:11,919 INFO] validating...
/home/zakerian/miniconda3/envs/usb/lib/python3.8/site-packages/sklearn/metrics/_classification.py:1471: UndefinedMetricWarning: Precision is ill-defined and being set to 0.0 in labels with no predicted samples. Use `zero_division` parameter to control this behavior.
  _warn_prf(average, modifier, msg_start, len(result))
[2025-02-28 20:41:44,186 INFO] confusion matrix:
[[0.00071327 0.00035663 0.00142653 ... 0.00499287 0.         0.0010699 ]
 [0.         0.         0.         ... 0.         0.         0.        ]
 [0.         0.         0.         ... 0.         0.         0.        ]
 ...
 [0.         0.         0.         ... 0.0625     0.         0.        ]
 [0.         0.         0.         ... 0.         0.         0.        ]
 [0.         0.         0.         ... 0.         0.         0.        ]]
[2025-02-28 20:41:50,650 INFO] model saved: ./saved_models/usb_cv/fixmatch_market1501_transReid_4label/latest_model.pth
[2025-02-28 20:41:50,652 INFO] 135168 iteration, USE_EMA: False, train/sup_loss: 4.9446, train/unsup_loss: 0.0000, train/total_loss: 4.9446, train/util_ratio: 0.0000, train/run_time: 1.1529, eval/loss: 9.4479, eval/top-1-acc: 0.0009, eval/top-5-acc: 0.0066, eval/balanced_acc: 0.0009, eval/precision: 0.0008, eval/recall: 0.0009, eval/F1: 0.0006, eval/rank-1: 0.0009, eval/rank-5: 0.0066, eval/rank-10: 0.0132, eval/mAP: 0.0092, lr: 0.0002, train/prefecth_time: 0.0061 BEST_EVAL_ACC: 0.0036, at 28672 iters
[2025-02-28 20:46:51,037 INFO] 135424 iteration USE_EMA: False, train/sup_loss: 5.1888, train/unsup_loss: 0.0000, train/total_loss: 5.1888, train/util_ratio: 0.0000, train/run_time: 1.1327, lr: 0.0002, train/prefecth_time: 0.0097 
[2025-02-28 20:51:50,683 INFO] 135680 iteration USE_EMA: False, train/sup_loss: 5.9610, train/unsup_loss: 0.0000, train/total_loss: 5.9610, train/util_ratio: 0.0000, train/run_time: 1.1551, lr: 0.0002, train/prefecth_time: 0.0061 
[2025-02-28 20:56:50,205 INFO] 135936 iteration USE_EMA: False, train/sup_loss: 5.2477, train/unsup_loss: 0.0000, train/total_loss: 5.2477, train/util_ratio: 0.0000, train/run_time: 1.1510, lr: 0.0002, train/prefecth_time: 0.0066 
[2025-02-28 21:01:49,719 INFO] 136192 iteration USE_EMA: False, train/sup_loss: 5.1817, train/unsup_loss: 0.0000, train/total_loss: 5.1817, train/util_ratio: 0.0000, train/run_time: 1.1488, lr: 0.0002, train/prefecth_time: 0.0059 
[2025-02-28 21:06:50,330 INFO] 136448 iteration USE_EMA: False, train/sup_loss: 6.2311, train/unsup_loss: 0.0000, train/total_loss: 6.2311, train/util_ratio: 0.0000, train/run_time: 1.1582, lr: 0.0002, train/prefecth_time: 0.0062 
[2025-02-28 21:11:50,310 INFO] 136704 iteration USE_EMA: False, train/sup_loss: 4.8393, train/unsup_loss: 0.0000, train/total_loss: 4.8393, train/util_ratio: 0.0000, train/run_time: 1.1488, lr: 0.0002, train/prefecth_time: 0.0067 
[2025-02-28 21:16:50,314 INFO] 136960 iteration USE_EMA: False, train/sup_loss: 5.8126, train/unsup_loss: 0.0000, train/total_loss: 5.8126, train/util_ratio: 0.0000, train/run_time: 1.1525, lr: 0.0002, train/prefecth_time: 0.0090 
[2025-02-28 21:21:50,182 INFO] validating...
/home/zakerian/miniconda3/envs/usb/lib/python3.8/site-packages/sklearn/metrics/_classification.py:1471: UndefinedMetricWarning: Precision is ill-defined and being set to 0.0 in labels with no predicted samples. Use `zero_division` parameter to control this behavior.
  _warn_prf(average, modifier, msg_start, len(result))
[2025-02-28 21:23:21,550 INFO] confusion matrix:
[[0.0010699  0.00677603 0.00784593 ... 0.0010699  0.00142653 0.0010699 ]
 [0.         0.         0.03125    ... 0.         0.         0.        ]
 [0.         0.         0.         ... 0.         0.         0.        ]
 ...
 [0.         0.         0.         ... 0.         0.         0.        ]
 [0.         0.         0.         ... 0.         0.         0.        ]
 [0.         0.         0.125      ... 0.         0.         0.        ]]
[2025-02-28 21:23:28,026 INFO] model saved: ./saved_models/usb_cv/fixmatch_market1501_transReid_4label/latest_model.pth
[2025-02-28 21:23:28,028 INFO] 137216 iteration, USE_EMA: False, train/sup_loss: 6.0461, train/unsup_loss: 0.0000, train/total_loss: 6.0461, train/util_ratio: 0.0000, train/run_time: 1.1459, eval/loss: 9.5273, eval/top-1-acc: 0.0013, eval/top-5-acc: 0.0066, eval/balanced_acc: 0.0014, eval/precision: 0.0008, eval/recall: 0.0014, eval/F1: 0.0007, eval/rank-1: 0.0013, eval/rank-5: 0.0066, eval/rank-10: 0.0143, eval/mAP: 0.0100, lr: 0.0002, train/prefecth_time: 0.0057 BEST_EVAL_ACC: 0.0036, at 28672 iters
[2025-02-28 21:28:28,639 INFO] 137472 iteration USE_EMA: False, train/sup_loss: 5.1807, train/unsup_loss: 0.0000, train/total_loss: 5.1807, train/util_ratio: 0.0000, train/run_time: 1.1416, lr: 0.0002, train/prefecth_time: 0.0064 
[2025-02-28 21:33:28,227 INFO] 137728 iteration USE_EMA: False, train/sup_loss: 5.1539, train/unsup_loss: 0.0000, train/total_loss: 5.1539, train/util_ratio: 0.0000, train/run_time: 1.1510, lr: 0.0002, train/prefecth_time: 0.0063 
[2025-02-28 21:38:28,040 INFO] 137984 iteration USE_EMA: False, train/sup_loss: 5.8089, train/unsup_loss: 0.0000, train/total_loss: 5.8089, train/util_ratio: 0.0000, train/run_time: 1.1370, lr: 0.0002, train/prefecth_time: 0.0068 
[2025-02-28 21:43:27,872 INFO] 138240 iteration USE_EMA: False, train/sup_loss: 5.5291, train/unsup_loss: 0.0000, train/total_loss: 5.5291, train/util_ratio: 0.0000, train/run_time: 1.1402, lr: 0.0002, train/prefecth_time: 0.0062 
[2025-02-28 21:48:28,530 INFO] 138496 iteration USE_EMA: False, train/sup_loss: 5.3329, train/unsup_loss: 0.0000, train/total_loss: 5.3329, train/util_ratio: 0.0000, train/run_time: 1.1476, lr: 0.0002, train/prefecth_time: 0.0059 
[2025-02-28 21:53:28,333 INFO] 138752 iteration USE_EMA: False, train/sup_loss: 5.7494, train/unsup_loss: 0.0000, train/total_loss: 5.7494, train/util_ratio: 0.0000, train/run_time: 1.1448, lr: 0.0002, train/prefecth_time: 0.0069 
[2025-02-28 21:58:28,097 INFO] 139008 iteration USE_EMA: False, train/sup_loss: 3.7159, train/unsup_loss: 0.0000, train/total_loss: 3.7159, train/util_ratio: 0.0000, train/run_time: 1.1448, lr: 0.0002, train/prefecth_time: 0.0064 
[2025-02-28 22:03:27,791 INFO] validating...
/home/zakerian/miniconda3/envs/usb/lib/python3.8/site-packages/sklearn/metrics/_classification.py:1471: UndefinedMetricWarning: Precision is ill-defined and being set to 0.0 in labels with no predicted samples. Use `zero_division` parameter to control this behavior.
  _warn_prf(average, modifier, msg_start, len(result))
[2025-02-28 22:04:59,452 INFO] confusion matrix:
[[0.         0.00249643 0.00035663 ... 0.00071327 0.         0.0021398 ]
 [0.         0.         0.         ... 0.         0.         0.        ]
 [0.         0.         0.         ... 0.         0.         0.        ]
 ...
 [0.         0.         0.         ... 0.         0.         0.        ]
 [0.         0.         0.         ... 0.         0.         0.        ]
 [0.         0.         0.         ... 0.         0.         0.        ]]
[2025-02-28 22:05:05,935 INFO] model saved: ./saved_models/usb_cv/fixmatch_market1501_transReid_4label/latest_model.pth
[2025-02-28 22:05:05,937 INFO] 139264 iteration, USE_EMA: False, train/sup_loss: 5.7300, train/unsup_loss: 0.0000, train/total_loss: 5.7300, train/util_ratio: 0.0000, train/run_time: 1.1491, eval/loss: 9.5932, eval/top-1-acc: 0.0010, eval/top-5-acc: 0.0063, eval/balanced_acc: 0.0013, eval/precision: 0.0007, eval/recall: 0.0013, eval/F1: 0.0007, eval/rank-1: 0.0010, eval/rank-5: 0.0063, eval/rank-10: 0.0128, eval/mAP: 0.0092, lr: 0.0002, train/prefecth_time: 0.0062 BEST_EVAL_ACC: 0.0036, at 28672 iters
[2025-02-28 22:10:06,683 INFO] 139520 iteration USE_EMA: False, train/sup_loss: 4.6654, train/unsup_loss: 0.0000, train/total_loss: 4.6654, train/util_ratio: 0.0000, train/run_time: 1.1415, lr: 0.0002, train/prefecth_time: 0.0060 
[2025-02-28 22:15:06,831 INFO] 139776 iteration USE_EMA: False, train/sup_loss: 5.3636, train/unsup_loss: 0.0000, train/total_loss: 5.3636, train/util_ratio: 0.0000, train/run_time: 1.1529, lr: 0.0002, train/prefecth_time: 0.0069 
[2025-02-28 22:20:06,725 INFO] 140032 iteration USE_EMA: False, train/sup_loss: 4.7611, train/unsup_loss: 0.0000, train/total_loss: 4.7611, train/util_ratio: 0.0000, train/run_time: 1.1422, lr: 0.0002, train/prefecth_time: 0.0068 
[2025-02-28 22:25:06,588 INFO] 140288 iteration USE_EMA: False, train/sup_loss: 5.0828, train/unsup_loss: 0.0000, train/total_loss: 5.0828, train/util_ratio: 0.0000, train/run_time: 1.1375, lr: 0.0002, train/prefecth_time: 0.0063 
[2025-02-28 22:30:07,037 INFO] 140544 iteration USE_EMA: False, train/sup_loss: 5.1857, train/unsup_loss: 0.0000, train/total_loss: 5.1857, train/util_ratio: 0.0000, train/run_time: 1.1413, lr: 0.0002, train/prefecth_time: 0.0070 
[2025-02-28 22:35:06,505 INFO] 140800 iteration USE_EMA: False, train/sup_loss: 5.3756, train/unsup_loss: 0.0000, train/total_loss: 5.3756, train/util_ratio: 0.0000, train/run_time: 1.1489, lr: 0.0002, train/prefecth_time: 0.0064 
[2025-02-28 22:40:06,444 INFO] 141056 iteration USE_EMA: False, train/sup_loss: 4.9138, train/unsup_loss: 0.0000, train/total_loss: 4.9138, train/util_ratio: 0.0000, train/run_time: 1.1512, lr: 0.0002, train/prefecth_time: 0.0094 
[2025-02-28 22:45:06,404 INFO] validating...
/home/zakerian/miniconda3/envs/usb/lib/python3.8/site-packages/sklearn/metrics/_classification.py:1471: UndefinedMetricWarning: Precision is ill-defined and being set to 0.0 in labels with no predicted samples. Use `zero_division` parameter to control this behavior.
  _warn_prf(average, modifier, msg_start, len(result))
[2025-02-28 22:46:38,320 INFO] confusion matrix:
[[0.         0.00035663 0.         ... 0.00178317 0.         0.0096291 ]
 [0.         0.         0.         ... 0.         0.         0.        ]
 [0.         0.         0.         ... 0.         0.         0.        ]
 ...
 [0.         0.         0.         ... 0.         0.         0.03125   ]
 [0.         0.         0.         ... 0.         0.         0.        ]
 [0.         0.         0.         ... 0.         0.         0.        ]]
[2025-02-28 22:46:44,883 INFO] model saved: ./saved_models/usb_cv/fixmatch_market1501_transReid_4label/latest_model.pth
[2025-02-28 22:46:44,884 INFO] 141312 iteration, USE_EMA: False, train/sup_loss: 6.4318, train/unsup_loss: 0.0000, train/total_loss: 6.4318, train/util_ratio: 0.0000, train/run_time: 1.1505, eval/loss: 9.4313, eval/top-1-acc: 0.0008, eval/top-5-acc: 0.0055, eval/balanced_acc: 0.0011, eval/precision: 0.0004, eval/recall: 0.0011, eval/F1: 0.0005, eval/rank-1: 0.0008, eval/rank-5: 0.0055, eval/rank-10: 0.0121, eval/mAP: 0.0086, lr: 0.0002, train/prefecth_time: 0.0060 BEST_EVAL_ACC: 0.0036, at 28672 iters
[2025-02-28 22:51:45,572 INFO] 141568 iteration USE_EMA: False, train/sup_loss: 4.9596, train/unsup_loss: 0.0000, train/total_loss: 4.9596, train/util_ratio: 0.0000, train/run_time: 1.1492, lr: 0.0002, train/prefecth_time: 0.0063 
[2025-02-28 22:56:45,428 INFO] 141824 iteration USE_EMA: False, train/sup_loss: 4.6349, train/unsup_loss: 0.0000, train/total_loss: 4.6349, train/util_ratio: 0.0000, train/run_time: 1.1522, lr: 0.0002, train/prefecth_time: 0.0061 
[2025-02-28 23:01:45,090 INFO] 142080 iteration USE_EMA: False, train/sup_loss: 5.5860, train/unsup_loss: 0.0000, train/total_loss: 5.5860, train/util_ratio: 0.0000, train/run_time: 1.1411, lr: 0.0002, train/prefecth_time: 0.0092 
[2025-02-28 23:06:44,794 INFO] 142336 iteration USE_EMA: False, train/sup_loss: 4.3364, train/unsup_loss: 0.0000, train/total_loss: 4.3364, train/util_ratio: 0.0000, train/run_time: 1.1444, lr: 0.0002, train/prefecth_time: 0.0056 
[2025-02-28 23:11:45,165 INFO] 142592 iteration USE_EMA: False, train/sup_loss: 4.8012, train/unsup_loss: 0.0000, train/total_loss: 4.8012, train/util_ratio: 0.0000, train/run_time: 1.1516, lr: 0.0002, train/prefecth_time: 0.0063 
[2025-02-28 23:16:45,210 INFO] 142848 iteration USE_EMA: False, train/sup_loss: 5.0211, train/unsup_loss: 0.0000, train/total_loss: 5.0211, train/util_ratio: 0.0000, train/run_time: 1.1510, lr: 0.0002, train/prefecth_time: 0.0065 
[2025-02-28 23:21:44,913 INFO] 143104 iteration USE_EMA: False, train/sup_loss: 4.5146, train/unsup_loss: 0.0000, train/total_loss: 4.5146, train/util_ratio: 0.0000, train/run_time: 1.1389, lr: 0.0002, train/prefecth_time: 0.0066 
[2025-02-28 23:26:44,791 INFO] validating...
/home/zakerian/miniconda3/envs/usb/lib/python3.8/site-packages/sklearn/metrics/_classification.py:1471: UndefinedMetricWarning: Precision is ill-defined and being set to 0.0 in labels with no predicted samples. Use `zero_division` parameter to control this behavior.
  _warn_prf(average, modifier, msg_start, len(result))
[2025-02-28 23:28:16,814 INFO] confusion matrix:
[[0.00071327 0.00071327 0.         ... 0.00035663 0.0021398  0.00392297]
 [0.         0.         0.015625   ... 0.         0.         0.        ]
 [0.         0.         0.         ... 0.         0.         0.        ]
 ...
 [0.         0.         0.         ... 0.         0.         0.        ]
 [0.         0.         0.         ... 0.         0.         0.        ]
 [0.         0.         0.         ... 0.         0.         0.        ]]
[2025-02-28 23:28:23,282 INFO] model saved: ./saved_models/usb_cv/fixmatch_market1501_transReid_4label/latest_model.pth
[2025-02-28 23:28:23,284 INFO] 143360 iteration, USE_EMA: False, train/sup_loss: 5.1161, train/unsup_loss: 0.0000, train/total_loss: 5.1161, train/util_ratio: 0.0000, train/run_time: 1.1542, eval/loss: 9.7094, eval/top-1-acc: 0.0013, eval/top-5-acc: 0.0072, eval/balanced_acc: 0.0016, eval/precision: 0.0008, eval/recall: 0.0016, eval/F1: 0.0007, eval/rank-1: 0.0013, eval/rank-5: 0.0072, eval/rank-10: 0.0141, eval/mAP: 0.0097, lr: 0.0002, train/prefecth_time: 0.0062 BEST_EVAL_ACC: 0.0036, at 28672 iters
[2025-02-28 23:33:23,942 INFO] 143616 iteration USE_EMA: False, train/sup_loss: 5.1922, train/unsup_loss: 0.0000, train/total_loss: 5.1922, train/util_ratio: 0.0000, train/run_time: 1.1359, lr: 0.0002, train/prefecth_time: 0.0064 
[2025-02-28 23:38:23,877 INFO] 143872 iteration USE_EMA: False, train/sup_loss: 4.8207, train/unsup_loss: 0.0000, train/total_loss: 4.8207, train/util_ratio: 0.0000, train/run_time: 1.1490, lr: 0.0002, train/prefecth_time: 0.0064 
[2025-02-28 23:43:23,715 INFO] 144128 iteration USE_EMA: False, train/sup_loss: 5.0961, train/unsup_loss: 0.0000, train/total_loss: 5.0961, train/util_ratio: 0.0000, train/run_time: 1.1474, lr: 0.0002, train/prefecth_time: 0.0067 
[2025-02-28 23:48:23,675 INFO] 144384 iteration USE_EMA: False, train/sup_loss: 4.6794, train/unsup_loss: 0.0000, train/total_loss: 4.6794, train/util_ratio: 0.0000, train/run_time: 1.1378, lr: 0.0002, train/prefecth_time: 0.0061 
[2025-02-28 23:53:24,425 INFO] 144640 iteration USE_EMA: False, train/sup_loss: 3.8617, train/unsup_loss: 0.0000, train/total_loss: 3.8617, train/util_ratio: 0.0000, train/run_time: 1.1416, lr: 0.0002, train/prefecth_time: 0.0068 
[2025-02-28 23:58:24,725 INFO] 144896 iteration USE_EMA: False, train/sup_loss: 3.7155, train/unsup_loss: 0.0000, train/total_loss: 3.7155, train/util_ratio: 0.0000, train/run_time: 1.1498, lr: 0.0002, train/prefecth_time: 0.0064 
[2025-03-01 00:03:25,065 INFO] 145152 iteration USE_EMA: False, train/sup_loss: 5.1014, train/unsup_loss: 0.0000, train/total_loss: 5.1014, train/util_ratio: 0.0000, train/run_time: 1.1512, lr: 0.0002, train/prefecth_time: 0.0083 
[2025-03-01 00:08:25,115 INFO] validating...
/home/zakerian/miniconda3/envs/usb/lib/python3.8/site-packages/sklearn/metrics/_classification.py:1471: UndefinedMetricWarning: Precision is ill-defined and being set to 0.0 in labels with no predicted samples. Use `zero_division` parameter to control this behavior.
  _warn_prf(average, modifier, msg_start, len(result))
[2025-03-01 00:09:56,898 INFO] confusion matrix:
[[0.00035663 0.00142653 0.00142653 ... 0.0010699  0.         0.00606277]
 [0.         0.         0.         ... 0.         0.         0.015625  ]
 [0.         0.         0.         ... 0.         0.         0.        ]
 ...
 [0.         0.         0.         ... 0.         0.         0.        ]
 [0.         0.         0.         ... 0.         0.         0.        ]
 [0.         0.         0.         ... 0.         0.         0.        ]]
[2025-03-01 00:10:03,392 INFO] model saved: ./saved_models/usb_cv/fixmatch_market1501_transReid_4label/latest_model.pth
[2025-03-01 00:10:03,394 INFO] 145408 iteration, USE_EMA: False, train/sup_loss: 6.2689, train/unsup_loss: 0.0000, train/total_loss: 6.2689, train/util_ratio: 0.0000, train/run_time: 1.1402, eval/loss: 9.4360, eval/top-1-acc: 0.0009, eval/top-5-acc: 0.0071, eval/balanced_acc: 0.0009, eval/precision: 0.0012, eval/recall: 0.0009, eval/F1: 0.0007, eval/rank-1: 0.0009, eval/rank-5: 0.0071, eval/rank-10: 0.0132, eval/mAP: 0.0094, lr: 0.0002, train/prefecth_time: 0.0059 BEST_EVAL_ACC: 0.0036, at 28672 iters
[2025-03-01 00:15:04,185 INFO] 145664 iteration USE_EMA: False, train/sup_loss: 4.5004, train/unsup_loss: 0.0000, train/total_loss: 4.5004, train/util_ratio: 0.0000, train/run_time: 1.1408, lr: 0.0002, train/prefecth_time: 0.0060 
[2025-03-01 00:20:04,325 INFO] 145920 iteration USE_EMA: False, train/sup_loss: 5.4622, train/unsup_loss: 0.0000, train/total_loss: 5.4622, train/util_ratio: 0.0000, train/run_time: 1.1435, lr: 0.0002, train/prefecth_time: 0.0062 
[2025-03-01 00:25:04,336 INFO] 146176 iteration USE_EMA: False, train/sup_loss: 5.4395, train/unsup_loss: 0.0000, train/total_loss: 5.4395, train/util_ratio: 0.0000, train/run_time: 1.1455, lr: 0.0002, train/prefecth_time: 0.0060 
[2025-03-01 00:30:04,410 INFO] 146432 iteration USE_EMA: False, train/sup_loss: 4.6741, train/unsup_loss: 0.0000, train/total_loss: 4.6741, train/util_ratio: 0.0000, train/run_time: 1.1448, lr: 0.0002, train/prefecth_time: 0.0059 
[2025-03-01 00:35:04,904 INFO] 146688 iteration USE_EMA: False, train/sup_loss: 5.4768, train/unsup_loss: 0.0000, train/total_loss: 5.4768, train/util_ratio: 0.0000, train/run_time: 1.1381, lr: 0.0002, train/prefecth_time: 0.0065 
[2025-03-01 00:40:04,814 INFO] 146944 iteration USE_EMA: False, train/sup_loss: 4.5863, train/unsup_loss: 0.0000, train/total_loss: 4.5863, train/util_ratio: 0.0000, train/run_time: 1.1466, lr: 0.0002, train/prefecth_time: 0.0065 
[2025-03-01 00:45:04,821 INFO] 147200 iteration USE_EMA: False, train/sup_loss: 4.9493, train/unsup_loss: 0.0000, train/total_loss: 4.9493, train/util_ratio: 0.0000, train/run_time: 1.1482, lr: 0.0002, train/prefecth_time: 0.0066 
[2025-03-01 00:50:04,496 INFO] validating...
/home/zakerian/miniconda3/envs/usb/lib/python3.8/site-packages/sklearn/metrics/_classification.py:1471: UndefinedMetricWarning: Precision is ill-defined and being set to 0.0 in labels with no predicted samples. Use `zero_division` parameter to control this behavior.
  _warn_prf(average, modifier, msg_start, len(result))
[2025-03-01 00:51:36,169 INFO] confusion matrix:
[[0.00249643 0.         0.         ... 0.00071327 0.00035663 0.00392297]
 [0.         0.         0.03125    ... 0.         0.         0.03125   ]
 [0.         0.         0.         ... 0.         0.         0.        ]
 ...
 [0.         0.         0.         ... 0.         0.         0.        ]
 [0.         0.         0.         ... 0.         0.         0.        ]
 [0.         0.         0.         ... 0.         0.         0.        ]]
[2025-03-01 00:51:42,681 INFO] model saved: ./saved_models/usb_cv/fixmatch_market1501_transReid_4label/latest_model.pth
[2025-03-01 00:51:42,683 INFO] 147456 iteration, USE_EMA: False, train/sup_loss: 5.6169, train/unsup_loss: 0.0000, train/total_loss: 5.6169, train/util_ratio: 0.0000, train/run_time: 1.1484, eval/loss: 9.6306, eval/top-1-acc: 0.0019, eval/top-5-acc: 0.0073, eval/balanced_acc: 0.0019, eval/precision: 0.0010, eval/recall: 0.0019, eval/F1: 0.0009, eval/rank-1: 0.0019, eval/rank-5: 0.0073, eval/rank-10: 0.0130, eval/mAP: 0.0100, lr: 0.0002, train/prefecth_time: 0.0064 BEST_EVAL_ACC: 0.0036, at 28672 iters
[2025-03-01 00:56:43,689 INFO] 147712 iteration USE_EMA: False, train/sup_loss: 4.1462, train/unsup_loss: 0.0000, train/total_loss: 4.1462, train/util_ratio: 0.0000, train/run_time: 1.1473, lr: 0.0002, train/prefecth_time: 0.0063 
[2025-03-01 01:01:43,713 INFO] 147968 iteration USE_EMA: False, train/sup_loss: 4.6045, train/unsup_loss: 0.0000, train/total_loss: 4.6045, train/util_ratio: 0.0000, train/run_time: 1.1508, lr: 0.0002, train/prefecth_time: 0.0066 
[2025-03-01 01:06:43,913 INFO] 148224 iteration USE_EMA: False, train/sup_loss: 5.3779, train/unsup_loss: 0.0000, train/total_loss: 5.3779, train/util_ratio: 0.0000, train/run_time: 1.1420, lr: 0.0002, train/prefecth_time: 0.0094 
[2025-03-01 01:11:43,939 INFO] 148480 iteration USE_EMA: False, train/sup_loss: 5.3786, train/unsup_loss: 0.0000, train/total_loss: 5.3786, train/util_ratio: 0.0000, train/run_time: 1.1510, lr: 0.0002, train/prefecth_time: 0.0063 
[2025-03-01 01:16:44,701 INFO] 148736 iteration USE_EMA: False, train/sup_loss: 4.8048, train/unsup_loss: 0.0000, train/total_loss: 4.8048, train/util_ratio: 0.0000, train/run_time: 1.1454, lr: 0.0002, train/prefecth_time: 0.0073 
[2025-03-01 01:21:44,768 INFO] 148992 iteration USE_EMA: False, train/sup_loss: 5.1203, train/unsup_loss: 0.0000, train/total_loss: 5.1203, train/util_ratio: 0.0000, train/run_time: 1.1421, lr: 0.0002, train/prefecth_time: 0.0060 
[2025-03-01 01:26:44,733 INFO] 149248 iteration USE_EMA: False, train/sup_loss: 3.3189, train/unsup_loss: 0.0000, train/total_loss: 3.3189, train/util_ratio: 0.0000, train/run_time: 1.1433, lr: 0.0002, train/prefecth_time: 0.0072 
[2025-03-01 01:31:44,546 INFO] validating...
/home/zakerian/miniconda3/envs/usb/lib/python3.8/site-packages/sklearn/metrics/_classification.py:1471: UndefinedMetricWarning: Precision is ill-defined and being set to 0.0 in labels with no predicted samples. Use `zero_division` parameter to control this behavior.
  _warn_prf(average, modifier, msg_start, len(result))
[2025-03-01 01:33:16,149 INFO] confusion matrix:
[[0.00356633 0.0010699  0.00142653 ... 0.00356633 0.00392297 0.00178317]
 [0.         0.         0.         ... 0.         0.         0.        ]
 [0.         0.         0.         ... 0.         0.         0.        ]
 ...
 [0.         0.         0.         ... 0.         0.         0.        ]
 [0.         0.         0.         ... 0.         0.         0.        ]
 [0.         0.         0.         ... 0.         0.         0.        ]]
[2025-03-01 01:33:22,628 INFO] model saved: ./saved_models/usb_cv/fixmatch_market1501_transReid_4label/latest_model.pth
[2025-03-01 01:33:22,630 INFO] 149504 iteration, USE_EMA: False, train/sup_loss: 4.5770, train/unsup_loss: 0.0000, train/total_loss: 4.5770, train/util_ratio: 0.0000, train/run_time: 1.1448, eval/loss: 9.5095, eval/top-1-acc: 0.0016, eval/top-5-acc: 0.0084, eval/balanced_acc: 0.0014, eval/precision: 0.0010, eval/recall: 0.0014, eval/F1: 0.0008, eval/rank-1: 0.0016, eval/rank-5: 0.0084, eval/rank-10: 0.0163, eval/mAP: 0.0105, lr: 0.0002, train/prefecth_time: 0.0062 BEST_EVAL_ACC: 0.0036, at 28672 iters
[2025-03-01 01:38:23,414 INFO] 149760 iteration USE_EMA: False, train/sup_loss: 5.5543, train/unsup_loss: 0.0000, train/total_loss: 5.5543, train/util_ratio: 0.0000, train/run_time: 1.1523, lr: 0.0002, train/prefecth_time: 0.0060 
[2025-03-01 01:43:23,340 INFO] 150016 iteration USE_EMA: False, train/sup_loss: 4.6670, train/unsup_loss: 0.0000, train/total_loss: 4.6670, train/util_ratio: 0.0000, train/run_time: 1.1595, lr: 0.0002, train/prefecth_time: 0.0094 
[2025-03-01 01:48:23,304 INFO] 150272 iteration USE_EMA: False, train/sup_loss: 6.1668, train/unsup_loss: 0.0000, train/total_loss: 6.1668, train/util_ratio: 0.0000, train/run_time: 1.1361, lr: 0.0002, train/prefecth_time: 0.0064 
[2025-03-01 01:53:22,983 INFO] 150528 iteration USE_EMA: False, train/sup_loss: 4.7496, train/unsup_loss: 0.0000, train/total_loss: 4.7496, train/util_ratio: 0.0000, train/run_time: 1.1485, lr: 0.0002, train/prefecth_time: 0.0061 
[2025-03-01 01:58:23,513 INFO] 150784 iteration USE_EMA: False, train/sup_loss: 4.5070, train/unsup_loss: 0.0000, train/total_loss: 4.5070, train/util_ratio: 0.0000, train/run_time: 1.1449, lr: 0.0002, train/prefecth_time: 0.0093 
[2025-03-01 02:03:23,329 INFO] 151040 iteration USE_EMA: False, train/sup_loss: 4.7064, train/unsup_loss: 0.0000, train/total_loss: 4.7064, train/util_ratio: 0.0000, train/run_time: 1.1427, lr: 0.0002, train/prefecth_time: 0.0069 
[2025-03-01 02:08:23,026 INFO] 151296 iteration USE_EMA: False, train/sup_loss: 5.3037, train/unsup_loss: 0.0000, train/total_loss: 5.3037, train/util_ratio: 0.0000, train/run_time: 1.1453, lr: 0.0002, train/prefecth_time: 0.0069 
[2025-03-01 02:13:22,695 INFO] validating...
/home/zakerian/miniconda3/envs/usb/lib/python3.8/site-packages/sklearn/metrics/_classification.py:1471: UndefinedMetricWarning: Precision is ill-defined and being set to 0.0 in labels with no predicted samples. Use `zero_division` parameter to control this behavior.
  _warn_prf(average, modifier, msg_start, len(result))
[2025-03-01 02:14:54,749 INFO] confusion matrix:
[[0.00071327 0.00178317 0.         ... 0.0021398  0.00035663 0.00285307]
 [0.         0.         0.         ... 0.         0.         0.        ]
 [0.         0.         0.         ... 0.         0.         0.        ]
 ...
 [0.         0.         0.         ... 0.         0.         0.        ]
 [0.         0.         0.         ... 0.         0.         0.        ]
 [0.         0.         0.         ... 0.         0.         0.        ]]
[2025-03-01 02:15:01,213 INFO] model saved: ./saved_models/usb_cv/fixmatch_market1501_transReid_4label/latest_model.pth
[2025-03-01 02:15:01,215 INFO] 151552 iteration, USE_EMA: False, train/sup_loss: 5.3121, train/unsup_loss: 0.0000, train/total_loss: 5.3121, train/util_ratio: 0.0000, train/run_time: 1.1355, eval/loss: 9.7726, eval/top-1-acc: 0.0012, eval/top-5-acc: 0.0063, eval/balanced_acc: 0.0012, eval/precision: 0.0009, eval/recall: 0.0012, eval/F1: 0.0008, eval/rank-1: 0.0012, eval/rank-5: 0.0063, eval/rank-10: 0.0134, eval/mAP: 0.0093, lr: 0.0002, train/prefecth_time: 0.0057 BEST_EVAL_ACC: 0.0036, at 28672 iters
[2025-03-01 02:20:01,804 INFO] 151808 iteration USE_EMA: False, train/sup_loss: 4.8558, train/unsup_loss: 0.0000, train/total_loss: 4.8558, train/util_ratio: 0.0000, train/run_time: 1.1440, lr: 0.0002, train/prefecth_time: 0.0066 
[2025-03-01 02:25:01,580 INFO] 152064 iteration USE_EMA: False, train/sup_loss: 5.2766, train/unsup_loss: 0.0000, train/total_loss: 5.2766, train/util_ratio: 0.0000, train/run_time: 1.1511, lr: 0.0002, train/prefecth_time: 0.0066 
[2025-03-01 02:30:01,375 INFO] 152320 iteration USE_EMA: False, train/sup_loss: 5.2341, train/unsup_loss: 0.0000, train/total_loss: 5.2341, train/util_ratio: 0.0000, train/run_time: 1.1416, lr: 0.0002, train/prefecth_time: 0.0066 
[2025-03-01 02:35:01,025 INFO] 152576 iteration USE_EMA: False, train/sup_loss: 6.2064, train/unsup_loss: 0.0000, train/total_loss: 6.2064, train/util_ratio: 0.0000, train/run_time: 1.1438, lr: 0.0002, train/prefecth_time: 0.0056 
[2025-03-01 02:40:01,245 INFO] 152832 iteration USE_EMA: False, train/sup_loss: 3.9442, train/unsup_loss: 0.0000, train/total_loss: 3.9442, train/util_ratio: 0.0000, train/run_time: 1.1547, lr: 0.0002, train/prefecth_time: 0.0065 
[2025-03-01 02:45:00,754 INFO] 153088 iteration USE_EMA: False, train/sup_loss: 4.9921, train/unsup_loss: 0.0000, train/total_loss: 4.9921, train/util_ratio: 0.0000, train/run_time: 1.1473, lr: 0.0002, train/prefecth_time: 0.0067 
[2025-03-01 02:50:00,554 INFO] 153344 iteration USE_EMA: False, train/sup_loss: 5.0161, train/unsup_loss: 0.0000, train/total_loss: 5.0161, train/util_ratio: 0.0000, train/run_time: 1.1543, lr: 0.0002, train/prefecth_time: 0.0068 
[2025-03-01 02:55:00,305 INFO] validating...
/home/zakerian/miniconda3/envs/usb/lib/python3.8/site-packages/sklearn/metrics/_classification.py:1471: UndefinedMetricWarning: Precision is ill-defined and being set to 0.0 in labels with no predicted samples. Use `zero_division` parameter to control this behavior.
  _warn_prf(average, modifier, msg_start, len(result))
[2025-03-01 02:56:32,112 INFO] confusion matrix:
[[0.0021398  0.0021398  0.00178317 ... 0.00285307 0.         0.00606277]
 [0.         0.         0.         ... 0.         0.         0.        ]
 [0.         0.         0.         ... 0.         0.         0.        ]
 ...
 [0.         0.         0.         ... 0.         0.         0.03125   ]
 [0.         0.         0.03846154 ... 0.         0.         0.        ]
 [0.         0.         0.         ... 0.         0.         0.        ]]
[2025-03-01 02:56:38,593 INFO] model saved: ./saved_models/usb_cv/fixmatch_market1501_transReid_4label/latest_model.pth
[2025-03-01 02:56:38,595 INFO] 153600 iteration, USE_EMA: False, train/sup_loss: 5.2077, train/unsup_loss: 0.0000, train/total_loss: 5.2077, train/util_ratio: 0.0000, train/run_time: 1.1577, eval/loss: 9.9294, eval/top-1-acc: 0.0018, eval/top-5-acc: 0.0070, eval/balanced_acc: 0.0020, eval/precision: 0.0025, eval/recall: 0.0020, eval/F1: 0.0011, eval/rank-1: 0.0018, eval/rank-5: 0.0070, eval/rank-10: 0.0143, eval/mAP: 0.0100, lr: 0.0002, train/prefecth_time: 0.0060 BEST_EVAL_ACC: 0.0036, at 28672 iters
[2025-03-01 03:01:39,410 INFO] 153856 iteration USE_EMA: False, train/sup_loss: 4.5182, train/unsup_loss: 0.0000, train/total_loss: 4.5182, train/util_ratio: 0.0000, train/run_time: 1.1453, lr: 0.0002, train/prefecth_time: 0.0067 
[2025-03-01 03:06:39,395 INFO] 154112 iteration USE_EMA: False, train/sup_loss: 4.2185, train/unsup_loss: 0.0000, train/total_loss: 4.2185, train/util_ratio: 0.0000, train/run_time: 1.1455, lr: 0.0002, train/prefecth_time: 0.0067 
[2025-03-01 03:11:39,434 INFO] 154368 iteration USE_EMA: False, train/sup_loss: 5.5632, train/unsup_loss: 0.0000, train/total_loss: 5.5632, train/util_ratio: 0.0000, train/run_time: 1.1479, lr: 0.0002, train/prefecth_time: 0.0074 
[2025-03-01 03:16:39,278 INFO] 154624 iteration USE_EMA: False, train/sup_loss: 4.6779, train/unsup_loss: 0.0000, train/total_loss: 4.6779, train/util_ratio: 0.0000, train/run_time: 1.1450, lr: 0.0002, train/prefecth_time: 0.0058 
[2025-03-01 03:21:39,972 INFO] 154880 iteration USE_EMA: False, train/sup_loss: 5.6066, train/unsup_loss: 0.0000, train/total_loss: 5.6066, train/util_ratio: 0.0000, train/run_time: 1.1468, lr: 0.0002, train/prefecth_time: 0.0066 
[2025-03-01 03:26:39,732 INFO] 155136 iteration USE_EMA: False, train/sup_loss: 3.9670, train/unsup_loss: 0.0000, train/total_loss: 3.9670, train/util_ratio: 0.0000, train/run_time: 1.1500, lr: 0.0002, train/prefecth_time: 0.0065 
[2025-03-01 03:31:39,469 INFO] 155392 iteration USE_EMA: False, train/sup_loss: 5.0767, train/unsup_loss: 0.0000, train/total_loss: 5.0767, train/util_ratio: 0.0000, train/run_time: 1.1423, lr: 0.0002, train/prefecth_time: 0.0062 
[2025-03-01 03:36:39,503 INFO] validating...
/home/zakerian/miniconda3/envs/usb/lib/python3.8/site-packages/sklearn/metrics/_classification.py:1471: UndefinedMetricWarning: Precision is ill-defined and being set to 0.0 in labels with no predicted samples. Use `zero_division` parameter to control this behavior.
  _warn_prf(average, modifier, msg_start, len(result))
[2025-03-01 03:38:11,243 INFO] confusion matrix:
[[0.00035663 0.00356633 0.00071327 ... 0.00463623 0.         0.00499287]
 [0.         0.03125    0.         ... 0.         0.         0.03125   ]
 [0.         0.         0.         ... 0.         0.         0.        ]
 ...
 [0.         0.         0.         ... 0.0625     0.03125    0.        ]
 [0.         0.         0.         ... 0.         0.         0.        ]
 [0.         0.         0.         ... 0.         0.         0.        ]]
[2025-03-01 03:38:17,708 INFO] model saved: ./saved_models/usb_cv/fixmatch_market1501_transReid_4label/latest_model.pth
[2025-03-01 03:38:17,710 INFO] 155648 iteration, USE_EMA: False, train/sup_loss: 5.3873, train/unsup_loss: 0.0000, train/total_loss: 5.3873, train/util_ratio: 0.0000, train/run_time: 1.1399, eval/loss: 10.0876, eval/top-1-acc: 0.0016, eval/top-5-acc: 0.0061, eval/balanced_acc: 0.0017, eval/precision: 0.0012, eval/recall: 0.0017, eval/F1: 0.0011, eval/rank-1: 0.0016, eval/rank-5: 0.0061, eval/rank-10: 0.0126, eval/mAP: 0.0094, lr: 0.0002, train/prefecth_time: 0.0062 BEST_EVAL_ACC: 0.0036, at 28672 iters
[2025-03-01 03:43:18,426 INFO] 155904 iteration USE_EMA: False, train/sup_loss: 4.0356, train/unsup_loss: 0.0000, train/total_loss: 4.0356, train/util_ratio: 0.0000, train/run_time: 1.1515, lr: 0.0002, train/prefecth_time: 0.0062 
[2025-03-01 03:48:18,403 INFO] 156160 iteration USE_EMA: False, train/sup_loss: 4.1130, train/unsup_loss: 0.0000, train/total_loss: 4.1130, train/util_ratio: 0.0000, train/run_time: 1.1534, lr: 0.0002, train/prefecth_time: 0.0062 
[2025-03-01 03:53:18,529 INFO] 156416 iteration USE_EMA: False, train/sup_loss: 5.6531, train/unsup_loss: 0.0000, train/total_loss: 5.6531, train/util_ratio: 0.0000, train/run_time: 1.1535, lr: 0.0002, train/prefecth_time: 0.0067 
[2025-03-01 03:58:18,654 INFO] 156672 iteration USE_EMA: False, train/sup_loss: 5.4382, train/unsup_loss: 0.0000, train/total_loss: 5.4382, train/util_ratio: 0.0000, train/run_time: 1.1415, lr: 0.0002, train/prefecth_time: 0.0063 
[2025-03-01 04:03:19,422 INFO] 156928 iteration USE_EMA: False, train/sup_loss: 5.1104, train/unsup_loss: 0.0000, train/total_loss: 5.1104, train/util_ratio: 0.0000, train/run_time: 1.1468, lr: 0.0002, train/prefecth_time: 0.0060 
[2025-03-01 04:08:19,534 INFO] 157184 iteration USE_EMA: False, train/sup_loss: 4.2839, train/unsup_loss: 0.0000, train/total_loss: 4.2839, train/util_ratio: 0.0000, train/run_time: 1.1571, lr: 0.0002, train/prefecth_time: 0.0070 
[2025-03-01 04:13:19,642 INFO] 157440 iteration USE_EMA: False, train/sup_loss: 3.8234, train/unsup_loss: 0.0000, train/total_loss: 3.8234, train/util_ratio: 0.0000, train/run_time: 1.1453, lr: 0.0002, train/prefecth_time: 0.0063 
[2025-03-01 04:18:19,550 INFO] validating...
/home/zakerian/miniconda3/envs/usb/lib/python3.8/site-packages/sklearn/metrics/_classification.py:1471: UndefinedMetricWarning: Precision is ill-defined and being set to 0.0 in labels with no predicted samples. Use `zero_division` parameter to control this behavior.
  _warn_prf(average, modifier, msg_start, len(result))
[2025-03-01 04:19:51,378 INFO] confusion matrix:
[[0.0021398  0.00035663 0.00071327 ... 0.0010699  0.         0.00178317]
 [0.         0.         0.         ... 0.         0.         0.        ]
 [0.         0.         0.         ... 0.         0.         0.        ]
 ...
 [0.         0.         0.         ... 0.         0.         0.        ]
 [0.         0.         0.         ... 0.         0.         0.        ]
 [0.         0.         0.         ... 0.         0.         0.        ]]
[2025-03-01 04:19:57,832 INFO] model saved: ./saved_models/usb_cv/fixmatch_market1501_transReid_4label/latest_model.pth
[2025-03-01 04:19:57,834 INFO] 157696 iteration, USE_EMA: False, train/sup_loss: 5.3229, train/unsup_loss: 0.0000, train/total_loss: 5.3229, train/util_ratio: 0.0000, train/run_time: 1.1459, eval/loss: 10.3333, eval/top-1-acc: 0.0015, eval/top-5-acc: 0.0067, eval/balanced_acc: 0.0014, eval/precision: 0.0016, eval/recall: 0.0014, eval/F1: 0.0009, eval/rank-1: 0.0015, eval/rank-5: 0.0067, eval/rank-10: 0.0136, eval/mAP: 0.0096, lr: 0.0002, train/prefecth_time: 0.0065 BEST_EVAL_ACC: 0.0036, at 28672 iters
[2025-03-01 04:24:58,510 INFO] 157952 iteration USE_EMA: False, train/sup_loss: 3.8810, train/unsup_loss: 0.0000, train/total_loss: 3.8810, train/util_ratio: 0.0000, train/run_time: 1.1525, lr: 0.0002, train/prefecth_time: 0.0062 
[2025-03-01 04:29:58,303 INFO] 158208 iteration USE_EMA: False, train/sup_loss: 4.0752, train/unsup_loss: 0.0000, train/total_loss: 4.0752, train/util_ratio: 0.0000, train/run_time: 1.1529, lr: 0.0002, train/prefecth_time: 0.0064 
[2025-03-01 04:34:58,047 INFO] 158464 iteration USE_EMA: False, train/sup_loss: 4.6144, train/unsup_loss: 0.0000, train/total_loss: 4.6144, train/util_ratio: 0.0000, train/run_time: 1.1450, lr: 0.0002, train/prefecth_time: 0.0064 
[2025-03-01 04:39:58,048 INFO] 158720 iteration USE_EMA: False, train/sup_loss: 5.0292, train/unsup_loss: 0.0000, train/total_loss: 5.0292, train/util_ratio: 0.0000, train/run_time: 1.1442, lr: 0.0002, train/prefecth_time: 0.0060 
[2025-03-01 04:44:58,931 INFO] 158976 iteration USE_EMA: False, train/sup_loss: 4.2139, train/unsup_loss: 0.0000, train/total_loss: 4.2139, train/util_ratio: 0.0000, train/run_time: 1.1479, lr: 0.0002, train/prefecth_time: 0.0065 
[2025-03-01 04:49:59,226 INFO] 159232 iteration USE_EMA: False, train/sup_loss: 4.0049, train/unsup_loss: 0.0000, train/total_loss: 4.0049, train/util_ratio: 0.0000, train/run_time: 1.1409, lr: 0.0002, train/prefecth_time: 0.0071 
[2025-03-01 04:54:59,372 INFO] 159488 iteration USE_EMA: False, train/sup_loss: 4.8502, train/unsup_loss: 0.0000, train/total_loss: 4.8502, train/util_ratio: 0.0000, train/run_time: 1.1644, lr: 0.0002, train/prefecth_time: 0.0065 
[2025-03-01 04:59:59,231 INFO] validating...
/home/zakerian/miniconda3/envs/usb/lib/python3.8/site-packages/sklearn/metrics/_classification.py:1471: UndefinedMetricWarning: Precision is ill-defined and being set to 0.0 in labels with no predicted samples. Use `zero_division` parameter to control this behavior.
  _warn_prf(average, modifier, msg_start, len(result))
[2025-03-01 05:01:31,282 INFO] confusion matrix:
[[0.00035663 0.0032097  0.00142653 ... 0.00142653 0.00071327 0.00356633]
 [0.         0.         0.         ... 0.         0.         0.        ]
 [0.         0.         0.         ... 0.         0.         0.        ]
 ...
 [0.         0.         0.         ... 0.         0.         0.        ]
 [0.         0.03846154 0.         ... 0.         0.         0.        ]
 [0.         0.         0.         ... 0.         0.         0.        ]]
[2025-03-01 05:01:37,757 INFO] model saved: ./saved_models/usb_cv/fixmatch_market1501_transReid_4label/latest_model.pth
[2025-03-01 05:01:37,759 INFO] 159744 iteration, USE_EMA: False, train/sup_loss: 4.5893, train/unsup_loss: 0.0000, train/total_loss: 4.5893, train/util_ratio: 0.0000, train/run_time: 1.1446, eval/loss: 10.1568, eval/top-1-acc: 0.0015, eval/top-5-acc: 0.0072, eval/balanced_acc: 0.0015, eval/precision: 0.0013, eval/recall: 0.0015, eval/F1: 0.0008, eval/rank-1: 0.0015, eval/rank-5: 0.0072, eval/rank-10: 0.0132, eval/mAP: 0.0097, lr: 0.0002, train/prefecth_time: 0.0064 BEST_EVAL_ACC: 0.0036, at 28672 iters
[2025-03-01 05:06:37,984 INFO] 160000 iteration USE_EMA: False, train/sup_loss: 4.8703, train/unsup_loss: 0.0000, train/total_loss: 4.8703, train/util_ratio: 0.0000, train/run_time: 1.1533, lr: 0.0002, train/prefecth_time: 0.0065 
[2025-03-01 05:11:37,345 INFO] 160256 iteration USE_EMA: False, train/sup_loss: 5.9071, train/unsup_loss: 0.0000, train/total_loss: 5.9071, train/util_ratio: 0.0000, train/run_time: 1.1435, lr: 0.0002, train/prefecth_time: 0.0092 
[2025-03-01 05:16:36,758 INFO] 160512 iteration USE_EMA: False, train/sup_loss: 4.3607, train/unsup_loss: 0.0000, train/total_loss: 4.3607, train/util_ratio: 0.0000, train/run_time: 1.1470, lr: 0.0002, train/prefecth_time: 0.0066 
[2025-03-01 05:21:36,207 INFO] 160768 iteration USE_EMA: False, train/sup_loss: 4.7178, train/unsup_loss: 0.0000, train/total_loss: 4.7178, train/util_ratio: 0.0000, train/run_time: 1.1357, lr: 0.0002, train/prefecth_time: 0.0056 
[2025-03-01 05:26:36,362 INFO] 161024 iteration USE_EMA: False, train/sup_loss: 4.3421, train/unsup_loss: 0.0000, train/total_loss: 4.3421, train/util_ratio: 0.0000, train/run_time: 1.1515, lr: 0.0002, train/prefecth_time: 0.0067 
[2025-03-01 05:31:35,677 INFO] 161280 iteration USE_EMA: False, train/sup_loss: 5.4604, train/unsup_loss: 0.0000, train/total_loss: 5.4604, train/util_ratio: 0.0000, train/run_time: 1.1462, lr: 0.0002, train/prefecth_time: 0.0065 
[2025-03-01 05:36:35,065 INFO] 161536 iteration USE_EMA: False, train/sup_loss: 5.4546, train/unsup_loss: 0.0000, train/total_loss: 5.4546, train/util_ratio: 0.0000, train/run_time: 1.1481, lr: 0.0002, train/prefecth_time: 0.0065 
[2025-03-01 05:41:34,563 INFO] validating...
/home/zakerian/miniconda3/envs/usb/lib/python3.8/site-packages/sklearn/metrics/_classification.py:1471: UndefinedMetricWarning: Precision is ill-defined and being set to 0.0 in labels with no predicted samples. Use `zero_division` parameter to control this behavior.
  _warn_prf(average, modifier, msg_start, len(result))
[2025-03-01 05:43:06,841 INFO] confusion matrix:
[[0.00071327 0.00035663 0.00178317 ... 0.00071327 0.00035663 0.00392297]
 [0.         0.         0.         ... 0.         0.         0.        ]
 [0.         0.         0.         ... 0.         0.         0.        ]
 ...
 [0.         0.         0.         ... 0.         0.03125    0.        ]
 [0.         0.         0.         ... 0.         0.         0.        ]
 [0.         0.         0.         ... 0.         0.         0.        ]]
[2025-03-01 05:43:13,305 INFO] model saved: ./saved_models/usb_cv/fixmatch_market1501_transReid_4label/latest_model.pth
[2025-03-01 05:43:13,307 INFO] 161792 iteration, USE_EMA: False, train/sup_loss: 4.1322, train/unsup_loss: 0.0000, train/total_loss: 4.1322, train/util_ratio: 0.0000, train/run_time: 1.1408, eval/loss: 10.0216, eval/top-1-acc: 0.0013, eval/top-5-acc: 0.0077, eval/balanced_acc: 0.0014, eval/precision: 0.0009, eval/recall: 0.0014, eval/F1: 0.0009, eval/rank-1: 0.0013, eval/rank-5: 0.0077, eval/rank-10: 0.0142, eval/mAP: 0.0102, lr: 0.0002, train/prefecth_time: 0.0061 BEST_EVAL_ACC: 0.0036, at 28672 iters
[2025-03-01 05:48:13,941 INFO] 162048 iteration USE_EMA: False, train/sup_loss: 3.9977, train/unsup_loss: 0.0000, train/total_loss: 3.9977, train/util_ratio: 0.0000, train/run_time: 1.1450, lr: 0.0002, train/prefecth_time: 0.0067 
[2025-03-01 05:53:13,823 INFO] 162304 iteration USE_EMA: False, train/sup_loss: 5.3678, train/unsup_loss: 0.0000, train/total_loss: 5.3678, train/util_ratio: 0.0000, train/run_time: 1.1581, lr: 0.0002, train/prefecth_time: 0.0066 
[2025-03-01 05:58:13,657 INFO] 162560 iteration USE_EMA: False, train/sup_loss: 5.3452, train/unsup_loss: 0.0000, train/total_loss: 5.3452, train/util_ratio: 0.0000, train/run_time: 1.1485, lr: 0.0002, train/prefecth_time: 0.0066 
[2025-03-01 06:03:13,517 INFO] 162816 iteration USE_EMA: False, train/sup_loss: 4.5844, train/unsup_loss: 0.0000, train/total_loss: 4.5844, train/util_ratio: 0.0000, train/run_time: 1.1437, lr: 0.0002, train/prefecth_time: 0.0063 
[2025-03-01 06:08:14,376 INFO] 163072 iteration USE_EMA: False, train/sup_loss: 4.9837, train/unsup_loss: 0.0000, train/total_loss: 4.9837, train/util_ratio: 0.0000, train/run_time: 1.1451, lr: 0.0002, train/prefecth_time: 0.0070 
[2025-03-01 06:13:14,289 INFO] 163328 iteration USE_EMA: False, train/sup_loss: 5.0850, train/unsup_loss: 0.0000, train/total_loss: 5.0850, train/util_ratio: 0.0000, train/run_time: 1.1502, lr: 0.0002, train/prefecth_time: 0.0065 
[2025-03-01 06:18:14,331 INFO] 163584 iteration USE_EMA: False, train/sup_loss: 4.1388, train/unsup_loss: 0.0000, train/total_loss: 4.1388, train/util_ratio: 0.0000, train/run_time: 1.1483, lr: 0.0002, train/prefecth_time: 0.0071 
[2025-03-01 06:23:14,289 INFO] validating...
/home/zakerian/miniconda3/envs/usb/lib/python3.8/site-packages/sklearn/metrics/_classification.py:1471: UndefinedMetricWarning: Precision is ill-defined and being set to 0.0 in labels with no predicted samples. Use `zero_division` parameter to control this behavior.
  _warn_prf(average, modifier, msg_start, len(result))
[2025-03-01 06:24:46,413 INFO] confusion matrix:
[[0.00035663 0.00285307 0.00285307 ... 0.0010699  0.         0.00392297]
 [0.         0.         0.         ... 0.         0.         0.        ]
 [0.         0.         0.         ... 0.         0.         0.        ]
 ...
 [0.         0.         0.         ... 0.         0.         0.03125   ]
 [0.         0.         0.         ... 0.         0.         0.        ]
 [0.         0.         0.         ... 0.         0.         0.        ]]
[2025-03-01 06:24:52,895 INFO] model saved: ./saved_models/usb_cv/fixmatch_market1501_transReid_4label/latest_model.pth
[2025-03-01 06:24:52,897 INFO] 163840 iteration, USE_EMA: False, train/sup_loss: 4.4969, train/unsup_loss: 0.0000, train/total_loss: 4.4969, train/util_ratio: 0.0000, train/run_time: 1.1404, eval/loss: 10.0736, eval/top-1-acc: 0.0012, eval/top-5-acc: 0.0056, eval/balanced_acc: 0.0014, eval/precision: 0.0006, eval/recall: 0.0014, eval/F1: 0.0007, eval/rank-1: 0.0012, eval/rank-5: 0.0056, eval/rank-10: 0.0121, eval/mAP: 0.0090, lr: 0.0002, train/prefecth_time: 0.0059 BEST_EVAL_ACC: 0.0036, at 28672 iters
[2025-03-01 06:29:53,090 INFO] 164096 iteration USE_EMA: False, train/sup_loss: 4.2461, train/unsup_loss: 0.0000, train/total_loss: 4.2461, train/util_ratio: 0.0000, train/run_time: 1.1458, lr: 0.0002, train/prefecth_time: 0.0063 
[2025-03-01 06:34:52,346 INFO] 164352 iteration USE_EMA: False, train/sup_loss: 4.5150, train/unsup_loss: 0.0000, train/total_loss: 4.5150, train/util_ratio: 0.0000, train/run_time: 1.1497, lr: 0.0002, train/prefecth_time: 0.0068 
[2025-03-01 06:39:51,826 INFO] 164608 iteration USE_EMA: False, train/sup_loss: 4.6265, train/unsup_loss: 0.0000, train/total_loss: 4.6265, train/util_ratio: 0.0000, train/run_time: 1.1465, lr: 0.0002, train/prefecth_time: 0.0069 
[2025-03-01 06:44:51,184 INFO] 164864 iteration USE_EMA: False, train/sup_loss: 4.0865, train/unsup_loss: 0.0000, train/total_loss: 4.0865, train/util_ratio: 0.0000, train/run_time: 1.1448, lr: 0.0002, train/prefecth_time: 0.0063 
[2025-03-01 06:49:51,240 INFO] 165120 iteration USE_EMA: False, train/sup_loss: 3.5409, train/unsup_loss: 0.0000, train/total_loss: 3.5409, train/util_ratio: 0.0000, train/run_time: 1.1418, lr: 0.0002, train/prefecth_time: 0.0067 
[2025-03-01 06:54:50,671 INFO] 165376 iteration USE_EMA: False, train/sup_loss: 5.0892, train/unsup_loss: 0.0000, train/total_loss: 5.0892, train/util_ratio: 0.0000, train/run_time: 1.1479, lr: 0.0002, train/prefecth_time: 0.0070 
[2025-03-01 06:59:50,075 INFO] 165632 iteration USE_EMA: False, train/sup_loss: 5.2262, train/unsup_loss: 0.0000, train/total_loss: 5.2262, train/util_ratio: 0.0000, train/run_time: 1.1397, lr: 0.0002, train/prefecth_time: 0.0062 
[2025-03-01 07:04:49,603 INFO] validating...
/home/zakerian/miniconda3/envs/usb/lib/python3.8/site-packages/sklearn/metrics/_classification.py:1471: UndefinedMetricWarning: Precision is ill-defined and being set to 0.0 in labels with no predicted samples. Use `zero_division` parameter to control this behavior.
  _warn_prf(average, modifier, msg_start, len(result))
[2025-03-01 07:06:21,671 INFO] confusion matrix:
[[0.00035663 0.00142653 0.00071327 ... 0.00142653 0.00071327 0.00178317]
 [0.         0.         0.         ... 0.015625   0.         0.        ]
 [0.         0.         0.         ... 0.         0.         0.        ]
 ...
 [0.         0.         0.         ... 0.         0.         0.        ]
 [0.         0.         0.         ... 0.         0.         0.        ]
 [0.         0.         0.         ... 0.         0.         0.        ]]
[2025-03-01 07:06:28,152 INFO] model saved: ./saved_models/usb_cv/fixmatch_market1501_transReid_4label/latest_model.pth
[2025-03-01 07:06:28,154 INFO] 165888 iteration, USE_EMA: False, train/sup_loss: 5.0417, train/unsup_loss: 0.0000, train/total_loss: 5.0417, train/util_ratio: 0.0000, train/run_time: 1.1494, eval/loss: 10.5321, eval/top-1-acc: 0.0016, eval/top-5-acc: 0.0073, eval/balanced_acc: 0.0017, eval/precision: 0.0015, eval/recall: 0.0017, eval/F1: 0.0011, eval/rank-1: 0.0016, eval/rank-5: 0.0073, eval/rank-10: 0.0143, eval/mAP: 0.0098, lr: 0.0002, train/prefecth_time: 0.0061 BEST_EVAL_ACC: 0.0036, at 28672 iters
[2025-03-01 07:11:28,470 INFO] 166144 iteration USE_EMA: False, train/sup_loss: 4.9567, train/unsup_loss: 0.0000, train/total_loss: 4.9567, train/util_ratio: 0.0000, train/run_time: 1.1404, lr: 0.0002, train/prefecth_time: 0.0059 
[2025-03-01 07:16:27,809 INFO] 166400 iteration USE_EMA: False, train/sup_loss: 4.3847, train/unsup_loss: 0.0000, train/total_loss: 4.3847, train/util_ratio: 0.0000, train/run_time: 1.1425, lr: 0.0002, train/prefecth_time: 0.0069 
[2025-03-01 07:21:27,278 INFO] 166656 iteration USE_EMA: False, train/sup_loss: 4.0220, train/unsup_loss: 0.0000, train/total_loss: 4.0220, train/util_ratio: 0.0000, train/run_time: 1.1399, lr: 0.0002, train/prefecth_time: 0.0063 
[2025-03-01 07:26:26,767 INFO] 166912 iteration USE_EMA: False, train/sup_loss: 2.8562, train/unsup_loss: 0.0000, train/total_loss: 2.8562, train/util_ratio: 0.0000, train/run_time: 1.1536, lr: 0.0002, train/prefecth_time: 0.0059 
[2025-03-01 07:31:26,983 INFO] 167168 iteration USE_EMA: False, train/sup_loss: 5.6246, train/unsup_loss: 0.0000, train/total_loss: 5.6246, train/util_ratio: 0.0000, train/run_time: 1.1368, lr: 0.0002, train/prefecth_time: 0.0064 
[2025-03-01 07:36:26,565 INFO] 167424 iteration USE_EMA: False, train/sup_loss: 4.6504, train/unsup_loss: 0.0000, train/total_loss: 4.6504, train/util_ratio: 0.0000, train/run_time: 1.1533, lr: 0.0002, train/prefecth_time: 0.0061 
[2025-03-01 07:41:25,865 INFO] 167680 iteration USE_EMA: False, train/sup_loss: 5.3005, train/unsup_loss: 0.0000, train/total_loss: 5.3005, train/util_ratio: 0.0000, train/run_time: 1.1382, lr: 0.0002, train/prefecth_time: 0.0065 
[2025-03-01 07:46:25,032 INFO] validating...
/home/zakerian/miniconda3/envs/usb/lib/python3.8/site-packages/sklearn/metrics/_classification.py:1471: UndefinedMetricWarning: Precision is ill-defined and being set to 0.0 in labels with no predicted samples. Use `zero_division` parameter to control this behavior.
  _warn_prf(average, modifier, msg_start, len(result))
[2025-03-01 07:47:56,759 INFO] confusion matrix:
[[0.00178317 0.00249643 0.00035663 ... 0.00071327 0.00035663 0.00285307]
 [0.         0.         0.         ... 0.         0.         0.        ]
 [0.         0.         0.         ... 0.         0.         0.        ]
 ...
 [0.         0.03125    0.         ... 0.         0.         0.        ]
 [0.         0.         0.         ... 0.         0.         0.        ]
 [0.         0.         0.         ... 0.         0.         0.        ]]
[2025-03-01 07:48:03,232 INFO] model saved: ./saved_models/usb_cv/fixmatch_market1501_transReid_4label/latest_model.pth
[2025-03-01 07:48:03,234 INFO] 167936 iteration, USE_EMA: False, train/sup_loss: 4.5993, train/unsup_loss: 0.0000, train/total_loss: 4.5993, train/util_ratio: 0.0000, train/run_time: 1.1382, eval/loss: 10.5473, eval/top-1-acc: 0.0016, eval/top-5-acc: 0.0075, eval/balanced_acc: 0.0018, eval/precision: 0.0020, eval/recall: 0.0018, eval/F1: 0.0012, eval/rank-1: 0.0016, eval/rank-5: 0.0075, eval/rank-10: 0.0138, eval/mAP: 0.0100, lr: 0.0002, train/prefecth_time: 0.0064 BEST_EVAL_ACC: 0.0036, at 28672 iters
[2025-03-01 07:53:03,337 INFO] 168192 iteration USE_EMA: False, train/sup_loss: 4.4296, train/unsup_loss: 0.0000, train/total_loss: 4.4296, train/util_ratio: 0.0000, train/run_time: 1.1350, lr: 0.0002, train/prefecth_time: 0.0069 
[2025-03-01 07:58:02,857 INFO] 168448 iteration USE_EMA: False, train/sup_loss: 5.3298, train/unsup_loss: 0.0000, train/total_loss: 5.3298, train/util_ratio: 0.0000, train/run_time: 1.1519, lr: 0.0002, train/prefecth_time: 0.0064 
[2025-03-01 08:03:02,138 INFO] 168704 iteration USE_EMA: False, train/sup_loss: 4.3836, train/unsup_loss: 0.0000, train/total_loss: 4.3836, train/util_ratio: 0.0000, train/run_time: 1.1475, lr: 0.0002, train/prefecth_time: 0.0067 
[2025-03-01 08:08:01,566 INFO] 168960 iteration USE_EMA: False, train/sup_loss: 4.3547, train/unsup_loss: 0.0000, train/total_loss: 4.3547, train/util_ratio: 0.0000, train/run_time: 1.1363, lr: 0.0002, train/prefecth_time: 0.0062 
[2025-03-01 08:13:01,618 INFO] 169216 iteration USE_EMA: False, train/sup_loss: 4.2976, train/unsup_loss: 0.0000, train/total_loss: 4.2976, train/util_ratio: 0.0000, train/run_time: 1.1423, lr: 0.0002, train/prefecth_time: 0.0065 
[2025-03-01 08:18:01,078 INFO] 169472 iteration USE_EMA: False, train/sup_loss: 4.4164, train/unsup_loss: 0.0000, train/total_loss: 4.4164, train/util_ratio: 0.0000, train/run_time: 1.1483, lr: 0.0002, train/prefecth_time: 0.0072 
[2025-03-01 08:23:00,351 INFO] 169728 iteration USE_EMA: False, train/sup_loss: 4.5545, train/unsup_loss: 0.0000, train/total_loss: 4.5545, train/util_ratio: 0.0000, train/run_time: 1.1410, lr: 0.0002, train/prefecth_time: 0.0065 
[2025-03-01 08:27:59,713 INFO] validating...
/home/zakerian/miniconda3/envs/usb/lib/python3.8/site-packages/sklearn/metrics/_classification.py:1471: UndefinedMetricWarning: Precision is ill-defined and being set to 0.0 in labels with no predicted samples. Use `zero_division` parameter to control this behavior.
  _warn_prf(average, modifier, msg_start, len(result))
[2025-03-01 08:29:31,207 INFO] confusion matrix:
[[0.00142653 0.         0.00071327 ... 0.00035663 0.         0.0010699 ]
 [0.         0.         0.015625   ... 0.         0.         0.        ]
 [0.         0.         0.         ... 0.         0.         0.        ]
 ...
 [0.         0.         0.         ... 0.         0.         0.03125   ]
 [0.         0.         0.         ... 0.         0.         0.        ]
 [0.         0.125      0.         ... 0.         0.         0.        ]]
[2025-03-01 08:29:37,667 INFO] model saved: ./saved_models/usb_cv/fixmatch_market1501_transReid_4label/latest_model.pth
[2025-03-01 08:29:37,669 INFO] 169984 iteration, USE_EMA: False, train/sup_loss: 3.0060, train/unsup_loss: 0.0000, train/total_loss: 3.0060, train/util_ratio: 0.0000, train/run_time: 1.1351, eval/loss: 10.6878, eval/top-1-acc: 0.0011, eval/top-5-acc: 0.0066, eval/balanced_acc: 0.0012, eval/precision: 0.0008, eval/recall: 0.0012, eval/F1: 0.0007, eval/rank-1: 0.0011, eval/rank-5: 0.0066, eval/rank-10: 0.0140, eval/mAP: 0.0094, lr: 0.0001, train/prefecth_time: 0.0061 BEST_EVAL_ACC: 0.0036, at 28672 iters
[2025-03-01 08:34:38,112 INFO] 170240 iteration USE_EMA: False, train/sup_loss: 5.0503, train/unsup_loss: 0.0000, train/total_loss: 5.0503, train/util_ratio: 0.0000, train/run_time: 1.1486, lr: 0.0001, train/prefecth_time: 0.0068 
[2025-03-01 08:39:38,003 INFO] 170496 iteration USE_EMA: False, train/sup_loss: 5.0895, train/unsup_loss: 0.0000, train/total_loss: 5.0895, train/util_ratio: 0.0000, train/run_time: 1.1505, lr: 0.0001, train/prefecth_time: 0.0101 
[2025-03-01 08:44:37,692 INFO] 170752 iteration USE_EMA: False, train/sup_loss: 3.9313, train/unsup_loss: 0.0000, train/total_loss: 3.9313, train/util_ratio: 0.0000, train/run_time: 1.1513, lr: 0.0001, train/prefecth_time: 0.0070 
[2025-03-01 08:49:37,332 INFO] 171008 iteration USE_EMA: False, train/sup_loss: 5.4976, train/unsup_loss: 0.0000, train/total_loss: 5.4976, train/util_ratio: 0.0000, train/run_time: 1.1442, lr: 0.0001, train/prefecth_time: 0.0063 
[2025-03-01 08:54:37,747 INFO] 171264 iteration USE_EMA: False, train/sup_loss: 4.9255, train/unsup_loss: 0.0000, train/total_loss: 4.9255, train/util_ratio: 0.0000, train/run_time: 1.1529, lr: 0.0001, train/prefecth_time: 0.0093 
[2025-03-01 08:59:37,209 INFO] 171520 iteration USE_EMA: False, train/sup_loss: 3.7362, train/unsup_loss: 0.0000, train/total_loss: 3.7362, train/util_ratio: 0.0000, train/run_time: 1.1421, lr: 0.0001, train/prefecth_time: 0.0070 
[2025-03-01 09:04:36,872 INFO] 171776 iteration USE_EMA: False, train/sup_loss: 3.5576, train/unsup_loss: 0.0000, train/total_loss: 3.5576, train/util_ratio: 0.0000, train/run_time: 1.1463, lr: 0.0001, train/prefecth_time: 0.0063 
[2025-03-01 09:09:36,558 INFO] validating...
/home/zakerian/miniconda3/envs/usb/lib/python3.8/site-packages/sklearn/metrics/_classification.py:1471: UndefinedMetricWarning: Precision is ill-defined and being set to 0.0 in labels with no predicted samples. Use `zero_division` parameter to control this behavior.
  _warn_prf(average, modifier, msg_start, len(result))
[2025-03-01 09:11:07,870 INFO] confusion matrix:
[[0.0010699  0.00178317 0.00071327 ... 0.00071327 0.00035663 0.0032097 ]
 [0.         0.         0.015625   ... 0.         0.         0.        ]
 [0.         0.         0.         ... 0.         0.         0.        ]
 ...
 [0.         0.         0.         ... 0.         0.         0.        ]
 [0.         0.         0.         ... 0.         0.         0.        ]
 [0.         0.         0.         ... 0.         0.         0.        ]]
[2025-03-01 09:11:14,355 INFO] model saved: ./saved_models/usb_cv/fixmatch_market1501_transReid_4label/latest_model.pth
[2025-03-01 09:11:14,357 INFO] 172032 iteration, USE_EMA: False, train/sup_loss: 5.2887, train/unsup_loss: 0.0000, train/total_loss: 5.2887, train/util_ratio: 0.0000, train/run_time: 1.1441, eval/loss: 10.6474, eval/top-1-acc: 0.0015, eval/top-5-acc: 0.0071, eval/balanced_acc: 0.0014, eval/precision: 0.0013, eval/recall: 0.0014, eval/F1: 0.0009, eval/rank-1: 0.0015, eval/rank-5: 0.0071, eval/rank-10: 0.0144, eval/mAP: 0.0099, lr: 0.0001, train/prefecth_time: 0.0062 BEST_EVAL_ACC: 0.0036, at 28672 iters
[2025-03-01 09:16:14,820 INFO] 172288 iteration USE_EMA: False, train/sup_loss: 4.7058, train/unsup_loss: 0.0000, train/total_loss: 4.7058, train/util_ratio: 0.0000, train/run_time: 1.1347, lr: 0.0001, train/prefecth_time: 0.0061 
[2025-03-01 09:21:14,451 INFO] 172544 iteration USE_EMA: False, train/sup_loss: 4.7577, train/unsup_loss: 0.0000, train/total_loss: 4.7577, train/util_ratio: 0.0000, train/run_time: 1.1478, lr: 0.0001, train/prefecth_time: 0.0063 
[2025-03-01 09:26:14,012 INFO] 172800 iteration USE_EMA: False, train/sup_loss: 3.4984, train/unsup_loss: 0.0000, train/total_loss: 3.4984, train/util_ratio: 0.0000, train/run_time: 1.1441, lr: 0.0001, train/prefecth_time: 0.0063 
[2025-03-01 09:31:13,909 INFO] 173056 iteration USE_EMA: False, train/sup_loss: 4.6093, train/unsup_loss: 0.0000, train/total_loss: 4.6093, train/util_ratio: 0.0000, train/run_time: 1.1426, lr: 0.0001, train/prefecth_time: 0.0057 
[2025-03-01 09:36:14,613 INFO] 173312 iteration USE_EMA: False, train/sup_loss: 4.2630, train/unsup_loss: 0.0000, train/total_loss: 4.2630, train/util_ratio: 0.0000, train/run_time: 1.1435, lr: 0.0001, train/prefecth_time: 0.0069 
[2025-03-01 09:41:14,325 INFO] 173568 iteration USE_EMA: False, train/sup_loss: 4.1080, train/unsup_loss: 0.0000, train/total_loss: 4.1080, train/util_ratio: 0.0000, train/run_time: 1.1451, lr: 0.0001, train/prefecth_time: 0.0067 
[2025-03-01 09:46:14,154 INFO] 173824 iteration USE_EMA: False, train/sup_loss: 4.2334, train/unsup_loss: 0.0000, train/total_loss: 4.2334, train/util_ratio: 0.0000, train/run_time: 1.1524, lr: 0.0001, train/prefecth_time: 0.0070 
[2025-03-01 09:51:13,818 INFO] validating...
/home/zakerian/miniconda3/envs/usb/lib/python3.8/site-packages/sklearn/metrics/_classification.py:1471: UndefinedMetricWarning: Precision is ill-defined and being set to 0.0 in labels with no predicted samples. Use `zero_division` parameter to control this behavior.
  _warn_prf(average, modifier, msg_start, len(result))
[2025-03-01 09:52:45,470 INFO] confusion matrix:
[[0.00178317 0.         0.00071327 ... 0.00178317 0.         0.0042796 ]
 [0.         0.         0.         ... 0.         0.         0.        ]
 [0.         0.         0.         ... 0.         0.         0.        ]
 ...
 [0.         0.         0.         ... 0.         0.         0.        ]
 [0.         0.         0.         ... 0.         0.         0.        ]
 [0.         0.         0.         ... 0.         0.         0.        ]]
[2025-03-01 09:52:51,952 INFO] model saved: ./saved_models/usb_cv/fixmatch_market1501_transReid_4label/latest_model.pth
[2025-03-01 09:52:51,954 INFO] 174080 iteration, USE_EMA: False, train/sup_loss: 4.3143, train/unsup_loss: 0.0000, train/total_loss: 4.3143, train/util_ratio: 0.0000, train/run_time: 1.1453, eval/loss: 10.8204, eval/top-1-acc: 0.0013, eval/top-5-acc: 0.0069, eval/balanced_acc: 0.0012, eval/precision: 0.0008, eval/recall: 0.0012, eval/F1: 0.0007, eval/rank-1: 0.0013, eval/rank-5: 0.0069, eval/rank-10: 0.0144, eval/mAP: 0.0100, lr: 0.0001, train/prefecth_time: 0.0064 BEST_EVAL_ACC: 0.0036, at 28672 iters
[2025-03-01 09:57:52,929 INFO] 174336 iteration USE_EMA: False, train/sup_loss: 3.7866, train/unsup_loss: 0.0000, train/total_loss: 3.7866, train/util_ratio: 0.0000, train/run_time: 1.1420, lr: 0.0001, train/prefecth_time: 0.0071 
[2025-03-01 10:02:53,091 INFO] 174592 iteration USE_EMA: False, train/sup_loss: 4.1448, train/unsup_loss: 0.0000, train/total_loss: 4.1448, train/util_ratio: 0.0000, train/run_time: 1.1427, lr: 0.0001, train/prefecth_time: 0.0069 
[2025-03-01 10:07:53,021 INFO] 174848 iteration USE_EMA: False, train/sup_loss: 4.3350, train/unsup_loss: 0.0000, train/total_loss: 4.3350, train/util_ratio: 0.0000, train/run_time: 1.1360, lr: 0.0001, train/prefecth_time: 0.0069 
[2025-03-01 10:12:52,943 INFO] 175104 iteration USE_EMA: False, train/sup_loss: 5.3722, train/unsup_loss: 0.0000, train/total_loss: 5.3722, train/util_ratio: 0.0000, train/run_time: 1.1349, lr: 0.0001, train/prefecth_time: 0.0063 
[2025-03-01 10:17:53,660 INFO] 175360 iteration USE_EMA: False, train/sup_loss: 4.4778, train/unsup_loss: 0.0000, train/total_loss: 4.4778, train/util_ratio: 0.0000, train/run_time: 1.1508, lr: 0.0001, train/prefecth_time: 0.0091 
[2025-03-01 10:22:53,321 INFO] 175616 iteration USE_EMA: False, train/sup_loss: 3.2199, train/unsup_loss: 0.0000, train/total_loss: 3.2199, train/util_ratio: 0.0000, train/run_time: 1.1576, lr: 0.0001, train/prefecth_time: 0.0066 
[2025-03-01 10:27:53,320 INFO] 175872 iteration USE_EMA: False, train/sup_loss: 4.3616, train/unsup_loss: 0.0000, train/total_loss: 4.3616, train/util_ratio: 0.0000, train/run_time: 1.1459, lr: 0.0001, train/prefecth_time: 0.0066 
[2025-03-01 10:32:53,118 INFO] validating...
/home/zakerian/miniconda3/envs/usb/lib/python3.8/site-packages/sklearn/metrics/_classification.py:1471: UndefinedMetricWarning: Precision is ill-defined and being set to 0.0 in labels with no predicted samples. Use `zero_division` parameter to control this behavior.
  _warn_prf(average, modifier, msg_start, len(result))
[2025-03-01 10:34:24,994 INFO] confusion matrix:
[[0.00178317 0.0032097  0.00142653 ... 0.00071327 0.         0.00392297]
 [0.         0.         0.         ... 0.         0.         0.        ]
 [0.         0.         0.         ... 0.         0.         0.        ]
 ...
 [0.         0.         0.         ... 0.         0.         0.        ]
 [0.         0.         0.         ... 0.         0.         0.        ]
 [0.         0.         0.         ... 0.         0.         0.        ]]
[2025-03-01 10:34:31,498 INFO] model saved: ./saved_models/usb_cv/fixmatch_market1501_transReid_4label/latest_model.pth
[2025-03-01 10:34:31,499 INFO] 176128 iteration, USE_EMA: False, train/sup_loss: 3.8115, train/unsup_loss: 0.0000, train/total_loss: 3.8115, train/util_ratio: 0.0000, train/run_time: 1.1464, eval/loss: 11.2103, eval/top-1-acc: 0.0016, eval/top-5-acc: 0.0076, eval/balanced_acc: 0.0015, eval/precision: 0.0018, eval/recall: 0.0015, eval/F1: 0.0011, eval/rank-1: 0.0016, eval/rank-5: 0.0076, eval/rank-10: 0.0141, eval/mAP: 0.0101, lr: 0.0001, train/prefecth_time: 0.0062 BEST_EVAL_ACC: 0.0036, at 28672 iters
[2025-03-01 10:39:32,024 INFO] 176384 iteration USE_EMA: False, train/sup_loss: 4.8370, train/unsup_loss: 0.0000, train/total_loss: 4.8370, train/util_ratio: 0.0000, train/run_time: 1.1461, lr: 0.0001, train/prefecth_time: 0.0062 
[2025-03-01 10:44:31,770 INFO] 176640 iteration USE_EMA: False, train/sup_loss: 5.2143, train/unsup_loss: 0.0000, train/total_loss: 5.2143, train/util_ratio: 0.0000, train/run_time: 1.1517, lr: 0.0001, train/prefecth_time: 0.0068 
[2025-03-01 10:49:31,659 INFO] 176896 iteration USE_EMA: False, train/sup_loss: 4.6061, train/unsup_loss: 0.0000, train/total_loss: 4.6061, train/util_ratio: 0.0000, train/run_time: 1.1528, lr: 0.0001, train/prefecth_time: 0.0064 
[2025-03-01 10:54:31,640 INFO] 177152 iteration USE_EMA: False, train/sup_loss: 4.2200, train/unsup_loss: 0.0000, train/total_loss: 4.2200, train/util_ratio: 0.0000, train/run_time: 1.1523, lr: 0.0001, train/prefecth_time: 0.0061 
[2025-03-01 10:59:32,064 INFO] 177408 iteration USE_EMA: False, train/sup_loss: 3.8139, train/unsup_loss: 0.0000, train/total_loss: 3.8139, train/util_ratio: 0.0000, train/run_time: 1.1434, lr: 0.0001, train/prefecth_time: 0.0068 
[2025-03-01 11:04:31,930 INFO] 177664 iteration USE_EMA: False, train/sup_loss: 4.5003, train/unsup_loss: 0.0000, train/total_loss: 4.5003, train/util_ratio: 0.0000, train/run_time: 1.1503, lr: 0.0001, train/prefecth_time: 0.0067 
[2025-03-01 11:09:31,825 INFO] 177920 iteration USE_EMA: False, train/sup_loss: 2.8612, train/unsup_loss: 0.0000, train/total_loss: 2.8612, train/util_ratio: 0.0000, train/run_time: 1.1364, lr: 0.0001, train/prefecth_time: 0.0066 
[2025-03-01 11:14:31,852 INFO] validating...
/home/zakerian/miniconda3/envs/usb/lib/python3.8/site-packages/sklearn/metrics/_classification.py:1471: UndefinedMetricWarning: Precision is ill-defined and being set to 0.0 in labels with no predicted samples. Use `zero_division` parameter to control this behavior.
  _warn_prf(average, modifier, msg_start, len(result))
[2025-03-01 11:16:03,350 INFO] confusion matrix:
[[0.         0.         0.         ... 0.00142653 0.0032097  0.00570613]
 [0.         0.         0.         ... 0.         0.         0.        ]
 [0.         0.         0.         ... 0.         0.         0.        ]
 ...
 [0.         0.         0.         ... 0.         0.         0.        ]
 [0.         0.         0.03846154 ... 0.         0.         0.        ]
 [0.         0.         0.         ... 0.         0.         0.        ]]
[2025-03-01 11:16:09,822 INFO] model saved: ./saved_models/usb_cv/fixmatch_market1501_transReid_4label/latest_model.pth
[2025-03-01 11:16:09,824 INFO] 178176 iteration, USE_EMA: False, train/sup_loss: 4.6052, train/unsup_loss: 0.0000, train/total_loss: 4.6052, train/util_ratio: 0.0000, train/run_time: 1.1457, eval/loss: 11.4264, eval/top-1-acc: 0.0007, eval/top-5-acc: 0.0066, eval/balanced_acc: 0.0009, eval/precision: 0.0007, eval/recall: 0.0009, eval/F1: 0.0005, eval/rank-1: 0.0007, eval/rank-5: 0.0066, eval/rank-10: 0.0141, eval/mAP: 0.0091, lr: 0.0001, train/prefecth_time: 0.0063 BEST_EVAL_ACC: 0.0036, at 28672 iters
[2025-03-01 11:21:10,440 INFO] 178432 iteration USE_EMA: False, train/sup_loss: 4.6742, train/unsup_loss: 0.0000, train/total_loss: 4.6742, train/util_ratio: 0.0000, train/run_time: 1.1518, lr: 0.0001, train/prefecth_time: 0.0065 
[2025-03-01 11:26:10,205 INFO] 178688 iteration USE_EMA: False, train/sup_loss: 3.9353, train/unsup_loss: 0.0000, train/total_loss: 3.9353, train/util_ratio: 0.0000, train/run_time: 1.1545, lr: 0.0001, train/prefecth_time: 0.0065 
[2025-03-01 11:31:10,291 INFO] 178944 iteration USE_EMA: False, train/sup_loss: 3.8996, train/unsup_loss: 0.0000, train/total_loss: 3.8996, train/util_ratio: 0.0000, train/run_time: 1.1447, lr: 0.0001, train/prefecth_time: 0.0065 
[2025-03-01 11:36:10,151 INFO] 179200 iteration USE_EMA: False, train/sup_loss: 3.9871, train/unsup_loss: 0.0000, train/total_loss: 3.9871, train/util_ratio: 0.0000, train/run_time: 1.1400, lr: 0.0001, train/prefecth_time: 0.0062 
[2025-03-01 11:41:11,082 INFO] 179456 iteration USE_EMA: False, train/sup_loss: 3.3887, train/unsup_loss: 0.0000, train/total_loss: 3.3887, train/util_ratio: 0.0000, train/run_time: 1.1398, lr: 0.0001, train/prefecth_time: 0.0062 
[2025-03-01 11:46:11,040 INFO] 179712 iteration USE_EMA: False, train/sup_loss: 4.0015, train/unsup_loss: 0.0000, train/total_loss: 4.0015, train/util_ratio: 0.0000, train/run_time: 1.1454, lr: 0.0001, train/prefecth_time: 0.0064 
[2025-03-01 11:51:11,145 INFO] 179968 iteration USE_EMA: False, train/sup_loss: 3.5161, train/unsup_loss: 0.0000, train/total_loss: 3.5161, train/util_ratio: 0.0000, train/run_time: 1.1567, lr: 0.0001, train/prefecth_time: 0.0070 
[2025-03-01 11:56:11,043 INFO] validating...
/home/zakerian/miniconda3/envs/usb/lib/python3.8/site-packages/sklearn/metrics/_classification.py:1471: UndefinedMetricWarning: Precision is ill-defined and being set to 0.0 in labels with no predicted samples. Use `zero_division` parameter to control this behavior.
  _warn_prf(average, modifier, msg_start, len(result))
[2025-03-01 11:57:42,772 INFO] confusion matrix:
[[0.0021398  0.00178317 0.0021398  ... 0.         0.00035663 0.00071327]
 [0.         0.         0.         ... 0.         0.         0.        ]
 [0.         0.         0.         ... 0.         0.         0.        ]
 ...
 [0.         0.         0.         ... 0.         0.         0.        ]
 [0.         0.         0.03846154 ... 0.         0.         0.        ]
 [0.         0.         0.         ... 0.         0.         0.        ]]
[2025-03-01 11:57:49,234 INFO] model saved: ./saved_models/usb_cv/fixmatch_market1501_transReid_4label/latest_model.pth
[2025-03-01 11:57:49,235 INFO] 180224 iteration, USE_EMA: False, train/sup_loss: 4.6637, train/unsup_loss: 0.0000, train/total_loss: 4.6637, train/util_ratio: 0.0000, train/run_time: 1.1465, eval/loss: 11.3417, eval/top-1-acc: 0.0016, eval/top-5-acc: 0.0077, eval/balanced_acc: 0.0014, eval/precision: 0.0018, eval/recall: 0.0014, eval/F1: 0.0011, eval/rank-1: 0.0016, eval/rank-5: 0.0077, eval/rank-10: 0.0145, eval/mAP: 0.0101, lr: 0.0001, train/prefecth_time: 0.0063 BEST_EVAL_ACC: 0.0036, at 28672 iters
[2025-03-01 12:02:49,487 INFO] 180480 iteration USE_EMA: False, train/sup_loss: 4.6490, train/unsup_loss: 0.0000, train/total_loss: 4.6490, train/util_ratio: 0.0000, train/run_time: 1.1376, lr: 0.0001, train/prefecth_time: 0.0067 
[2025-03-01 12:07:48,911 INFO] 180736 iteration USE_EMA: False, train/sup_loss: 4.0582, train/unsup_loss: 0.0000, train/total_loss: 4.0582, train/util_ratio: 0.0000, train/run_time: 1.1399, lr: 0.0001, train/prefecth_time: 0.0071 
[2025-03-01 12:12:48,573 INFO] 180992 iteration USE_EMA: False, train/sup_loss: 5.1166, train/unsup_loss: 0.0000, train/total_loss: 5.1166, train/util_ratio: 0.0000, train/run_time: 1.1401, lr: 0.0001, train/prefecth_time: 0.0066 
[2025-03-01 12:17:47,938 INFO] 181248 iteration USE_EMA: False, train/sup_loss: 3.7181, train/unsup_loss: 0.0000, train/total_loss: 3.7181, train/util_ratio: 0.0000, train/run_time: 1.1591, lr: 0.0001, train/prefecth_time: 0.0060 
[2025-03-01 12:22:48,181 INFO] 181504 iteration USE_EMA: False, train/sup_loss: 3.7771, train/unsup_loss: 0.0000, train/total_loss: 3.7771, train/util_ratio: 0.0000, train/run_time: 1.1519, lr: 0.0001, train/prefecth_time: 0.0062 
[2025-03-01 12:27:47,658 INFO] 181760 iteration USE_EMA: False, train/sup_loss: 5.1767, train/unsup_loss: 0.0000, train/total_loss: 5.1767, train/util_ratio: 0.0000, train/run_time: 1.1442, lr: 0.0001, train/prefecth_time: 0.0063 
[2025-03-01 12:32:47,046 INFO] 182016 iteration USE_EMA: False, train/sup_loss: 4.4911, train/unsup_loss: 0.0000, train/total_loss: 4.4911, train/util_ratio: 0.0000, train/run_time: 1.1468, lr: 0.0001, train/prefecth_time: 0.0071 
[2025-03-01 12:37:46,740 INFO] validating...
/home/zakerian/miniconda3/envs/usb/lib/python3.8/site-packages/sklearn/metrics/_classification.py:1471: UndefinedMetricWarning: Precision is ill-defined and being set to 0.0 in labels with no predicted samples. Use `zero_division` parameter to control this behavior.
  _warn_prf(average, modifier, msg_start, len(result))
[2025-03-01 12:39:18,562 INFO] confusion matrix:
[[0.00178317 0.00035663 0.00035663 ... 0.00071327 0.         0.00249643]
 [0.         0.         0.         ... 0.         0.         0.        ]
 [0.         0.         0.         ... 0.         0.         0.        ]
 ...
 [0.         0.         0.         ... 0.         0.         0.        ]
 [0.         0.         0.         ... 0.         0.         0.        ]
 [0.         0.         0.         ... 0.         0.         0.        ]]
[2025-03-01 12:39:25,025 INFO] model saved: ./saved_models/usb_cv/fixmatch_market1501_transReid_4label/latest_model.pth
[2025-03-01 12:39:25,027 INFO] 182272 iteration, USE_EMA: False, train/sup_loss: 4.2316, train/unsup_loss: 0.0000, train/total_loss: 4.2316, train/util_ratio: 0.0000, train/run_time: 1.1414, eval/loss: 11.6323, eval/top-1-acc: 0.0015, eval/top-5-acc: 0.0069, eval/balanced_acc: 0.0015, eval/precision: 0.0013, eval/recall: 0.0015, eval/F1: 0.0011, eval/rank-1: 0.0015, eval/rank-5: 0.0069, eval/rank-10: 0.0141, eval/mAP: 0.0096, lr: 0.0001, train/prefecth_time: 0.0061 BEST_EVAL_ACC: 0.0036, at 28672 iters
[2025-03-01 12:44:25,368 INFO] 182528 iteration USE_EMA: False, train/sup_loss: 4.3352, train/unsup_loss: 0.0000, train/total_loss: 4.3352, train/util_ratio: 0.0000, train/run_time: 1.1474, lr: 0.0001, train/prefecth_time: 0.0068 
[2025-03-01 12:49:25,081 INFO] 182784 iteration USE_EMA: False, train/sup_loss: 3.2305, train/unsup_loss: 0.0471, train/total_loss: 3.2776, train/util_ratio: 0.0250, train/run_time: 1.1558, lr: 0.0001, train/prefecth_time: 0.0089 
[2025-03-01 12:54:24,595 INFO] 183040 iteration USE_EMA: False, train/sup_loss: 4.3029, train/unsup_loss: 0.0000, train/total_loss: 4.3029, train/util_ratio: 0.0000, train/run_time: 1.1410, lr: 0.0001, train/prefecth_time: 0.0061 
[2025-03-01 12:59:23,955 INFO] 183296 iteration USE_EMA: False, train/sup_loss: 3.6084, train/unsup_loss: 0.0000, train/total_loss: 3.6084, train/util_ratio: 0.0000, train/run_time: 1.1416, lr: 0.0001, train/prefecth_time: 0.0062 
[2025-03-01 13:04:24,340 INFO] 183552 iteration USE_EMA: False, train/sup_loss: 4.1708, train/unsup_loss: 0.0000, train/total_loss: 4.1708, train/util_ratio: 0.0000, train/run_time: 1.1414, lr: 0.0001, train/prefecth_time: 0.0065 
[2025-03-01 13:09:24,040 INFO] 183808 iteration USE_EMA: False, train/sup_loss: 3.3917, train/unsup_loss: 0.0000, train/total_loss: 3.3917, train/util_ratio: 0.0000, train/run_time: 1.1462, lr: 0.0001, train/prefecth_time: 0.0090 
[2025-03-01 13:14:23,783 INFO] 184064 iteration USE_EMA: False, train/sup_loss: 5.5639, train/unsup_loss: 0.0000, train/total_loss: 5.5639, train/util_ratio: 0.0000, train/run_time: 1.1349, lr: 0.0001, train/prefecth_time: 0.0066 
[2025-03-01 13:19:23,171 INFO] validating...
/home/zakerian/miniconda3/envs/usb/lib/python3.8/site-packages/sklearn/metrics/_classification.py:1471: UndefinedMetricWarning: Precision is ill-defined and being set to 0.0 in labels with no predicted samples. Use `zero_division` parameter to control this behavior.
  _warn_prf(average, modifier, msg_start, len(result))
[2025-03-01 13:20:54,913 INFO] confusion matrix:
[[0.00249643 0.         0.00142653 ... 0.0010699  0.00071327 0.00392297]
 [0.         0.         0.015625   ... 0.         0.         0.        ]
 [0.         0.         0.         ... 0.         0.         0.        ]
 ...
 [0.         0.         0.         ... 0.         0.         0.        ]
 [0.         0.         0.         ... 0.         0.         0.        ]
 [0.         0.         0.         ... 0.         0.         0.        ]]
[2025-03-01 13:21:01,383 INFO] model saved: ./saved_models/usb_cv/fixmatch_market1501_transReid_4label/latest_model.pth
[2025-03-01 13:21:01,385 INFO] 184320 iteration, USE_EMA: False, train/sup_loss: 5.0291, train/unsup_loss: 0.0000, train/total_loss: 5.0291, train/util_ratio: 0.0000, train/run_time: 1.1427, eval/loss: 11.7275, eval/top-1-acc: 0.0015, eval/top-5-acc: 0.0064, eval/balanced_acc: 0.0013, eval/precision: 0.0015, eval/recall: 0.0013, eval/F1: 0.0010, eval/rank-1: 0.0015, eval/rank-5: 0.0064, eval/rank-10: 0.0123, eval/mAP: 0.0095, lr: 0.0001, train/prefecth_time: 0.0058 BEST_EVAL_ACC: 0.0036, at 28672 iters
[2025-03-01 13:26:02,039 INFO] 184576 iteration USE_EMA: False, train/sup_loss: 3.8092, train/unsup_loss: 0.0000, train/total_loss: 3.8092, train/util_ratio: 0.0000, train/run_time: 1.1456, lr: 0.0001, train/prefecth_time: 0.0060 
[2025-03-01 13:31:01,542 INFO] 184832 iteration USE_EMA: False, train/sup_loss: 3.8239, train/unsup_loss: 0.0000, train/total_loss: 3.8239, train/util_ratio: 0.0000, train/run_time: 1.1440, lr: 0.0001, train/prefecth_time: 0.0066 
[2025-03-01 13:36:01,011 INFO] 185088 iteration USE_EMA: False, train/sup_loss: 3.7939, train/unsup_loss: 0.0000, train/total_loss: 3.7939, train/util_ratio: 0.0000, train/run_time: 1.1577, lr: 0.0001, train/prefecth_time: 0.0067 
[2025-03-01 13:41:00,661 INFO] 185344 iteration USE_EMA: False, train/sup_loss: 4.4112, train/unsup_loss: 0.0000, train/total_loss: 4.4112, train/util_ratio: 0.0000, train/run_time: 1.1464, lr: 0.0001, train/prefecth_time: 0.0062 
[2025-03-01 13:46:00,819 INFO] 185600 iteration USE_EMA: False, train/sup_loss: 3.3819, train/unsup_loss: 0.0000, train/total_loss: 3.3819, train/util_ratio: 0.0000, train/run_time: 1.1421, lr: 0.0001, train/prefecth_time: 0.0062 
[2025-03-01 13:51:00,345 INFO] 185856 iteration USE_EMA: False, train/sup_loss: 4.7240, train/unsup_loss: 0.0000, train/total_loss: 4.7240, train/util_ratio: 0.0000, train/run_time: 1.1524, lr: 0.0001, train/prefecth_time: 0.0062 
[2025-03-01 13:55:59,926 INFO] 186112 iteration USE_EMA: False, train/sup_loss: 3.8728, train/unsup_loss: 0.0000, train/total_loss: 3.8728, train/util_ratio: 0.0000, train/run_time: 1.1442, lr: 0.0001, train/prefecth_time: 0.0068 
[2025-03-01 14:00:59,366 INFO] validating...
/home/zakerian/miniconda3/envs/usb/lib/python3.8/site-packages/sklearn/metrics/_classification.py:1471: UndefinedMetricWarning: Precision is ill-defined and being set to 0.0 in labels with no predicted samples. Use `zero_division` parameter to control this behavior.
  _warn_prf(average, modifier, msg_start, len(result))
[2025-03-01 14:02:31,028 INFO] confusion matrix:
[[0.00356633 0.0021398  0.0010699  ... 0.0010699  0.         0.00035663]
 [0.         0.         0.         ... 0.         0.         0.        ]
 [0.         0.         0.         ... 0.         0.         0.        ]
 ...
 [0.         0.         0.         ... 0.         0.         0.        ]
 [0.         0.         0.         ... 0.         0.         0.        ]
 [0.         0.         0.         ... 0.         0.         0.        ]]
[2025-03-01 14:02:37,498 INFO] model saved: ./saved_models/usb_cv/fixmatch_market1501_transReid_4label/latest_model.pth
[2025-03-01 14:02:37,500 INFO] 186368 iteration, USE_EMA: False, train/sup_loss: 4.8017, train/unsup_loss: 0.0000, train/total_loss: 4.8017, train/util_ratio: 0.0000, train/run_time: 1.1348, eval/loss: 11.7662, eval/top-1-acc: 0.0016, eval/top-5-acc: 0.0070, eval/balanced_acc: 0.0010, eval/precision: 0.0009, eval/recall: 0.0010, eval/F1: 0.0006, eval/rank-1: 0.0016, eval/rank-5: 0.0070, eval/rank-10: 0.0127, eval/mAP: 0.0102, lr: 0.0001, train/prefecth_time: 0.0061 BEST_EVAL_ACC: 0.0036, at 28672 iters
[2025-03-01 14:07:38,252 INFO] 186624 iteration USE_EMA: False, train/sup_loss: 4.7585, train/unsup_loss: 0.0000, train/total_loss: 4.7585, train/util_ratio: 0.0000, train/run_time: 1.1480, lr: 0.0001, train/prefecth_time: 0.0091 
[2025-03-01 14:12:38,197 INFO] 186880 iteration USE_EMA: False, train/sup_loss: 3.2373, train/unsup_loss: 0.0000, train/total_loss: 3.2373, train/util_ratio: 0.0000, train/run_time: 1.1484, lr: 0.0001, train/prefecth_time: 0.0065 
[2025-03-01 14:17:38,244 INFO] 187136 iteration USE_EMA: False, train/sup_loss: 4.8861, train/unsup_loss: 0.0000, train/total_loss: 4.8861, train/util_ratio: 0.0000, train/run_time: 1.1596, lr: 0.0001, train/prefecth_time: 0.0089 
[2025-03-01 14:22:38,180 INFO] 187392 iteration USE_EMA: False, train/sup_loss: 4.1423, train/unsup_loss: 0.0000, train/total_loss: 4.1423, train/util_ratio: 0.0000, train/run_time: 1.1380, lr: 0.0001, train/prefecth_time: 0.0064 
[2025-03-01 14:27:38,841 INFO] 187648 iteration USE_EMA: False, train/sup_loss: 4.1089, train/unsup_loss: 0.0000, train/total_loss: 4.1089, train/util_ratio: 0.0000, train/run_time: 1.1532, lr: 0.0001, train/prefecth_time: 0.0068 
[2025-03-01 14:32:38,517 INFO] 187904 iteration USE_EMA: False, train/sup_loss: 5.2356, train/unsup_loss: 0.0000, train/total_loss: 5.2356, train/util_ratio: 0.0000, train/run_time: 1.1381, lr: 0.0001, train/prefecth_time: 0.0071 
[2025-03-01 14:37:38,412 INFO] 188160 iteration USE_EMA: False, train/sup_loss: 3.9660, train/unsup_loss: 0.0000, train/total_loss: 3.9660, train/util_ratio: 0.0000, train/run_time: 1.1494, lr: 0.0001, train/prefecth_time: 0.0062 
[2025-03-01 14:42:38,177 INFO] validating...
/home/zakerian/miniconda3/envs/usb/lib/python3.8/site-packages/sklearn/metrics/_classification.py:1471: UndefinedMetricWarning: Precision is ill-defined and being set to 0.0 in labels with no predicted samples. Use `zero_division` parameter to control this behavior.
  _warn_prf(average, modifier, msg_start, len(result))
[2025-03-01 14:44:09,853 INFO] confusion matrix:
[[0.00392297 0.0010699  0.0021398  ... 0.0010699  0.         0.00356633]
 [0.         0.         0.         ... 0.         0.         0.015625  ]
 [0.         0.         0.         ... 0.         0.         0.        ]
 ...
 [0.         0.         0.         ... 0.         0.         0.        ]
 [0.         0.         0.         ... 0.         0.         0.        ]
 [0.         0.         0.         ... 0.         0.         0.        ]]
[2025-03-01 14:44:16,329 INFO] model saved: ./saved_models/usb_cv/fixmatch_market1501_transReid_4label/latest_model.pth
[2025-03-01 14:44:16,331 INFO] 188416 iteration, USE_EMA: False, train/sup_loss: 3.9193, train/unsup_loss: 0.0000, train/total_loss: 3.9193, train/util_ratio: 0.0000, train/run_time: 1.1473, eval/loss: 12.1452, eval/top-1-acc: 0.0022, eval/top-5-acc: 0.0079, eval/balanced_acc: 0.0019, eval/precision: 0.0016, eval/recall: 0.0019, eval/F1: 0.0013, eval/rank-1: 0.0022, eval/rank-5: 0.0079, eval/rank-10: 0.0149, eval/mAP: 0.0105, lr: 0.0001, train/prefecth_time: 0.0062 BEST_EVAL_ACC: 0.0036, at 28672 iters
[2025-03-01 14:49:17,250 INFO] 188672 iteration USE_EMA: False, train/sup_loss: 4.6623, train/unsup_loss: 0.0000, train/total_loss: 4.6623, train/util_ratio: 0.0000, train/run_time: 1.1572, lr: 0.0001, train/prefecth_time: 0.0062 
[2025-03-01 14:54:17,369 INFO] 188928 iteration USE_EMA: False, train/sup_loss: 3.9476, train/unsup_loss: 0.0000, train/total_loss: 3.9476, train/util_ratio: 0.0000, train/run_time: 1.1461, lr: 0.0001, train/prefecth_time: 0.0094 
[2025-03-01 14:59:17,492 INFO] 189184 iteration USE_EMA: False, train/sup_loss: 3.5708, train/unsup_loss: 0.0000, train/total_loss: 3.5708, train/util_ratio: 0.0000, train/run_time: 1.1532, lr: 0.0001, train/prefecth_time: 0.0066 
[2025-03-01 15:04:17,356 INFO] 189440 iteration USE_EMA: False, train/sup_loss: 4.1899, train/unsup_loss: 0.0000, train/total_loss: 4.1899, train/util_ratio: 0.0000, train/run_time: 1.1486, lr: 0.0001, train/prefecth_time: 0.0063 
[2025-03-01 15:09:18,035 INFO] 189696 iteration USE_EMA: False, train/sup_loss: 4.1610, train/unsup_loss: 0.0000, train/total_loss: 4.1610, train/util_ratio: 0.0000, train/run_time: 1.1436, lr: 0.0001, train/prefecth_time: 0.0061 
[2025-03-01 15:14:18,049 INFO] 189952 iteration USE_EMA: False, train/sup_loss: 4.2408, train/unsup_loss: 0.0000, train/total_loss: 4.2408, train/util_ratio: 0.0000, train/run_time: 1.1529, lr: 0.0001, train/prefecth_time: 0.0061 
[2025-03-01 15:19:18,277 INFO] 190208 iteration USE_EMA: False, train/sup_loss: 3.5893, train/unsup_loss: 0.0000, train/total_loss: 3.5893, train/util_ratio: 0.0000, train/run_time: 1.1517, lr: 0.0001, train/prefecth_time: 0.0070 
[2025-03-01 15:24:18,257 INFO] validating...
/home/zakerian/miniconda3/envs/usb/lib/python3.8/site-packages/sklearn/metrics/_classification.py:1471: UndefinedMetricWarning: Precision is ill-defined and being set to 0.0 in labels with no predicted samples. Use `zero_division` parameter to control this behavior.
  _warn_prf(average, modifier, msg_start, len(result))
[2025-03-01 15:25:50,184 INFO] confusion matrix:
[[0.00142653 0.00071327 0.0010699  ... 0.0010699  0.00142653 0.00249643]
 [0.         0.         0.         ... 0.         0.         0.        ]
 [0.         0.         0.         ... 0.         0.         0.        ]
 ...
 [0.         0.         0.         ... 0.         0.         0.        ]
 [0.         0.         0.         ... 0.         0.         0.        ]
 [0.         0.         0.         ... 0.         0.         0.        ]]
[2025-03-01 15:25:56,691 INFO] model saved: ./saved_models/usb_cv/fixmatch_market1501_transReid_4label/latest_model.pth
[2025-03-01 15:25:56,693 INFO] 190464 iteration, USE_EMA: False, train/sup_loss: 3.2386, train/unsup_loss: 0.0000, train/total_loss: 3.2386, train/util_ratio: 0.0000, train/run_time: 1.1411, eval/loss: 12.1523, eval/top-1-acc: 0.0011, eval/top-5-acc: 0.0064, eval/balanced_acc: 0.0011, eval/precision: 0.0011, eval/recall: 0.0011, eval/F1: 0.0008, eval/rank-1: 0.0011, eval/rank-5: 0.0064, eval/rank-10: 0.0127, eval/mAP: 0.0093, lr: 0.0001, train/prefecth_time: 0.0063 BEST_EVAL_ACC: 0.0036, at 28672 iters
[2025-03-01 15:30:57,599 INFO] 190720 iteration USE_EMA: False, train/sup_loss: 3.5254, train/unsup_loss: 0.0000, train/total_loss: 3.5254, train/util_ratio: 0.0000, train/run_time: 1.1400, lr: 0.0001, train/prefecth_time: 0.0092 
[2025-03-01 15:35:57,819 INFO] 190976 iteration USE_EMA: False, train/sup_loss: 4.0522, train/unsup_loss: 0.0000, train/total_loss: 4.0522, train/util_ratio: 0.0000, train/run_time: 1.1447, lr: 0.0001, train/prefecth_time: 0.0063 
[2025-03-01 15:40:57,906 INFO] 191232 iteration USE_EMA: False, train/sup_loss: 5.1494, train/unsup_loss: 0.0000, train/total_loss: 5.1494, train/util_ratio: 0.0000, train/run_time: 1.1448, lr: 0.0001, train/prefecth_time: 0.0072 
[2025-03-01 15:45:58,020 INFO] 191488 iteration USE_EMA: False, train/sup_loss: 4.8162, train/unsup_loss: 0.0000, train/total_loss: 4.8162, train/util_ratio: 0.0000, train/run_time: 1.1525, lr: 0.0001, train/prefecth_time: 0.0056 
[2025-03-01 15:50:58,967 INFO] 191744 iteration USE_EMA: False, train/sup_loss: 4.6512, train/unsup_loss: 0.0000, train/total_loss: 4.6512, train/util_ratio: 0.0000, train/run_time: 1.1422, lr: 0.0001, train/prefecth_time: 0.0065 
[2025-03-01 15:55:58,998 INFO] 192000 iteration USE_EMA: False, train/sup_loss: 2.9369, train/unsup_loss: 0.0000, train/total_loss: 2.9369, train/util_ratio: 0.0000, train/run_time: 1.1456, lr: 0.0001, train/prefecth_time: 0.0069 
[2025-03-01 16:00:59,209 INFO] 192256 iteration USE_EMA: False, train/sup_loss: 3.8221, train/unsup_loss: 0.0000, train/total_loss: 3.8221, train/util_ratio: 0.0000, train/run_time: 1.1417, lr: 0.0001, train/prefecth_time: 0.0095 
[2025-03-01 16:05:59,257 INFO] validating...
/home/zakerian/miniconda3/envs/usb/lib/python3.8/site-packages/sklearn/metrics/_classification.py:1471: UndefinedMetricWarning: Precision is ill-defined and being set to 0.0 in labels with no predicted samples. Use `zero_division` parameter to control this behavior.
  _warn_prf(average, modifier, msg_start, len(result))
[2025-03-01 16:07:31,090 INFO] confusion matrix:
[[0.00142653 0.00071327 0.0010699  ... 0.00356633 0.00071327 0.00392297]
 [0.         0.         0.         ... 0.         0.         0.        ]
 [0.         0.         0.         ... 0.         0.         0.        ]
 ...
 [0.         0.         0.         ... 0.         0.         0.        ]
 [0.         0.         0.         ... 0.         0.         0.        ]
 [0.         0.         0.         ... 0.         0.         0.        ]]
[2025-03-01 16:07:37,703 INFO] model saved: ./saved_models/usb_cv/fixmatch_market1501_transReid_4label/latest_model.pth
[2025-03-01 16:07:37,705 INFO] 192512 iteration, USE_EMA: False, train/sup_loss: 4.1400, train/unsup_loss: 0.0000, train/total_loss: 4.1400, train/util_ratio: 0.0000, train/run_time: 1.1428, eval/loss: 12.4597, eval/top-1-acc: 0.0011, eval/top-5-acc: 0.0064, eval/balanced_acc: 0.0010, eval/precision: 0.0016, eval/recall: 0.0010, eval/F1: 0.0009, eval/rank-1: 0.0011, eval/rank-5: 0.0064, eval/rank-10: 0.0123, eval/mAP: 0.0091, lr: 0.0001, train/prefecth_time: 0.0061 BEST_EVAL_ACC: 0.0036, at 28672 iters
[2025-03-01 16:12:38,420 INFO] 192768 iteration USE_EMA: False, train/sup_loss: 3.7019, train/unsup_loss: 0.0000, train/total_loss: 3.7019, train/util_ratio: 0.0000, train/run_time: 1.1417, lr: 0.0001, train/prefecth_time: 0.0069 
[2025-03-01 16:17:38,667 INFO] 193024 iteration USE_EMA: False, train/sup_loss: 4.3742, train/unsup_loss: 0.0000, train/total_loss: 4.3742, train/util_ratio: 0.0000, train/run_time: 1.1413, lr: 0.0001, train/prefecth_time: 0.0069 
[2025-03-01 16:22:38,875 INFO] 193280 iteration USE_EMA: False, train/sup_loss: 3.5847, train/unsup_loss: 0.0000, train/total_loss: 3.5847, train/util_ratio: 0.0000, train/run_time: 1.1442, lr: 0.0001, train/prefecth_time: 0.0067 
[2025-03-01 16:27:38,936 INFO] 193536 iteration USE_EMA: False, train/sup_loss: 4.5081, train/unsup_loss: 0.0000, train/total_loss: 4.5081, train/util_ratio: 0.0000, train/run_time: 1.1432, lr: 0.0001, train/prefecth_time: 0.0061 
[2025-03-01 16:32:40,106 INFO] 193792 iteration USE_EMA: False, train/sup_loss: 3.5696, train/unsup_loss: 0.0000, train/total_loss: 3.5696, train/util_ratio: 0.0000, train/run_time: 1.1495, lr: 0.0001, train/prefecth_time: 0.0064 
[2025-03-01 16:37:40,263 INFO] 194048 iteration USE_EMA: False, train/sup_loss: 4.0287, train/unsup_loss: 0.0000, train/total_loss: 4.0287, train/util_ratio: 0.0000, train/run_time: 1.1483, lr: 0.0001, train/prefecth_time: 0.0063 
[2025-03-01 16:42:40,438 INFO] 194304 iteration USE_EMA: False, train/sup_loss: 4.2623, train/unsup_loss: 0.0000, train/total_loss: 4.2623, train/util_ratio: 0.0000, train/run_time: 1.1599, lr: 0.0001, train/prefecth_time: 0.0067 
[2025-03-01 16:47:41,038 INFO] validating...
/home/zakerian/miniconda3/envs/usb/lib/python3.8/site-packages/sklearn/metrics/_classification.py:1471: UndefinedMetricWarning: Precision is ill-defined and being set to 0.0 in labels with no predicted samples. Use `zero_division` parameter to control this behavior.
  _warn_prf(average, modifier, msg_start, len(result))
[2025-03-01 16:49:12,780 INFO] confusion matrix:
[[0.0021398  0.0021398  0.0010699  ... 0.0032097  0.00035663 0.00463623]
 [0.         0.         0.         ... 0.         0.         0.        ]
 [0.         0.         0.         ... 0.         0.         0.        ]
 ...
 [0.         0.         0.         ... 0.         0.         0.        ]
 [0.         0.         0.         ... 0.         0.         0.        ]
 [0.         0.         0.         ... 0.         0.         0.        ]]
[2025-03-01 16:49:19,248 INFO] model saved: ./saved_models/usb_cv/fixmatch_market1501_transReid_4label/latest_model.pth
[2025-03-01 16:49:19,250 INFO] 194560 iteration, USE_EMA: False, train/sup_loss: 2.9965, train/unsup_loss: 0.0000, train/total_loss: 2.9965, train/util_ratio: 0.0000, train/run_time: 1.1440, eval/loss: 12.8197, eval/top-1-acc: 0.0017, eval/top-5-acc: 0.0073, eval/balanced_acc: 0.0017, eval/precision: 0.0017, eval/recall: 0.0017, eval/F1: 0.0012, eval/rank-1: 0.0017, eval/rank-5: 0.0073, eval/rank-10: 0.0133, eval/mAP: 0.0097, lr: 0.0001, train/prefecth_time: 0.0058 BEST_EVAL_ACC: 0.0036, at 28672 iters
[2025-03-01 16:54:20,276 INFO] 194816 iteration USE_EMA: False, train/sup_loss: 3.5624, train/unsup_loss: 0.0000, train/total_loss: 3.5624, train/util_ratio: 0.0000, train/run_time: 1.1452, lr: 0.0001, train/prefecth_time: 0.0067 
[2025-03-01 16:59:20,283 INFO] 195072 iteration USE_EMA: False, train/sup_loss: 4.0710, train/unsup_loss: 0.0000, train/total_loss: 4.0710, train/util_ratio: 0.0000, train/run_time: 1.1470, lr: 0.0001, train/prefecth_time: 0.0066 
[2025-03-01 17:04:20,469 INFO] 195328 iteration USE_EMA: False, train/sup_loss: 3.8862, train/unsup_loss: 0.0000, train/total_loss: 3.8862, train/util_ratio: 0.0000, train/run_time: 1.1421, lr: 0.0001, train/prefecth_time: 0.0067 
[2025-03-01 17:09:20,704 INFO] 195584 iteration USE_EMA: False, train/sup_loss: 3.8936, train/unsup_loss: 0.0000, train/total_loss: 3.8936, train/util_ratio: 0.0000, train/run_time: 1.1432, lr: 0.0001, train/prefecth_time: 0.0060 
[2025-03-01 17:14:21,600 INFO] 195840 iteration USE_EMA: False, train/sup_loss: 3.9634, train/unsup_loss: 0.0000, train/total_loss: 3.9634, train/util_ratio: 0.0000, train/run_time: 1.1525, lr: 0.0001, train/prefecth_time: 0.0067 
[2025-03-01 17:19:22,047 INFO] 196096 iteration USE_EMA: False, train/sup_loss: 2.9590, train/unsup_loss: 0.0000, train/total_loss: 2.9590, train/util_ratio: 0.0000, train/run_time: 1.1423, lr: 0.0001, train/prefecth_time: 0.0063 
[2025-03-01 17:24:22,169 INFO] 196352 iteration USE_EMA: False, train/sup_loss: 4.3022, train/unsup_loss: 0.0000, train/total_loss: 4.3022, train/util_ratio: 0.0000, train/run_time: 1.1454, lr: 0.0001, train/prefecth_time: 0.0068 
[2025-03-01 17:29:22,223 INFO] validating...
/home/zakerian/miniconda3/envs/usb/lib/python3.8/site-packages/sklearn/metrics/_classification.py:1471: UndefinedMetricWarning: Precision is ill-defined and being set to 0.0 in labels with no predicted samples. Use `zero_division` parameter to control this behavior.
  _warn_prf(average, modifier, msg_start, len(result))
[2025-03-01 17:30:54,189 INFO] confusion matrix:
[[0.0010699  0.00071327 0.00178317 ... 0.00142653 0.00142653 0.0021398 ]
 [0.         0.         0.015625   ... 0.         0.         0.015625  ]
 [0.         0.         0.         ... 0.         0.         0.        ]
 ...
 [0.         0.         0.         ... 0.         0.         0.        ]
 [0.         0.         0.         ... 0.         0.         0.        ]
 [0.         0.         0.         ... 0.         0.         0.        ]]
[2025-03-01 17:31:00,674 INFO] model saved: ./saved_models/usb_cv/fixmatch_market1501_transReid_4label/latest_model.pth
[2025-03-01 17:31:00,676 INFO] 196608 iteration, USE_EMA: False, train/sup_loss: 4.4477, train/unsup_loss: 0.0000, train/total_loss: 4.4477, train/util_ratio: 0.0000, train/run_time: 1.1536, eval/loss: 12.6852, eval/top-1-acc: 0.0010, eval/top-5-acc: 0.0063, eval/balanced_acc: 0.0012, eval/precision: 0.0012, eval/recall: 0.0012, eval/F1: 0.0008, eval/rank-1: 0.0010, eval/rank-5: 0.0063, eval/rank-10: 0.0130, eval/mAP: 0.0093, lr: 0.0001, train/prefecth_time: 0.0056 BEST_EVAL_ACC: 0.0036, at 28672 iters
[2025-03-01 17:36:01,030 INFO] 196864 iteration USE_EMA: False, train/sup_loss: 4.2685, train/unsup_loss: 0.0000, train/total_loss: 4.2685, train/util_ratio: 0.0000, train/run_time: 1.1428, lr: 0.0001, train/prefecth_time: 0.0068 
[2025-03-01 17:41:00,631 INFO] 197120 iteration USE_EMA: False, train/sup_loss: 3.5457, train/unsup_loss: 0.0000, train/total_loss: 3.5457, train/util_ratio: 0.0000, train/run_time: 1.1590, lr: 0.0001, train/prefecth_time: 0.0093 
[2025-03-01 17:46:00,257 INFO] 197376 iteration USE_EMA: False, train/sup_loss: 4.4064, train/unsup_loss: 0.0000, train/total_loss: 4.4064, train/util_ratio: 0.0000, train/run_time: 1.1455, lr: 0.0001, train/prefecth_time: 0.0064 
[2025-03-01 17:50:59,883 INFO] 197632 iteration USE_EMA: False, train/sup_loss: 5.0329, train/unsup_loss: 0.0000, train/total_loss: 5.0329, train/util_ratio: 0.0000, train/run_time: 1.1467, lr: 0.0001, train/prefecth_time: 0.0061 
[2025-03-01 17:55:59,783 INFO] 197888 iteration USE_EMA: False, train/sup_loss: 4.2263, train/unsup_loss: 0.0000, train/total_loss: 4.2263, train/util_ratio: 0.0000, train/run_time: 1.1392, lr: 0.0001, train/prefecth_time: 0.0066 
[2025-03-01 18:00:59,227 INFO] 198144 iteration USE_EMA: False, train/sup_loss: 3.0252, train/unsup_loss: 0.0000, train/total_loss: 3.0252, train/util_ratio: 0.0000, train/run_time: 1.1488, lr: 0.0001, train/prefecth_time: 0.0067 
[2025-03-01 18:05:58,728 INFO] 198400 iteration USE_EMA: False, train/sup_loss: 4.2248, train/unsup_loss: 0.0000, train/total_loss: 4.2248, train/util_ratio: 0.0000, train/run_time: 1.1386, lr: 0.0001, train/prefecth_time: 0.0068 
[2025-03-01 18:10:57,988 INFO] validating...
/home/zakerian/miniconda3/envs/usb/lib/python3.8/site-packages/sklearn/metrics/_classification.py:1471: UndefinedMetricWarning: Precision is ill-defined and being set to 0.0 in labels with no predicted samples. Use `zero_division` parameter to control this behavior.
  _warn_prf(average, modifier, msg_start, len(result))
[2025-03-01 18:12:29,366 INFO] confusion matrix:
[[0.0042796  0.00071327 0.00142653 ... 0.0021398  0.00035663 0.0042796 ]
 [0.         0.         0.         ... 0.         0.         0.        ]
 [0.         0.         0.         ... 0.         0.         0.        ]
 ...
 [0.         0.         0.         ... 0.         0.         0.        ]
 [0.         0.         0.         ... 0.         0.         0.        ]
 [0.         0.         0.         ... 0.         0.         0.        ]]
[2025-03-01 18:12:35,907 INFO] model saved: ./saved_models/usb_cv/fixmatch_market1501_transReid_4label/latest_model.pth
[2025-03-01 18:12:35,909 INFO] 198656 iteration, USE_EMA: False, train/sup_loss: 3.6968, train/unsup_loss: 0.0000, train/total_loss: 3.6968, train/util_ratio: 0.0000, train/run_time: 1.1385, eval/loss: 12.4780, eval/top-1-acc: 0.0019, eval/top-5-acc: 0.0077, eval/balanced_acc: 0.0015, eval/precision: 0.0015, eval/recall: 0.0015, eval/F1: 0.0011, eval/rank-1: 0.0019, eval/rank-5: 0.0077, eval/rank-10: 0.0148, eval/mAP: 0.0102, lr: 0.0001, train/prefecth_time: 0.0058 BEST_EVAL_ACC: 0.0036, at 28672 iters
[2025-03-01 18:17:36,380 INFO] 198912 iteration USE_EMA: False, train/sup_loss: 4.0793, train/unsup_loss: 0.0000, train/total_loss: 4.0793, train/util_ratio: 0.0000, train/run_time: 1.1458, lr: 0.0001, train/prefecth_time: 0.0066 
[2025-03-01 18:22:36,154 INFO] 199168 iteration USE_EMA: False, train/sup_loss: 4.4104, train/unsup_loss: 0.0000, train/total_loss: 4.4104, train/util_ratio: 0.0000, train/run_time: 1.1454, lr: 0.0001, train/prefecth_time: 0.0069 
[2025-03-01 18:27:35,933 INFO] 199424 iteration USE_EMA: False, train/sup_loss: 4.3117, train/unsup_loss: 0.0000, train/total_loss: 4.3117, train/util_ratio: 0.0000, train/run_time: 1.1455, lr: 0.0001, train/prefecth_time: 0.0064 
[2025-03-01 18:32:35,735 INFO] 199680 iteration USE_EMA: False, train/sup_loss: 3.6724, train/unsup_loss: 0.0000, train/total_loss: 3.6724, train/util_ratio: 0.0000, train/run_time: 1.1521, lr: 0.0001, train/prefecth_time: 0.0062 
[2025-03-01 18:37:36,400 INFO] 199936 iteration USE_EMA: False, train/sup_loss: 4.7632, train/unsup_loss: 0.0000, train/total_loss: 4.7632, train/util_ratio: 0.0000, train/run_time: 1.1420, lr: 0.0001, train/prefecth_time: 0.0065 
[2025-03-01 18:42:36,194 INFO] 200192 iteration USE_EMA: False, train/sup_loss: 3.5919, train/unsup_loss: 0.0511, train/total_loss: 3.6430, train/util_ratio: 0.0250, train/run_time: 1.1388, lr: 0.0001, train/prefecth_time: 0.0069 
[2025-03-01 18:47:35,909 INFO] 200448 iteration USE_EMA: False, train/sup_loss: 3.3482, train/unsup_loss: 0.0000, train/total_loss: 3.3482, train/util_ratio: 0.0000, train/run_time: 1.1657, lr: 0.0001, train/prefecth_time: 0.0070 
[2025-03-01 18:52:35,876 INFO] validating...
/home/zakerian/miniconda3/envs/usb/lib/python3.8/site-packages/sklearn/metrics/_classification.py:1471: UndefinedMetricWarning: Precision is ill-defined and being set to 0.0 in labels with no predicted samples. Use `zero_division` parameter to control this behavior.
  _warn_prf(average, modifier, msg_start, len(result))
[2025-03-01 18:54:07,539 INFO] confusion matrix:
[[0.00178317 0.00035663 0.00071327 ... 0.0010699  0.0010699  0.00392297]
 [0.         0.         0.         ... 0.         0.         0.        ]
 [0.         0.         0.         ... 0.         0.         0.        ]
 ...
 [0.         0.         0.         ... 0.         0.         0.        ]
 [0.         0.         0.         ... 0.         0.         0.        ]
 [0.         0.         0.         ... 0.         0.         0.        ]]
[2025-03-01 18:54:14,018 INFO] model saved: ./saved_models/usb_cv/fixmatch_market1501_transReid_4label/latest_model.pth
[2025-03-01 18:54:14,020 INFO] 200704 iteration, USE_EMA: False, train/sup_loss: 4.1421, train/unsup_loss: 0.0000, train/total_loss: 4.1421, train/util_ratio: 0.0000, train/run_time: 1.1346, eval/loss: 12.6804, eval/top-1-acc: 0.0016, eval/top-5-acc: 0.0067, eval/balanced_acc: 0.0015, eval/precision: 0.0012, eval/recall: 0.0015, eval/F1: 0.0009, eval/rank-1: 0.0016, eval/rank-5: 0.0067, eval/rank-10: 0.0123, eval/mAP: 0.0095, lr: 0.0001, train/prefecth_time: 0.0063 BEST_EVAL_ACC: 0.0036, at 28672 iters
[2025-03-01 18:59:14,806 INFO] 200960 iteration USE_EMA: False, train/sup_loss: 3.7030, train/unsup_loss: 0.0000, train/total_loss: 3.7030, train/util_ratio: 0.0000, train/run_time: 1.1518, lr: 0.0001, train/prefecth_time: 0.0066 
[2025-03-01 19:04:14,840 INFO] 201216 iteration USE_EMA: False, train/sup_loss: 3.5178, train/unsup_loss: 0.0000, train/total_loss: 3.5178, train/util_ratio: 0.0000, train/run_time: 1.1533, lr: 0.0001, train/prefecth_time: 0.0097 
[2025-03-01 19:09:14,711 INFO] 201472 iteration USE_EMA: False, train/sup_loss: 4.3408, train/unsup_loss: 0.0000, train/total_loss: 4.3408, train/util_ratio: 0.0000, train/run_time: 1.1413, lr: 0.0001, train/prefecth_time: 0.0067 
[2025-03-01 19:14:14,699 INFO] 201728 iteration USE_EMA: False, train/sup_loss: 3.5608, train/unsup_loss: 0.0000, train/total_loss: 3.5608, train/util_ratio: 0.0000, train/run_time: 1.1478, lr: 0.0001, train/prefecth_time: 0.0064 
[2025-03-01 19:19:15,548 INFO] 201984 iteration USE_EMA: False, train/sup_loss: 4.4525, train/unsup_loss: 0.0000, train/total_loss: 4.4525, train/util_ratio: 0.0000, train/run_time: 1.1523, lr: 0.0001, train/prefecth_time: 0.0062 
[2025-03-01 19:24:15,527 INFO] 202240 iteration USE_EMA: False, train/sup_loss: 4.2949, train/unsup_loss: 0.0013, train/total_loss: 4.2962, train/util_ratio: 0.0250, train/run_time: 1.1557, lr: 0.0001, train/prefecth_time: 0.0065 
[2025-03-01 19:29:15,339 INFO] 202496 iteration USE_EMA: False, train/sup_loss: 2.4155, train/unsup_loss: 0.0000, train/total_loss: 2.4155, train/util_ratio: 0.0000, train/run_time: 1.1439, lr: 0.0001, train/prefecth_time: 0.0063 
[2025-03-01 19:34:15,226 INFO] validating...
/home/zakerian/miniconda3/envs/usb/lib/python3.8/site-packages/sklearn/metrics/_classification.py:1471: UndefinedMetricWarning: Precision is ill-defined and being set to 0.0 in labels with no predicted samples. Use `zero_division` parameter to control this behavior.
  _warn_prf(average, modifier, msg_start, len(result))
[2025-03-01 19:35:46,876 INFO] confusion matrix:
[[0.00142653 0.00071327 0.00071327 ... 0.00249643 0.00035663 0.0032097 ]
 [0.         0.         0.         ... 0.         0.         0.        ]
 [0.         0.         0.         ... 0.         0.         0.        ]
 ...
 [0.         0.         0.         ... 0.0625     0.         0.        ]
 [0.         0.         0.         ... 0.         0.         0.        ]
 [0.         0.         0.         ... 0.         0.         0.        ]]
[2025-03-01 19:35:53,355 INFO] model saved: ./saved_models/usb_cv/fixmatch_market1501_transReid_4label/latest_model.pth
[2025-03-01 19:35:53,357 INFO] 202752 iteration, USE_EMA: False, train/sup_loss: 3.6549, train/unsup_loss: 0.0000, train/total_loss: 3.6549, train/util_ratio: 0.0000, train/run_time: 1.1338, eval/loss: 12.8568, eval/top-1-acc: 0.0016, eval/top-5-acc: 0.0058, eval/balanced_acc: 0.0017, eval/precision: 0.0019, eval/recall: 0.0017, eval/F1: 0.0012, eval/rank-1: 0.0016, eval/rank-5: 0.0058, eval/rank-10: 0.0117, eval/mAP: 0.0091, lr: 0.0001, train/prefecth_time: 0.0060 BEST_EVAL_ACC: 0.0036, at 28672 iters
[2025-03-01 19:40:54,090 INFO] 203008 iteration USE_EMA: False, train/sup_loss: 3.9797, train/unsup_loss: 0.0000, train/total_loss: 3.9797, train/util_ratio: 0.0000, train/run_time: 1.1497, lr: 0.0001, train/prefecth_time: 0.0070 
[2025-03-01 19:45:54,105 INFO] 203264 iteration USE_EMA: False, train/sup_loss: 3.7530, train/unsup_loss: 0.0000, train/total_loss: 3.7530, train/util_ratio: 0.0000, train/run_time: 1.1413, lr: 0.0001, train/prefecth_time: 0.0070 
[2025-03-01 19:50:54,070 INFO] 203520 iteration USE_EMA: False, train/sup_loss: 4.1056, train/unsup_loss: 0.0000, train/total_loss: 4.1056, train/util_ratio: 0.0000, train/run_time: 1.1502, lr: 0.0001, train/prefecth_time: 0.0064 
[2025-03-01 19:55:54,059 INFO] 203776 iteration USE_EMA: False, train/sup_loss: 4.7461, train/unsup_loss: 0.0000, train/total_loss: 4.7461, train/util_ratio: 0.0000, train/run_time: 1.1527, lr: 0.0001, train/prefecth_time: 0.0059 
[2025-03-01 20:00:54,914 INFO] 204032 iteration USE_EMA: False, train/sup_loss: 4.0834, train/unsup_loss: 0.0000, train/total_loss: 4.0834, train/util_ratio: 0.0000, train/run_time: 1.1447, lr: 0.0001, train/prefecth_time: 0.0061 
[2025-03-01 20:05:54,927 INFO] 204288 iteration USE_EMA: False, train/sup_loss: 3.8246, train/unsup_loss: 0.0000, train/total_loss: 3.8246, train/util_ratio: 0.0000, train/run_time: 1.1419, lr: 0.0001, train/prefecth_time: 0.0093 
[2025-03-01 20:10:54,809 INFO] 204544 iteration USE_EMA: False, train/sup_loss: 3.1315, train/unsup_loss: 0.0000, train/total_loss: 3.1315, train/util_ratio: 0.0000, train/run_time: 1.1589, lr: 0.0001, train/prefecth_time: 0.0091 
[2025-03-01 20:15:54,822 INFO] validating...
/home/zakerian/miniconda3/envs/usb/lib/python3.8/site-packages/sklearn/metrics/_classification.py:1471: UndefinedMetricWarning: Precision is ill-defined and being set to 0.0 in labels with no predicted samples. Use `zero_division` parameter to control this behavior.
  _warn_prf(average, modifier, msg_start, len(result))
[2025-03-01 20:17:26,188 INFO] confusion matrix:
[[0.00285307 0.0010699  0.00035663 ... 0.00178317 0.00035663 0.00356633]
 [0.         0.         0.         ... 0.         0.         0.        ]
 [0.         0.         0.         ... 0.         0.         0.        ]
 ...
 [0.         0.         0.         ... 0.         0.         0.        ]
 [0.         0.         0.         ... 0.         0.         0.        ]
 [0.         0.         0.         ... 0.         0.         0.        ]]
[2025-03-01 20:17:32,669 INFO] model saved: ./saved_models/usb_cv/fixmatch_market1501_transReid_4label/latest_model.pth
[2025-03-01 20:17:32,671 INFO] 204800 iteration, USE_EMA: False, train/sup_loss: 3.4461, train/unsup_loss: 0.0000, train/total_loss: 3.4461, train/util_ratio: 0.0000, train/run_time: 1.1451, eval/loss: 12.7717, eval/top-1-acc: 0.0013, eval/top-5-acc: 0.0068, eval/balanced_acc: 0.0011, eval/precision: 0.0010, eval/recall: 0.0011, eval/F1: 0.0007, eval/rank-1: 0.0013, eval/rank-5: 0.0068, eval/rank-10: 0.0133, eval/mAP: 0.0096, lr: 0.0001, train/prefecth_time: 0.0063 BEST_EVAL_ACC: 0.0036, at 28672 iters
[2025-03-01 20:17:41,385 INFO] model saved: ./saved_models/usb_cv/fixmatch_market1501_transReid_4label/latest_model.pth
[2025-03-01 20:17:41,403 INFO] Model result - eval/best_acc : 0.003578652559514548
[2025-03-01 20:17:41,403 INFO] Model result - eval/best_it : 28671
[2025-03-01 20:17:41,403 WARNING] GPU 0 training is FINISHED
