nohup: ignoring input
train.py:287: UserWarning: You have chosen to seed training. This will turn on the CUDNN deterministic setting, which can slow down your training considerably! You may see unexpected behavior when restarting from checkpoints.
  warnings.warn(
train.py:298: UserWarning: You have chosen a specific GPU. This will completely disable data parallelism.
  warnings.warn(
[2025-02-21 15:09:05,343 INFO] Use GPU: 0 for training
/home/zakerian/USB/Semi-supervised-learning/semilearn/core/algorithmbase.py:65: FutureWarning: `torch.cuda.amp.GradScaler(args...)` is deprecated. Please use `torch.amp.GradScaler('cuda', args...)` instead.
  self.loss_scaler = GradScaler()
[2025-02-21 15:09:05,916 INFO] unlabeled data number: 10052, labeled data number 751
[2025-02-21 15:09:05,916 INFO] Create train and test data loaders
[2025-02-21 15:09:05,916 INFO] [!] data loader keys: dict_keys(['train_lb', 'train_ulb', 'eval'])
[2025-02-21 15:09:06,524 INFO] Create optimizer and scheduler
[2025-02-21 15:09:06,527 INFO] Number of Trainable Params: 25046831
[2025-02-21 15:09:06,687 INFO] Arguments: Namespace(T=0.5, algorithm='fixmatch', amp=False, batch_size=8, c='config/usb_cv/fixmatch/fixmatch_market1501.yaml', clip=0.0, clip_grad=0, crop_ratio=0.875, data_dir='./data', dataset='market1501', dist_backend='gloo', dist_url='tcp://127.0.0.1:24460', distributed=False, ema_m=0.0, epoch=200, eval_batch_size=16, gpu=0, hard_label=True, imb_algorithm=None, img_size='(384, 128)', include_lb_to_ulb=True, layer_decay=0.95, lb_dest_len=751, lb_imb_ratio=1, load_path='./saved_models/usb_cv/fixmatch_market1501/latest_model.pth', lr=0.0005, max_length=512, max_length_seconds=4.0, momentum=0.9, multiprocessing_distributed=False, net='resnet50', net_from_name=False, num_classes=751, num_eval_iter=2048, num_labels=751, num_log_iter=256, num_train_iter=204800, num_warmup_iter=5120, num_workers=4, optim='AdamW', overwrite=True, p_cutoff=0.95, pretrain_path='./resnet50-19c8e357.pth', rank=0, resume=False, sample_rate=16000, save_dir='./saved_models/usb_cv/', save_name='fixmatch_market1501_trainsplit', seed=0, train_sampler='RandomSampler', ulb_dest_len=10052, ulb_imb_ratio=1, ulb_loss_ratio=1.0, ulb_num_labels=None, uratio=1, use_aim=False, use_cat=True, use_pretrain=True, use_tensorboard=True, use_wandb=False, weight_decay=0.0005, world_size=1)
[2025-02-21 15:09:06,687 INFO] Resume load path ./saved_models/usb_cv/fixmatch_market1501/latest_model.pth does not exist
[2025-02-21 15:09:06,687 INFO] Model training
Train set: 10052 images, 751 identities
Test set: 2884 images, 751 identities
Train set: 10052 images, 751 identities
Test set: 2884 images, 751 identities
[2025-02-21 15:10:02,458 INFO] 256 iteration USE_EMA: False, train/sup_loss: 6.9075, train/unsup_loss: 0.0000, train/total_loss: 6.9075, train/util_ratio: 0.0000, train/run_time: 0.1481, lr: 0.0000, train/prefecth_time: 0.0046 
[2025-02-21 15:10:47,631 INFO] 512 iteration USE_EMA: False, train/sup_loss: 6.6692, train/unsup_loss: 0.0000, train/total_loss: 6.6692, train/util_ratio: 0.0000, train/run_time: 0.1483, lr: 0.0001, train/prefecth_time: 0.0053 
[2025-02-21 15:11:32,856 INFO] 768 iteration USE_EMA: False, train/sup_loss: 6.3629, train/unsup_loss: 0.0000, train/total_loss: 6.3629, train/util_ratio: 0.0000, train/run_time: 0.1475, lr: 0.0001, train/prefecth_time: 0.0040 
[2025-02-21 15:12:18,097 INFO] 1024 iteration USE_EMA: False, train/sup_loss: 6.4964, train/unsup_loss: 0.0000, train/total_loss: 6.4964, train/util_ratio: 0.0000, train/run_time: 0.1467, lr: 0.0001, train/prefecth_time: 0.0040 
[2025-02-21 15:13:03,811 INFO] 1280 iteration USE_EMA: False, train/sup_loss: 6.6402, train/unsup_loss: 0.0000, train/total_loss: 6.6402, train/util_ratio: 0.0000, train/run_time: 0.1478, lr: 0.0001, train/prefecth_time: 0.0041 
[2025-02-21 15:13:48,942 INFO] 1536 iteration USE_EMA: False, train/sup_loss: 6.0297, train/unsup_loss: 0.0000, train/total_loss: 6.0297, train/util_ratio: 0.0000, train/run_time: 0.1478, lr: 0.0001, train/prefecth_time: 0.0037 
[2025-02-21 15:14:34,043 INFO] 1792 iteration USE_EMA: False, train/sup_loss: 4.8668, train/unsup_loss: 0.0000, train/total_loss: 4.8668, train/util_ratio: 0.0000, train/run_time: 0.1476, lr: 0.0002, train/prefecth_time: 0.0039 
[2025-02-21 15:15:19,279 INFO] validating...
/home/zakerian/miniconda3/envs/usb/lib/python3.8/site-packages/sklearn/metrics/_classification.py:1471: UndefinedMetricWarning: Precision is ill-defined and being set to 0.0 in labels with no predicted samples. Use `zero_division` parameter to control this behavior.
  _warn_prf(average, modifier, msg_start, len(result))
[2025-02-21 15:15:26,867 INFO] confusion matrix:
[[0.1        0.         0.         ... 0.         0.         0.        ]
 [0.         0.         0.         ... 0.         0.         0.        ]
 [0.         0.         0.33333333 ... 0.         0.         0.        ]
 ...
 [0.         0.         0.         ... 0.         0.         0.        ]
 [0.         0.         0.         ... 0.         0.         0.        ]
 [0.         0.         0.         ... 0.         0.         0.        ]]
[2025-02-21 15:15:27,281 INFO] model saved: ./saved_models/usb_cv/fixmatch_market1501_trainsplit/latest_model.pth
[2025-02-21 15:15:27,676 INFO] model saved: ./saved_models/usb_cv/fixmatch_market1501_trainsplit/model_best.pth
[2025-02-21 15:15:27,677 INFO] 2048 iteration, USE_EMA: False, train/sup_loss: 5.1189, train/unsup_loss: 0.0000, train/total_loss: 5.1189, train/util_ratio: 0.0000, train/run_time: 0.1472, eval/loss: 7.0268, eval/top-1-acc: 0.0187, eval/top-5-acc: 0.0700, eval/balanced_acc: 0.0210, eval/precision: 0.0087, eval/recall: 0.0210, eval/F1: 0.0093, lr: 0.0002, train/prefecth_time: 0.0036 BEST_EVAL_ACC: 0.0187, at 2048 iters
[2025-02-21 15:16:13,291 INFO] 2304 iteration USE_EMA: False, train/sup_loss: 4.4408, train/unsup_loss: 0.0000, train/total_loss: 4.4408, train/util_ratio: 0.0000, train/run_time: 0.1480, lr: 0.0002, train/prefecth_time: 0.0043 
[2025-02-21 15:16:58,451 INFO] 2560 iteration USE_EMA: False, train/sup_loss: 4.7346, train/unsup_loss: 0.0000, train/total_loss: 4.7346, train/util_ratio: 0.0000, train/run_time: 0.1479, lr: 0.0003, train/prefecth_time: 0.0041 
[2025-02-21 15:17:43,739 INFO] 2816 iteration USE_EMA: False, train/sup_loss: 2.5881, train/unsup_loss: 0.0000, train/total_loss: 2.5881, train/util_ratio: 0.0000, train/run_time: 0.1483, lr: 0.0003, train/prefecth_time: 0.0042 
[2025-02-21 15:18:29,065 INFO] 3072 iteration USE_EMA: False, train/sup_loss: 3.5832, train/unsup_loss: 0.0000, train/total_loss: 3.5832, train/util_ratio: 0.0000, train/run_time: 0.1481, lr: 0.0003, train/prefecth_time: 0.0039 
[2025-02-21 15:19:14,800 INFO] 3328 iteration USE_EMA: False, train/sup_loss: 2.9245, train/unsup_loss: 0.0000, train/total_loss: 2.9245, train/util_ratio: 0.0000, train/run_time: 0.1484, lr: 0.0003, train/prefecth_time: 0.0042 
[2025-02-21 15:19:59,951 INFO] 3584 iteration USE_EMA: False, train/sup_loss: 2.8269, train/unsup_loss: 0.0000, train/total_loss: 2.8269, train/util_ratio: 0.0000, train/run_time: 0.1481, lr: 0.0003, train/prefecth_time: 0.0042 
[2025-02-21 15:20:45,176 INFO] 3840 iteration USE_EMA: False, train/sup_loss: 1.9929, train/unsup_loss: 0.3053, train/total_loss: 2.2982, train/util_ratio: 0.1250, train/run_time: 0.1489, lr: 0.0004, train/prefecth_time: 0.0040 
[2025-02-21 15:21:30,372 INFO] validating...
/home/zakerian/miniconda3/envs/usb/lib/python3.8/site-packages/sklearn/metrics/_classification.py:1471: UndefinedMetricWarning: Precision is ill-defined and being set to 0.0 in labels with no predicted samples. Use `zero_division` parameter to control this behavior.
  _warn_prf(average, modifier, msg_start, len(result))
[2025-02-21 15:21:35,917 INFO] confusion matrix:
[[0.1        0.         0.         ... 0.         0.         0.        ]
 [0.         0.         0.         ... 0.         0.         0.        ]
 [0.         0.         0.33333333 ... 0.         0.         0.        ]
 ...
 [0.         0.         0.         ... 0.         0.         0.        ]
 [0.         0.         0.         ... 0.         0.25       0.        ]
 [0.         0.         0.         ... 0.         0.         0.        ]]
[2025-02-21 15:21:37,847 INFO] model saved: ./saved_models/usb_cv/fixmatch_market1501_trainsplit/latest_model.pth
[2025-02-21 15:21:39,785 INFO] model saved: ./saved_models/usb_cv/fixmatch_market1501_trainsplit/model_best.pth
[2025-02-21 15:21:39,787 INFO] 4096 iteration, USE_EMA: False, train/sup_loss: 1.9481, train/unsup_loss: 0.0000, train/total_loss: 1.9481, train/util_ratio: 0.0000, train/run_time: 0.1474, eval/loss: 9.8892, eval/top-1-acc: 0.0593, eval/top-5-acc: 0.1442, eval/balanced_acc: 0.0663, eval/precision: 0.0611, eval/recall: 0.0663, eval/F1: 0.0472, lr: 0.0004, train/prefecth_time: 0.0039 BEST_EVAL_ACC: 0.0593, at 4096 iters
[2025-02-21 15:22:25,484 INFO] 4352 iteration USE_EMA: False, train/sup_loss: 1.7873, train/unsup_loss: 0.0000, train/total_loss: 1.7873, train/util_ratio: 0.0000, train/run_time: 0.1476, lr: 0.0004, train/prefecth_time: 0.0040 
[2025-02-21 15:23:10,617 INFO] 4608 iteration USE_EMA: False, train/sup_loss: 1.9818, train/unsup_loss: 0.0000, train/total_loss: 1.9818, train/util_ratio: 0.0000, train/run_time: 0.1485, lr: 0.0005, train/prefecth_time: 0.0041 
[2025-02-21 15:23:55,885 INFO] 4864 iteration USE_EMA: False, train/sup_loss: 0.7850, train/unsup_loss: 0.0000, train/total_loss: 0.7850, train/util_ratio: 0.0000, train/run_time: 0.1481, lr: 0.0005, train/prefecth_time: 0.0042 
[2025-02-21 15:24:41,188 INFO] 5120 iteration USE_EMA: False, train/sup_loss: 1.4762, train/unsup_loss: 0.7680, train/total_loss: 2.2441, train/util_ratio: 0.1250, train/run_time: 0.1472, lr: 0.0005, train/prefecth_time: 0.0036 
[2025-02-21 15:25:26,822 INFO] 5376 iteration USE_EMA: False, train/sup_loss: 1.4896, train/unsup_loss: 0.0000, train/total_loss: 1.4896, train/util_ratio: 0.0000, train/run_time: 0.1487, lr: 0.0005, train/prefecth_time: 0.0041 
[2025-02-21 15:26:12,036 INFO] 5632 iteration USE_EMA: False, train/sup_loss: 0.4712, train/unsup_loss: 3.3295, train/total_loss: 3.8008, train/util_ratio: 0.1250, train/run_time: 0.1479, lr: 0.0005, train/prefecth_time: 0.0044 
[2025-02-21 15:26:57,209 INFO] 5888 iteration USE_EMA: False, train/sup_loss: 0.2947, train/unsup_loss: 0.0000, train/total_loss: 0.2947, train/util_ratio: 0.0000, train/run_time: 0.1484, lr: 0.0005, train/prefecth_time: 0.0041 
[2025-02-21 15:27:42,312 INFO] validating...
/home/zakerian/miniconda3/envs/usb/lib/python3.8/site-packages/sklearn/metrics/_classification.py:1471: UndefinedMetricWarning: Precision is ill-defined and being set to 0.0 in labels with no predicted samples. Use `zero_division` parameter to control this behavior.
  _warn_prf(average, modifier, msg_start, len(result))
[2025-02-21 15:27:47,858 INFO] confusion matrix:
[[0.2        0.         0.         ... 0.         0.         0.        ]
 [0.         0.         0.         ... 0.         0.         0.        ]
 [0.         0.         0.33333333 ... 0.         0.         0.        ]
 ...
 [0.         0.         0.         ... 0.14285714 0.         0.        ]
 [0.         0.         0.         ... 0.         0.25       0.        ]
 [0.         0.         0.         ... 0.         0.         0.        ]]
[2025-02-21 15:27:49,926 INFO] model saved: ./saved_models/usb_cv/fixmatch_market1501_trainsplit/latest_model.pth
[2025-02-21 15:27:51,897 INFO] model saved: ./saved_models/usb_cv/fixmatch_market1501_trainsplit/model_best.pth
[2025-02-21 15:27:51,899 INFO] 6144 iteration, USE_EMA: False, train/sup_loss: 1.0171, train/unsup_loss: 0.0000, train/total_loss: 1.0171, train/util_ratio: 0.0000, train/run_time: 0.1481, eval/loss: 11.0504, eval/top-1-acc: 0.0697, eval/top-5-acc: 0.1581, eval/balanced_acc: 0.0770, eval/precision: 0.0883, eval/recall: 0.0770, eval/F1: 0.0663, lr: 0.0005, train/prefecth_time: 0.0036 BEST_EVAL_ACC: 0.0697, at 6144 iters
[2025-02-21 15:28:37,806 INFO] 6400 iteration USE_EMA: False, train/sup_loss: 0.5307, train/unsup_loss: 0.9072, train/total_loss: 1.4379, train/util_ratio: 0.1250, train/run_time: 0.1483, lr: 0.0005, train/prefecth_time: 0.0038 
[2025-02-21 15:29:22,975 INFO] 6656 iteration USE_EMA: False, train/sup_loss: 1.1382, train/unsup_loss: 0.0000, train/total_loss: 1.1382, train/util_ratio: 0.0000, train/run_time: 0.1490, lr: 0.0005, train/prefecth_time: 0.0044 
[2025-02-21 15:30:08,187 INFO] 6912 iteration USE_EMA: False, train/sup_loss: 0.1603, train/unsup_loss: 0.3874, train/total_loss: 0.5477, train/util_ratio: 0.1250, train/run_time: 0.1483, lr: 0.0005, train/prefecth_time: 0.0043 
[2025-02-21 15:30:53,435 INFO] 7168 iteration USE_EMA: False, train/sup_loss: 0.3441, train/unsup_loss: 0.3033, train/total_loss: 0.6473, train/util_ratio: 0.2500, train/run_time: 0.1477, lr: 0.0005, train/prefecth_time: 0.0041 
[2025-02-21 15:31:39,098 INFO] 7424 iteration USE_EMA: False, train/sup_loss: 0.3348, train/unsup_loss: 1.6113, train/total_loss: 1.9461, train/util_ratio: 0.1250, train/run_time: 0.1477, lr: 0.0005, train/prefecth_time: 0.0039 
[2025-02-21 15:32:24,251 INFO] 7680 iteration USE_EMA: False, train/sup_loss: 0.7971, train/unsup_loss: 0.0000, train/total_loss: 0.7971, train/util_ratio: 0.0000, train/run_time: 0.1489, lr: 0.0005, train/prefecth_time: 0.0039 
[2025-02-21 15:33:09,400 INFO] 7936 iteration USE_EMA: False, train/sup_loss: 0.6240, train/unsup_loss: 0.5617, train/total_loss: 1.1857, train/util_ratio: 0.2500, train/run_time: 0.1477, lr: 0.0005, train/prefecth_time: 0.0041 
[2025-02-21 15:33:54,551 INFO] validating...
/home/zakerian/miniconda3/envs/usb/lib/python3.8/site-packages/sklearn/metrics/_classification.py:1471: UndefinedMetricWarning: Precision is ill-defined and being set to 0.0 in labels with no predicted samples. Use `zero_division` parameter to control this behavior.
  _warn_prf(average, modifier, msg_start, len(result))
[2025-02-21 15:34:00,098 INFO] confusion matrix:
[[0.         0.         0.         ... 0.         0.         0.        ]
 [0.         0.         0.         ... 0.         0.         0.        ]
 [0.         0.         0.33333333 ... 0.         0.         0.        ]
 ...
 [0.         0.         0.         ... 0.14285714 0.         0.        ]
 [0.         0.         0.         ... 0.         0.25       0.        ]
 [0.         0.         0.         ... 0.         0.         0.        ]]
[2025-02-21 15:34:02,042 INFO] model saved: ./saved_models/usb_cv/fixmatch_market1501_trainsplit/latest_model.pth
[2025-02-21 15:34:04,011 INFO] model saved: ./saved_models/usb_cv/fixmatch_market1501_trainsplit/model_best.pth
[2025-02-21 15:34:04,013 INFO] 8192 iteration, USE_EMA: False, train/sup_loss: 0.1909, train/unsup_loss: 0.0000, train/total_loss: 0.1909, train/util_ratio: 0.0000, train/run_time: 0.1480, eval/loss: 10.5887, eval/top-1-acc: 0.0867, eval/top-5-acc: 0.1904, eval/balanced_acc: 0.0943, eval/precision: 0.1037, eval/recall: 0.0943, eval/F1: 0.0763, lr: 0.0005, train/prefecth_time: 0.0042 BEST_EVAL_ACC: 0.0867, at 8192 iters
[2025-02-21 15:34:49,776 INFO] 8448 iteration USE_EMA: False, train/sup_loss: 0.6632, train/unsup_loss: 1.6624, train/total_loss: 2.3256, train/util_ratio: 0.2500, train/run_time: 0.1486, lr: 0.0005, train/prefecth_time: 0.0052 
[2025-02-21 15:35:34,967 INFO] 8704 iteration USE_EMA: False, train/sup_loss: 0.1739, train/unsup_loss: 0.0000, train/total_loss: 0.1739, train/util_ratio: 0.0000, train/run_time: 0.1479, lr: 0.0005, train/prefecth_time: 0.0041 
[2025-02-21 15:36:20,134 INFO] 8960 iteration USE_EMA: False, train/sup_loss: 0.0925, train/unsup_loss: 0.0000, train/total_loss: 0.0925, train/util_ratio: 0.0000, train/run_time: 0.1482, lr: 0.0005, train/prefecth_time: 0.0055 
[2025-02-21 15:37:05,368 INFO] 9216 iteration USE_EMA: False, train/sup_loss: 0.1516, train/unsup_loss: 0.0211, train/total_loss: 0.1727, train/util_ratio: 0.1250, train/run_time: 0.1471, lr: 0.0005, train/prefecth_time: 0.0039 
[2025-02-21 15:37:51,175 INFO] 9472 iteration USE_EMA: False, train/sup_loss: 0.0462, train/unsup_loss: 1.0922, train/total_loss: 1.1385, train/util_ratio: 0.1250, train/run_time: 0.1481, lr: 0.0005, train/prefecth_time: 0.0039 
[2025-02-21 15:38:36,467 INFO] 9728 iteration USE_EMA: False, train/sup_loss: 0.0989, train/unsup_loss: 0.3175, train/total_loss: 0.4163, train/util_ratio: 0.1250, train/run_time: 0.1483, lr: 0.0005, train/prefecth_time: 0.0043 
[2025-02-21 15:39:21,741 INFO] 9984 iteration USE_EMA: False, train/sup_loss: 0.1127, train/unsup_loss: 1.5980, train/total_loss: 1.7107, train/util_ratio: 0.1250, train/run_time: 0.1479, lr: 0.0005, train/prefecth_time: 0.0046 
[2025-02-21 15:40:07,145 INFO] validating...
/home/zakerian/miniconda3/envs/usb/lib/python3.8/site-packages/sklearn/metrics/_classification.py:1471: UndefinedMetricWarning: Precision is ill-defined and being set to 0.0 in labels with no predicted samples. Use `zero_division` parameter to control this behavior.
  _warn_prf(average, modifier, msg_start, len(result))
[2025-02-21 15:40:12,838 INFO] confusion matrix:
[[0.1        0.         0.         ... 0.         0.         0.        ]
 [0.         0.         0.         ... 0.         0.         0.        ]
 [0.         0.         0.33333333 ... 0.         0.         0.        ]
 ...
 [0.         0.         0.         ... 0.         0.         0.        ]
 [0.         0.         0.         ... 0.         0.25       0.        ]
 [0.         0.         0.         ... 0.         0.         0.        ]]
[2025-02-21 15:40:14,742 INFO] model saved: ./saved_models/usb_cv/fixmatch_market1501_trainsplit/latest_model.pth
[2025-02-21 15:40:14,744 INFO] 10240 iteration, USE_EMA: False, train/sup_loss: 0.1214, train/unsup_loss: 0.7551, train/total_loss: 0.8765, train/util_ratio: 0.2500, train/run_time: 0.1470, eval/loss: 10.9374, eval/top-1-acc: 0.0808, eval/top-5-acc: 0.1772, eval/balanced_acc: 0.0939, eval/precision: 0.1042, eval/recall: 0.0939, eval/F1: 0.0782, lr: 0.0005, train/prefecth_time: 0.0039 BEST_EVAL_ACC: 0.0867, at 8192 iters
[2025-02-21 15:41:00,614 INFO] 10496 iteration USE_EMA: False, train/sup_loss: 0.2247, train/unsup_loss: 1.2047, train/total_loss: 1.4293, train/util_ratio: 0.3750, train/run_time: 0.1479, lr: 0.0005, train/prefecth_time: 0.0042 
[2025-02-21 15:41:45,819 INFO] 10752 iteration USE_EMA: False, train/sup_loss: 0.0091, train/unsup_loss: 0.0000, train/total_loss: 0.0091, train/util_ratio: 0.0000, train/run_time: 0.1487, lr: 0.0005, train/prefecth_time: 0.0042 
[2025-02-21 15:42:31,044 INFO] 11008 iteration USE_EMA: False, train/sup_loss: 0.1352, train/unsup_loss: 0.0000, train/total_loss: 0.1352, train/util_ratio: 0.0000, train/run_time: 0.1479, lr: 0.0005, train/prefecth_time: 0.0044 
[2025-02-21 15:43:16,329 INFO] 11264 iteration USE_EMA: False, train/sup_loss: 0.0133, train/unsup_loss: 0.0000, train/total_loss: 0.0133, train/util_ratio: 0.0000, train/run_time: 0.1475, lr: 0.0005, train/prefecth_time: 0.0039 
[2025-02-21 15:44:01,968 INFO] 11520 iteration USE_EMA: False, train/sup_loss: 0.4570, train/unsup_loss: 0.8537, train/total_loss: 1.3106, train/util_ratio: 0.2500, train/run_time: 0.1486, lr: 0.0005, train/prefecth_time: 0.0040 
[2025-02-21 15:44:47,145 INFO] 11776 iteration USE_EMA: False, train/sup_loss: 0.2384, train/unsup_loss: 0.0000, train/total_loss: 0.2384, train/util_ratio: 0.0000, train/run_time: 0.1487, lr: 0.0005, train/prefecth_time: 0.0044 
[2025-02-21 15:45:32,428 INFO] 12032 iteration USE_EMA: False, train/sup_loss: 0.0535, train/unsup_loss: 1.0303, train/total_loss: 1.0838, train/util_ratio: 0.1250, train/run_time: 0.1481, lr: 0.0005, train/prefecth_time: 0.0043 
[2025-02-21 15:46:17,694 INFO] validating...
/home/zakerian/miniconda3/envs/usb/lib/python3.8/site-packages/sklearn/metrics/_classification.py:1471: UndefinedMetricWarning: Precision is ill-defined and being set to 0.0 in labels with no predicted samples. Use `zero_division` parameter to control this behavior.
  _warn_prf(average, modifier, msg_start, len(result))
[2025-02-21 15:46:23,300 INFO] confusion matrix:
[[0.         0.         0.         ... 0.         0.         0.        ]
 [0.         0.         0.         ... 0.         0.         0.        ]
 [0.         0.         0.33333333 ... 0.         0.         0.        ]
 ...
 [0.         0.         0.         ... 0.28571429 0.         0.        ]
 [0.         0.         0.         ... 0.         0.25       0.        ]
 [0.         0.         0.         ... 0.         0.         0.        ]]
[2025-02-21 15:46:25,218 INFO] model saved: ./saved_models/usb_cv/fixmatch_market1501_trainsplit/latest_model.pth
[2025-02-21 15:46:27,151 INFO] model saved: ./saved_models/usb_cv/fixmatch_market1501_trainsplit/model_best.pth
[2025-02-21 15:46:27,154 INFO] 12288 iteration, USE_EMA: False, train/sup_loss: 0.2019, train/unsup_loss: 2.5897, train/total_loss: 2.7916, train/util_ratio: 0.2500, train/run_time: 0.1474, eval/loss: 10.1522, eval/top-1-acc: 0.0950, eval/top-5-acc: 0.1990, eval/balanced_acc: 0.1074, eval/precision: 0.1139, eval/recall: 0.1074, eval/F1: 0.0878, lr: 0.0005, train/prefecth_time: 0.0038 BEST_EVAL_ACC: 0.0950, at 12288 iters
[2025-02-21 15:47:13,010 INFO] 12544 iteration USE_EMA: False, train/sup_loss: 0.2879, train/unsup_loss: 0.0000, train/total_loss: 0.2879, train/util_ratio: 0.0000, train/run_time: 0.1483, lr: 0.0005, train/prefecth_time: 0.0041 
[2025-02-21 15:47:58,320 INFO] 12800 iteration USE_EMA: False, train/sup_loss: 0.0477, train/unsup_loss: 1.0028, train/total_loss: 1.0505, train/util_ratio: 0.2500, train/run_time: 0.1484, lr: 0.0005, train/prefecth_time: 0.0044 
[2025-02-21 15:48:43,643 INFO] 13056 iteration USE_EMA: False, train/sup_loss: 0.1769, train/unsup_loss: 0.8588, train/total_loss: 1.0357, train/util_ratio: 0.1250, train/run_time: 0.1483, lr: 0.0005, train/prefecth_time: 0.0039 
[2025-02-21 15:49:28,961 INFO] 13312 iteration USE_EMA: False, train/sup_loss: 0.0855, train/unsup_loss: 0.8245, train/total_loss: 0.9099, train/util_ratio: 0.1250, train/run_time: 0.1472, lr: 0.0005, train/prefecth_time: 0.0041 
[2025-02-21 15:50:14,671 INFO] 13568 iteration USE_EMA: False, train/sup_loss: 0.4477, train/unsup_loss: 0.6969, train/total_loss: 1.1446, train/util_ratio: 0.2500, train/run_time: 0.1487, lr: 0.0005, train/prefecth_time: 0.0054 
[2025-02-21 15:50:59,913 INFO] 13824 iteration USE_EMA: False, train/sup_loss: 0.2909, train/unsup_loss: 0.0862, train/total_loss: 0.3770, train/util_ratio: 0.1250, train/run_time: 0.1486, lr: 0.0005, train/prefecth_time: 0.0044 
[2025-02-21 15:51:45,241 INFO] 14080 iteration USE_EMA: False, train/sup_loss: 0.3202, train/unsup_loss: 0.9522, train/total_loss: 1.2723, train/util_ratio: 0.1250, train/run_time: 0.1479, lr: 0.0005, train/prefecth_time: 0.0039 
[2025-02-21 15:52:30,502 INFO] validating...
/home/zakerian/miniconda3/envs/usb/lib/python3.8/site-packages/sklearn/metrics/_classification.py:1471: UndefinedMetricWarning: Precision is ill-defined and being set to 0.0 in labels with no predicted samples. Use `zero_division` parameter to control this behavior.
  _warn_prf(average, modifier, msg_start, len(result))
[2025-02-21 15:52:36,064 INFO] confusion matrix:
[[0.   0.   0.   ... 0.   0.   0.  ]
 [0.   0.   0.   ... 0.   0.   0.  ]
 [0.   0.   0.   ... 0.   0.   0.  ]
 ...
 [0.   0.   0.   ... 0.   0.   0.  ]
 [0.   0.   0.   ... 0.   0.25 0.  ]
 [0.   0.   0.   ... 0.   0.   0.  ]]
[2025-02-21 15:52:37,991 INFO] model saved: ./saved_models/usb_cv/fixmatch_market1501_trainsplit/latest_model.pth
[2025-02-21 15:52:37,993 INFO] 14336 iteration, USE_EMA: False, train/sup_loss: 0.1446, train/unsup_loss: 0.2019, train/total_loss: 0.3465, train/util_ratio: 0.1250, train/run_time: 0.1473, eval/loss: 10.5110, eval/top-1-acc: 0.0950, eval/top-5-acc: 0.2143, eval/balanced_acc: 0.1079, eval/precision: 0.1312, eval/recall: 0.1079, eval/F1: 0.0934, lr: 0.0005, train/prefecth_time: 0.0039 BEST_EVAL_ACC: 0.0950, at 12288 iters
[2025-02-21 15:53:23,784 INFO] 14592 iteration USE_EMA: False, train/sup_loss: 0.0813, train/unsup_loss: 0.7436, train/total_loss: 0.8250, train/util_ratio: 0.2500, train/run_time: 0.1478, lr: 0.0005, train/prefecth_time: 0.0045 
[2025-02-21 15:54:08,966 INFO] 14848 iteration USE_EMA: False, train/sup_loss: 0.0191, train/unsup_loss: 0.7152, train/total_loss: 0.7343, train/util_ratio: 0.2500, train/run_time: 0.1479, lr: 0.0005, train/prefecth_time: 0.0047 
[2025-02-21 15:54:54,345 INFO] 15104 iteration USE_EMA: False, train/sup_loss: 0.2702, train/unsup_loss: 0.7182, train/total_loss: 0.9884, train/util_ratio: 0.1250, train/run_time: 0.1479, lr: 0.0005, train/prefecth_time: 0.0045 
[2025-02-21 15:55:39,714 INFO] 15360 iteration USE_EMA: False, train/sup_loss: 0.0974, train/unsup_loss: 1.0076, train/total_loss: 1.1050, train/util_ratio: 0.2500, train/run_time: 0.1473, lr: 0.0005, train/prefecth_time: 0.0040 
[2025-02-21 15:56:25,383 INFO] 15616 iteration USE_EMA: False, train/sup_loss: 1.1279, train/unsup_loss: 0.3031, train/total_loss: 1.4310, train/util_ratio: 0.1250, train/run_time: 0.1478, lr: 0.0005, train/prefecth_time: 0.0041 
[2025-02-21 15:57:10,498 INFO] 15872 iteration USE_EMA: False, train/sup_loss: 0.0192, train/unsup_loss: 1.4248, train/total_loss: 1.4440, train/util_ratio: 0.2500, train/run_time: 0.1483, lr: 0.0005, train/prefecth_time: 0.0044 
[2025-02-21 15:57:55,678 INFO] 16128 iteration USE_EMA: False, train/sup_loss: 0.0139, train/unsup_loss: 0.0420, train/total_loss: 0.0559, train/util_ratio: 0.2500, train/run_time: 0.1492, lr: 0.0005, train/prefecth_time: 0.0053 
[2025-02-21 15:58:40,838 INFO] validating...
/home/zakerian/miniconda3/envs/usb/lib/python3.8/site-packages/sklearn/metrics/_classification.py:1471: UndefinedMetricWarning: Precision is ill-defined and being set to 0.0 in labels with no predicted samples. Use `zero_division` parameter to control this behavior.
  _warn_prf(average, modifier, msg_start, len(result))
[2025-02-21 15:58:46,428 INFO] confusion matrix:
[[0.1        0.         0.         ... 0.         0.         0.        ]
 [0.         0.         0.         ... 0.         0.         0.        ]
 [0.33333333 0.         0.33333333 ... 0.         0.         0.        ]
 ...
 [0.         0.         0.         ... 0.14285714 0.         0.        ]
 [0.         0.         0.         ... 0.         0.25       0.        ]
 [0.         0.         0.         ... 0.         0.         0.        ]]
[2025-02-21 15:58:48,333 INFO] model saved: ./saved_models/usb_cv/fixmatch_market1501_trainsplit/latest_model.pth
[2025-02-21 15:58:48,336 INFO] 16384 iteration, USE_EMA: False, train/sup_loss: 0.4495, train/unsup_loss: 1.0580, train/total_loss: 1.5076, train/util_ratio: 0.1250, train/run_time: 0.1469, eval/loss: 9.9305, eval/top-1-acc: 0.0950, eval/top-5-acc: 0.2074, eval/balanced_acc: 0.1082, eval/precision: 0.1302, eval/recall: 0.1082, eval/F1: 0.0961, lr: 0.0005, train/prefecth_time: 0.0039 BEST_EVAL_ACC: 0.0950, at 12288 iters
[2025-02-21 15:59:34,130 INFO] 16640 iteration USE_EMA: False, train/sup_loss: 0.5344, train/unsup_loss: 0.0000, train/total_loss: 0.5344, train/util_ratio: 0.0000, train/run_time: 0.1477, lr: 0.0005, train/prefecth_time: 0.0039 
[2025-02-21 16:00:19,309 INFO] 16896 iteration USE_EMA: False, train/sup_loss: 0.0128, train/unsup_loss: 0.0644, train/total_loss: 0.0772, train/util_ratio: 0.1250, train/run_time: 0.1484, lr: 0.0005, train/prefecth_time: 0.0040 
[2025-02-21 16:01:04,468 INFO] 17152 iteration USE_EMA: False, train/sup_loss: 0.0394, train/unsup_loss: 0.0000, train/total_loss: 0.0394, train/util_ratio: 0.0000, train/run_time: 0.1478, lr: 0.0005, train/prefecth_time: 0.0040 
[2025-02-21 16:01:49,648 INFO] 17408 iteration USE_EMA: False, train/sup_loss: 0.0349, train/unsup_loss: 0.2444, train/total_loss: 0.2793, train/util_ratio: 0.1250, train/run_time: 0.1481, lr: 0.0005, train/prefecth_time: 0.0040 
[2025-02-21 16:02:35,302 INFO] 17664 iteration USE_EMA: False, train/sup_loss: 0.0412, train/unsup_loss: 0.7061, train/total_loss: 0.7472, train/util_ratio: 0.1250, train/run_time: 0.1480, lr: 0.0005, train/prefecth_time: 0.0041 
[2025-02-21 16:03:20,425 INFO] 17920 iteration USE_EMA: False, train/sup_loss: 0.0414, train/unsup_loss: 2.1544, train/total_loss: 2.1958, train/util_ratio: 0.3750, train/run_time: 0.1487, lr: 0.0005, train/prefecth_time: 0.0043 
[2025-02-21 16:04:05,584 INFO] 18176 iteration USE_EMA: False, train/sup_loss: 0.0501, train/unsup_loss: 0.2920, train/total_loss: 0.3421, train/util_ratio: 0.1250, train/run_time: 0.1477, lr: 0.0005, train/prefecth_time: 0.0039 
[2025-02-21 16:04:50,718 INFO] validating...
/home/zakerian/miniconda3/envs/usb/lib/python3.8/site-packages/sklearn/metrics/_classification.py:1471: UndefinedMetricWarning: Precision is ill-defined and being set to 0.0 in labels with no predicted samples. Use `zero_division` parameter to control this behavior.
  _warn_prf(average, modifier, msg_start, len(result))
[2025-02-21 16:04:56,271 INFO] confusion matrix:
[[0.1        0.         0.         ... 0.         0.         0.        ]
 [0.         0.         0.         ... 0.         0.         0.        ]
 [0.         0.         0.33333333 ... 0.         0.         0.        ]
 ...
 [0.         0.         0.         ... 0.14285714 0.         0.        ]
 [0.         0.         0.         ... 0.         0.25       0.        ]
 [0.         0.         0.         ... 0.         0.         0.        ]]
[2025-02-21 16:04:58,196 INFO] model saved: ./saved_models/usb_cv/fixmatch_market1501_trainsplit/latest_model.pth
[2025-02-21 16:05:00,190 INFO] model saved: ./saved_models/usb_cv/fixmatch_market1501_trainsplit/model_best.pth
[2025-02-21 16:05:00,193 INFO] 18432 iteration, USE_EMA: False, train/sup_loss: 0.0072, train/unsup_loss: 0.0687, train/total_loss: 0.0760, train/util_ratio: 0.1250, train/run_time: 0.1472, eval/loss: 9.8290, eval/top-1-acc: 0.1130, eval/top-5-acc: 0.2146, eval/balanced_acc: 0.1272, eval/precision: 0.1477, eval/recall: 0.1272, eval/F1: 0.1118, lr: 0.0005, train/prefecth_time: 0.0037 BEST_EVAL_ACC: 0.1130, at 18432 iters
[2025-02-21 16:05:46,064 INFO] 18688 iteration USE_EMA: False, train/sup_loss: 0.0864, train/unsup_loss: 0.0547, train/total_loss: 0.1411, train/util_ratio: 0.1250, train/run_time: 0.1487, lr: 0.0005, train/prefecth_time: 0.0056 
[2025-02-21 16:06:31,237 INFO] 18944 iteration USE_EMA: False, train/sup_loss: 0.0798, train/unsup_loss: 0.0000, train/total_loss: 0.0798, train/util_ratio: 0.0000, train/run_time: 0.1481, lr: 0.0005, train/prefecth_time: 0.0041 
[2025-02-21 16:07:16,400 INFO] 19200 iteration USE_EMA: False, train/sup_loss: 0.0030, train/unsup_loss: 0.0005, train/total_loss: 0.0035, train/util_ratio: 0.1250, train/run_time: 0.1480, lr: 0.0005, train/prefecth_time: 0.0039 
[2025-02-21 16:08:01,579 INFO] 19456 iteration USE_EMA: False, train/sup_loss: 0.1226, train/unsup_loss: 0.0000, train/total_loss: 0.1226, train/util_ratio: 0.0000, train/run_time: 0.1480, lr: 0.0005, train/prefecth_time: 0.0039 
[2025-02-21 16:08:47,318 INFO] 19712 iteration USE_EMA: False, train/sup_loss: 0.0396, train/unsup_loss: 0.5136, train/total_loss: 0.5532, train/util_ratio: 0.2500, train/run_time: 0.1481, lr: 0.0005, train/prefecth_time: 0.0041 
[2025-02-21 16:09:32,428 INFO] 19968 iteration USE_EMA: False, train/sup_loss: 0.1299, train/unsup_loss: 0.0002, train/total_loss: 0.1301, train/util_ratio: 0.1250, train/run_time: 0.1482, lr: 0.0005, train/prefecth_time: 0.0043 
[2025-02-21 16:10:17,594 INFO] 20224 iteration USE_EMA: False, train/sup_loss: 0.0169, train/unsup_loss: 0.0000, train/total_loss: 0.0169, train/util_ratio: 0.0000, train/run_time: 0.1482, lr: 0.0005, train/prefecth_time: 0.0043 
[2025-02-21 16:11:02,881 INFO] validating...
/home/zakerian/miniconda3/envs/usb/lib/python3.8/site-packages/sklearn/metrics/_classification.py:1471: UndefinedMetricWarning: Precision is ill-defined and being set to 0.0 in labels with no predicted samples. Use `zero_division` parameter to control this behavior.
  _warn_prf(average, modifier, msg_start, len(result))
[2025-02-21 16:11:08,478 INFO] confusion matrix:
[[0.1        0.         0.         ... 0.         0.         0.        ]
 [0.         0.         0.         ... 0.         0.         0.        ]
 [0.         0.         0.         ... 0.         0.         0.        ]
 ...
 [0.         0.         0.         ... 0.28571429 0.         0.        ]
 [0.         0.         0.         ... 0.         0.25       0.        ]
 [0.         0.         0.         ... 0.         0.         0.        ]]
[2025-02-21 16:11:10,408 INFO] model saved: ./saved_models/usb_cv/fixmatch_market1501_trainsplit/latest_model.pth
[2025-02-21 16:11:10,411 INFO] 20480 iteration, USE_EMA: False, train/sup_loss: 0.0605, train/unsup_loss: 0.0226, train/total_loss: 0.0831, train/util_ratio: 0.1250, train/run_time: 0.1476, eval/loss: 9.7483, eval/top-1-acc: 0.1068, eval/top-5-acc: 0.2181, eval/balanced_acc: 0.1181, eval/precision: 0.1348, eval/recall: 0.1181, eval/F1: 0.1010, lr: 0.0005, train/prefecth_time: 0.0037 BEST_EVAL_ACC: 0.1130, at 18432 iters
[2025-02-21 16:11:56,109 INFO] 20736 iteration USE_EMA: False, train/sup_loss: 0.0262, train/unsup_loss: 0.8408, train/total_loss: 0.8670, train/util_ratio: 0.3750, train/run_time: 0.1480, lr: 0.0005, train/prefecth_time: 0.0045 
[2025-02-21 16:12:41,401 INFO] 20992 iteration USE_EMA: False, train/sup_loss: 0.0275, train/unsup_loss: 0.0589, train/total_loss: 0.0864, train/util_ratio: 0.2500, train/run_time: 0.1483, lr: 0.0005, train/prefecth_time: 0.0044 
[2025-02-21 16:13:26,561 INFO] 21248 iteration USE_EMA: False, train/sup_loss: 0.0042, train/unsup_loss: 0.9777, train/total_loss: 0.9819, train/util_ratio: 0.1250, train/run_time: 0.1490, lr: 0.0005, train/prefecth_time: 0.0044 
[2025-02-21 16:14:11,670 INFO] 21504 iteration USE_EMA: False, train/sup_loss: 0.1007, train/unsup_loss: 2.3934, train/total_loss: 2.4940, train/util_ratio: 0.3750, train/run_time: 0.1472, lr: 0.0005, train/prefecth_time: 0.0040 
[2025-02-21 16:14:57,405 INFO] 21760 iteration USE_EMA: False, train/sup_loss: 0.0686, train/unsup_loss: 0.4747, train/total_loss: 0.5433, train/util_ratio: 0.1250, train/run_time: 0.1484, lr: 0.0005, train/prefecth_time: 0.0056 
[2025-02-21 16:15:42,580 INFO] 22016 iteration USE_EMA: False, train/sup_loss: 0.0124, train/unsup_loss: 0.9432, train/total_loss: 0.9557, train/util_ratio: 0.3750, train/run_time: 0.1479, lr: 0.0005, train/prefecth_time: 0.0041 
[2025-02-21 16:16:27,676 INFO] 22272 iteration USE_EMA: False, train/sup_loss: 0.0050, train/unsup_loss: 0.0000, train/total_loss: 0.0050, train/util_ratio: 0.0000, train/run_time: 0.1480, lr: 0.0005, train/prefecth_time: 0.0042 
[2025-02-21 16:17:12,921 INFO] validating...
/home/zakerian/miniconda3/envs/usb/lib/python3.8/site-packages/sklearn/metrics/_classification.py:1471: UndefinedMetricWarning: Precision is ill-defined and being set to 0.0 in labels with no predicted samples. Use `zero_division` parameter to control this behavior.
  _warn_prf(average, modifier, msg_start, len(result))
[2025-02-21 16:17:18,489 INFO] confusion matrix:
[[0.3        0.         0.         ... 0.         0.         0.        ]
 [0.         0.         0.         ... 0.         0.         0.        ]
 [0.         0.         0.33333333 ... 0.         0.         0.        ]
 ...
 [0.         0.         0.         ... 0.42857143 0.         0.        ]
 [0.         0.         0.         ... 0.         0.         0.        ]
 [0.         0.         0.         ... 0.         0.         0.        ]]
[2025-02-21 16:17:20,402 INFO] model saved: ./saved_models/usb_cv/fixmatch_market1501_trainsplit/latest_model.pth
[2025-02-21 16:17:20,405 INFO] 22528 iteration, USE_EMA: False, train/sup_loss: 0.0152, train/unsup_loss: 0.0563, train/total_loss: 0.0715, train/util_ratio: 0.2500, train/run_time: 0.1470, eval/loss: 9.3570, eval/top-1-acc: 0.1082, eval/top-5-acc: 0.2278, eval/balanced_acc: 0.1188, eval/precision: 0.1386, eval/recall: 0.1188, eval/F1: 0.1007, lr: 0.0005, train/prefecth_time: 0.0039 BEST_EVAL_ACC: 0.1130, at 18432 iters
[2025-02-21 16:18:06,164 INFO] 22784 iteration USE_EMA: False, train/sup_loss: 0.0071, train/unsup_loss: 0.0955, train/total_loss: 0.1026, train/util_ratio: 0.2500, train/run_time: 0.1482, lr: 0.0005, train/prefecth_time: 0.0041 
[2025-02-21 16:18:51,431 INFO] 23040 iteration USE_EMA: False, train/sup_loss: 0.0269, train/unsup_loss: 0.7873, train/total_loss: 0.8142, train/util_ratio: 0.2500, train/run_time: 0.1487, lr: 0.0005, train/prefecth_time: 0.0044 
[2025-02-21 16:19:36,804 INFO] 23296 iteration USE_EMA: False, train/sup_loss: 0.0162, train/unsup_loss: 0.0000, train/total_loss: 0.0162, train/util_ratio: 0.0000, train/run_time: 0.1475, lr: 0.0005, train/prefecth_time: 0.0041 
[2025-02-21 16:20:22,106 INFO] 23552 iteration USE_EMA: False, train/sup_loss: 0.0058, train/unsup_loss: 0.0007, train/total_loss: 0.0065, train/util_ratio: 0.1250, train/run_time: 0.1474, lr: 0.0005, train/prefecth_time: 0.0040 
[2025-02-21 16:21:07,890 INFO] 23808 iteration USE_EMA: False, train/sup_loss: 0.0517, train/unsup_loss: 0.8321, train/total_loss: 0.8839, train/util_ratio: 0.2500, train/run_time: 0.1479, lr: 0.0005, train/prefecth_time: 0.0043 
[2025-02-21 16:21:53,040 INFO] 24064 iteration USE_EMA: False, train/sup_loss: 0.0472, train/unsup_loss: 0.9935, train/total_loss: 1.0407, train/util_ratio: 0.2500, train/run_time: 0.1484, lr: 0.0005, train/prefecth_time: 0.0043 
[2025-02-21 16:22:38,373 INFO] 24320 iteration USE_EMA: False, train/sup_loss: 0.0038, train/unsup_loss: 1.1092, train/total_loss: 1.1130, train/util_ratio: 0.2500, train/run_time: 0.1482, lr: 0.0005, train/prefecth_time: 0.0039 
[2025-02-21 16:23:23,641 INFO] validating...
/home/zakerian/miniconda3/envs/usb/lib/python3.8/site-packages/sklearn/metrics/_classification.py:1471: UndefinedMetricWarning: Precision is ill-defined and being set to 0.0 in labels with no predicted samples. Use `zero_division` parameter to control this behavior.
  _warn_prf(average, modifier, msg_start, len(result))
[2025-02-21 16:23:29,224 INFO] confusion matrix:
[[0.1        0.         0.         ... 0.         0.         0.        ]
 [0.         0.         0.         ... 0.         0.         0.        ]
 [0.         0.         0.33333333 ... 0.         0.         0.        ]
 ...
 [0.         0.         0.         ... 0.28571429 0.         0.        ]
 [0.         0.         0.         ... 0.         0.25       0.        ]
 [0.         0.         0.         ... 0.         0.         0.        ]]
[2025-02-21 16:23:31,166 INFO] model saved: ./saved_models/usb_cv/fixmatch_market1501_trainsplit/latest_model.pth
[2025-02-21 16:23:33,186 INFO] model saved: ./saved_models/usb_cv/fixmatch_market1501_trainsplit/model_best.pth
[2025-02-21 16:23:33,188 INFO] 24576 iteration, USE_EMA: False, train/sup_loss: 0.0074, train/unsup_loss: 0.5350, train/total_loss: 0.5424, train/util_ratio: 0.1250, train/run_time: 0.1480, eval/loss: 9.7658, eval/top-1-acc: 0.1172, eval/top-5-acc: 0.2441, eval/balanced_acc: 0.1277, eval/precision: 0.1506, eval/recall: 0.1277, eval/F1: 0.1118, lr: 0.0005, train/prefecth_time: 0.0036 BEST_EVAL_ACC: 0.1172, at 24576 iters
[2025-02-21 16:24:18,895 INFO] 24832 iteration USE_EMA: False, train/sup_loss: 0.0176, train/unsup_loss: 0.0000, train/total_loss: 0.0176, train/util_ratio: 0.0000, train/run_time: 0.1482, lr: 0.0005, train/prefecth_time: 0.0045 
[2025-02-21 16:25:04,128 INFO] 25088 iteration USE_EMA: False, train/sup_loss: 0.0006, train/unsup_loss: 0.1589, train/total_loss: 0.1595, train/util_ratio: 0.2500, train/run_time: 0.1486, lr: 0.0005, train/prefecth_time: 0.0044 
[2025-02-21 16:25:49,330 INFO] 25344 iteration USE_EMA: False, train/sup_loss: 0.0118, train/unsup_loss: 0.0298, train/total_loss: 0.0416, train/util_ratio: 0.1250, train/run_time: 0.1487, lr: 0.0005, train/prefecth_time: 0.0045 
[2025-02-21 16:26:34,540 INFO] 25600 iteration USE_EMA: False, train/sup_loss: 0.8912, train/unsup_loss: 0.0111, train/total_loss: 0.9023, train/util_ratio: 0.1250, train/run_time: 0.1477, lr: 0.0005, train/prefecth_time: 0.0040 
[2025-02-21 16:27:20,262 INFO] 25856 iteration USE_EMA: False, train/sup_loss: 0.0374, train/unsup_loss: 0.9210, train/total_loss: 0.9584, train/util_ratio: 0.2500, train/run_time: 0.1490, lr: 0.0005, train/prefecth_time: 0.0044 
[2025-02-21 16:28:05,576 INFO] 26112 iteration USE_EMA: False, train/sup_loss: 0.0571, train/unsup_loss: 0.4105, train/total_loss: 0.4676, train/util_ratio: 0.1250, train/run_time: 0.1477, lr: 0.0005, train/prefecth_time: 0.0043 
[2025-02-21 16:28:50,736 INFO] 26368 iteration USE_EMA: False, train/sup_loss: 0.0032, train/unsup_loss: 1.4482, train/total_loss: 1.4513, train/util_ratio: 0.2500, train/run_time: 0.1478, lr: 0.0005, train/prefecth_time: 0.0044 
[2025-02-21 16:29:35,873 INFO] validating...
/home/zakerian/miniconda3/envs/usb/lib/python3.8/site-packages/sklearn/metrics/_classification.py:1471: UndefinedMetricWarning: Precision is ill-defined and being set to 0.0 in labels with no predicted samples. Use `zero_division` parameter to control this behavior.
  _warn_prf(average, modifier, msg_start, len(result))
[2025-02-21 16:29:41,427 INFO] confusion matrix:
[[0.1        0.         0.         ... 0.         0.         0.        ]
 [0.         0.         0.         ... 0.         0.         0.        ]
 [0.         0.         0.33333333 ... 0.         0.         0.        ]
 ...
 [0.         0.         0.         ... 0.14285714 0.         0.        ]
 [0.         0.         0.         ... 0.         0.25       0.        ]
 [0.         0.         0.         ... 0.         0.         0.        ]]
[2025-02-21 16:29:43,386 INFO] model saved: ./saved_models/usb_cv/fixmatch_market1501_trainsplit/latest_model.pth
[2025-02-21 16:29:45,377 INFO] model saved: ./saved_models/usb_cv/fixmatch_market1501_trainsplit/model_best.pth
[2025-02-21 16:29:45,380 INFO] 26624 iteration, USE_EMA: False, train/sup_loss: 0.0102, train/unsup_loss: 1.0933, train/total_loss: 1.1036, train/util_ratio: 0.2500, train/run_time: 0.1476, eval/loss: 9.2670, eval/top-1-acc: 0.1186, eval/top-5-acc: 0.2451, eval/balanced_acc: 0.1305, eval/precision: 0.1513, eval/recall: 0.1305, eval/F1: 0.1096, lr: 0.0005, train/prefecth_time: 0.0042 BEST_EVAL_ACC: 0.1186, at 26624 iters
[2025-02-21 16:30:31,257 INFO] 26880 iteration USE_EMA: False, train/sup_loss: 0.0081, train/unsup_loss: 0.0000, train/total_loss: 0.0081, train/util_ratio: 0.0000, train/run_time: 0.1474, lr: 0.0005, train/prefecth_time: 0.0043 
[2025-02-21 16:31:16,474 INFO] 27136 iteration USE_EMA: False, train/sup_loss: 0.0020, train/unsup_loss: 0.0000, train/total_loss: 0.0020, train/util_ratio: 0.0000, train/run_time: 0.1479, lr: 0.0005, train/prefecth_time: 0.0043 
[2025-02-21 16:32:01,752 INFO] 27392 iteration USE_EMA: False, train/sup_loss: 0.1646, train/unsup_loss: 0.5987, train/total_loss: 0.7633, train/util_ratio: 0.3750, train/run_time: 0.1484, lr: 0.0005, train/prefecth_time: 0.0045 
[2025-02-21 16:32:47,013 INFO] 27648 iteration USE_EMA: False, train/sup_loss: 0.0080, train/unsup_loss: 0.0000, train/total_loss: 0.0080, train/util_ratio: 0.0000, train/run_time: 0.1476, lr: 0.0005, train/prefecth_time: 0.0037 
[2025-02-21 16:33:32,724 INFO] 27904 iteration USE_EMA: False, train/sup_loss: 0.0775, train/unsup_loss: 0.2125, train/total_loss: 0.2900, train/util_ratio: 0.2500, train/run_time: 0.1484, lr: 0.0005, train/prefecth_time: 0.0042 
[2025-02-21 16:34:17,875 INFO] 28160 iteration USE_EMA: False, train/sup_loss: 0.0275, train/unsup_loss: 0.6745, train/total_loss: 0.7020, train/util_ratio: 0.2500, train/run_time: 0.1483, lr: 0.0005, train/prefecth_time: 0.0039 
[2025-02-21 16:35:02,942 INFO] 28416 iteration USE_EMA: False, train/sup_loss: 0.0073, train/unsup_loss: 0.2289, train/total_loss: 0.2362, train/util_ratio: 0.1250, train/run_time: 0.1490, lr: 0.0005, train/prefecth_time: 0.0041 
[2025-02-21 16:35:48,120 INFO] validating...
/home/zakerian/miniconda3/envs/usb/lib/python3.8/site-packages/sklearn/metrics/_classification.py:1471: UndefinedMetricWarning: Precision is ill-defined and being set to 0.0 in labels with no predicted samples. Use `zero_division` parameter to control this behavior.
  _warn_prf(average, modifier, msg_start, len(result))
[2025-02-21 16:35:53,698 INFO] confusion matrix:
[[0.3        0.         0.         ... 0.         0.         0.        ]
 [0.         0.         0.         ... 0.         0.         0.        ]
 [0.         0.         0.33333333 ... 0.         0.         0.        ]
 ...
 [0.         0.         0.         ... 0.28571429 0.         0.        ]
 [0.         0.         0.         ... 0.         0.25       0.        ]
 [0.         0.         0.         ... 0.         0.         0.        ]]
[2025-02-21 16:35:55,621 INFO] model saved: ./saved_models/usb_cv/fixmatch_market1501_trainsplit/latest_model.pth
[2025-02-21 16:35:57,582 INFO] model saved: ./saved_models/usb_cv/fixmatch_market1501_trainsplit/model_best.pth
[2025-02-21 16:35:57,584 INFO] 28672 iteration, USE_EMA: False, train/sup_loss: 0.0150, train/unsup_loss: 0.0494, train/total_loss: 0.0644, train/util_ratio: 0.1250, train/run_time: 0.1471, eval/loss: 9.1588, eval/top-1-acc: 0.1227, eval/top-5-acc: 0.2576, eval/balanced_acc: 0.1325, eval/precision: 0.1550, eval/recall: 0.1325, eval/F1: 0.1145, lr: 0.0005, train/prefecth_time: 0.0040 BEST_EVAL_ACC: 0.1227, at 28672 iters
[2025-02-21 16:36:43,323 INFO] 28928 iteration USE_EMA: False, train/sup_loss: 0.0035, train/unsup_loss: 0.3897, train/total_loss: 0.3932, train/util_ratio: 0.2500, train/run_time: 0.1482, lr: 0.0005, train/prefecth_time: 0.0044 
[2025-02-21 16:37:28,497 INFO] 29184 iteration USE_EMA: False, train/sup_loss: 0.0325, train/unsup_loss: 0.0009, train/total_loss: 0.0334, train/util_ratio: 0.1250, train/run_time: 0.1484, lr: 0.0005, train/prefecth_time: 0.0040 
[2025-02-21 16:38:13,730 INFO] 29440 iteration USE_EMA: False, train/sup_loss: 0.0131, train/unsup_loss: 1.0543, train/total_loss: 1.0675, train/util_ratio: 0.2500, train/run_time: 0.1480, lr: 0.0005, train/prefecth_time: 0.0042 
[2025-02-21 16:38:58,962 INFO] 29696 iteration USE_EMA: False, train/sup_loss: 0.0038, train/unsup_loss: 0.2648, train/total_loss: 0.2686, train/util_ratio: 0.1250, train/run_time: 0.1469, lr: 0.0005, train/prefecth_time: 0.0039 
[2025-02-21 16:39:44,679 INFO] 29952 iteration USE_EMA: False, train/sup_loss: 0.0032, train/unsup_loss: 0.7034, train/total_loss: 0.7066, train/util_ratio: 0.1250, train/run_time: 0.1476, lr: 0.0005, train/prefecth_time: 0.0043 
[2025-02-21 16:40:30,002 INFO] 30208 iteration USE_EMA: False, train/sup_loss: 0.0015, train/unsup_loss: 0.0000, train/total_loss: 0.0015, train/util_ratio: 0.0000, train/run_time: 0.1489, lr: 0.0005, train/prefecth_time: 0.0043 
[2025-02-21 16:41:15,166 INFO] 30464 iteration USE_EMA: False, train/sup_loss: 0.0089, train/unsup_loss: 0.1384, train/total_loss: 0.1473, train/util_ratio: 0.2500, train/run_time: 0.1485, lr: 0.0005, train/prefecth_time: 0.0045 
[2025-02-21 16:42:00,344 INFO] validating...
/home/zakerian/miniconda3/envs/usb/lib/python3.8/site-packages/sklearn/metrics/_classification.py:1471: UndefinedMetricWarning: Precision is ill-defined and being set to 0.0 in labels with no predicted samples. Use `zero_division` parameter to control this behavior.
  _warn_prf(average, modifier, msg_start, len(result))
[2025-02-21 16:42:05,876 INFO] confusion matrix:
[[0.         0.         0.         ... 0.         0.         0.        ]
 [0.         0.         0.         ... 0.         0.         0.        ]
 [0.         0.         0.33333333 ... 0.         0.         0.        ]
 ...
 [0.         0.         0.         ... 0.28571429 0.         0.        ]
 [0.         0.         0.         ... 0.         0.25       0.        ]
 [0.         0.         0.         ... 0.         0.         0.        ]]
[2025-02-21 16:42:07,810 INFO] model saved: ./saved_models/usb_cv/fixmatch_market1501_trainsplit/latest_model.pth
[2025-02-21 16:42:07,811 INFO] 30720 iteration, USE_EMA: False, train/sup_loss: 0.0043, train/unsup_loss: 0.0000, train/total_loss: 0.0043, train/util_ratio: 0.0000, train/run_time: 0.1476, eval/loss: 9.5619, eval/top-1-acc: 0.1155, eval/top-5-acc: 0.2559, eval/balanced_acc: 0.1222, eval/precision: 0.1553, eval/recall: 0.1222, eval/F1: 0.1091, lr: 0.0005, train/prefecth_time: 0.0040 BEST_EVAL_ACC: 0.1227, at 28672 iters
[2025-02-21 16:42:53,622 INFO] 30976 iteration USE_EMA: False, train/sup_loss: 0.0300, train/unsup_loss: 0.7777, train/total_loss: 0.8077, train/util_ratio: 0.1250, train/run_time: 0.1482, lr: 0.0005, train/prefecth_time: 0.0042 
[2025-02-21 16:43:38,939 INFO] 31232 iteration USE_EMA: False, train/sup_loss: 0.0083, train/unsup_loss: 1.7741, train/total_loss: 1.7824, train/util_ratio: 0.2500, train/run_time: 0.1488, lr: 0.0005, train/prefecth_time: 0.0053 
[2025-02-21 16:44:24,078 INFO] 31488 iteration USE_EMA: False, train/sup_loss: 0.0148, train/unsup_loss: 0.0566, train/total_loss: 0.0714, train/util_ratio: 0.1250, train/run_time: 0.1482, lr: 0.0005, train/prefecth_time: 0.0042 
[2025-02-21 16:45:09,321 INFO] 31744 iteration USE_EMA: False, train/sup_loss: 0.0284, train/unsup_loss: 0.0000, train/total_loss: 0.0284, train/util_ratio: 0.0000, train/run_time: 0.1476, lr: 0.0005, train/prefecth_time: 0.0038 
[2025-02-21 16:45:55,008 INFO] 32000 iteration USE_EMA: False, train/sup_loss: 0.0022, train/unsup_loss: 0.2013, train/total_loss: 0.2035, train/util_ratio: 0.1250, train/run_time: 0.1477, lr: 0.0005, train/prefecth_time: 0.0042 
[2025-02-21 16:46:40,314 INFO] 32256 iteration USE_EMA: False, train/sup_loss: 0.0090, train/unsup_loss: 0.4722, train/total_loss: 0.4812, train/util_ratio: 0.1250, train/run_time: 0.1482, lr: 0.0005, train/prefecth_time: 0.0044 
[2025-02-21 16:47:25,493 INFO] 32512 iteration USE_EMA: False, train/sup_loss: 0.0576, train/unsup_loss: 0.4231, train/total_loss: 0.4807, train/util_ratio: 0.1250, train/run_time: 0.1488, lr: 0.0005, train/prefecth_time: 0.0043 
[2025-02-21 16:48:10,634 INFO] validating...
/home/zakerian/miniconda3/envs/usb/lib/python3.8/site-packages/sklearn/metrics/_classification.py:1471: UndefinedMetricWarning: Precision is ill-defined and being set to 0.0 in labels with no predicted samples. Use `zero_division` parameter to control this behavior.
  _warn_prf(average, modifier, msg_start, len(result))
[2025-02-21 16:48:16,240 INFO] confusion matrix:
[[0.1        0.         0.         ... 0.         0.         0.        ]
 [0.         0.         0.         ... 0.         0.         0.        ]
 [0.         0.         0.33333333 ... 0.         0.         0.        ]
 ...
 [0.         0.         0.         ... 0.28571429 0.         0.        ]
 [0.         0.         0.         ... 0.         0.25       0.        ]
 [0.         0.         0.         ... 0.         0.         0.        ]]
[2025-02-21 16:48:18,162 INFO] model saved: ./saved_models/usb_cv/fixmatch_market1501_trainsplit/latest_model.pth
[2025-02-21 16:48:20,207 INFO] model saved: ./saved_models/usb_cv/fixmatch_market1501_trainsplit/model_best.pth
[2025-02-21 16:48:20,209 INFO] 32768 iteration, USE_EMA: False, train/sup_loss: 0.1794, train/unsup_loss: 0.2603, train/total_loss: 0.4398, train/util_ratio: 0.1250, train/run_time: 0.1475, eval/loss: 9.2417, eval/top-1-acc: 0.1262, eval/top-5-acc: 0.2656, eval/balanced_acc: 0.1320, eval/precision: 0.1591, eval/recall: 0.1320, eval/F1: 0.1179, lr: 0.0005, train/prefecth_time: 0.0036 BEST_EVAL_ACC: 0.1262, at 32768 iters
[2025-02-21 16:49:05,959 INFO] 33024 iteration USE_EMA: False, train/sup_loss: 0.0016, train/unsup_loss: 0.8498, train/total_loss: 0.8514, train/util_ratio: 0.1250, train/run_time: 0.1481, lr: 0.0005, train/prefecth_time: 0.0043 
[2025-02-21 16:49:51,297 INFO] 33280 iteration USE_EMA: False, train/sup_loss: 0.0100, train/unsup_loss: 0.3588, train/total_loss: 0.3687, train/util_ratio: 0.3750, train/run_time: 0.1485, lr: 0.0005, train/prefecth_time: 0.0056 
[2025-02-21 16:50:36,568 INFO] 33536 iteration USE_EMA: False, train/sup_loss: 0.0373, train/unsup_loss: 0.0000, train/total_loss: 0.0373, train/util_ratio: 0.0000, train/run_time: 0.1480, lr: 0.0005, train/prefecth_time: 0.0039 
[2025-02-21 16:51:21,750 INFO] 33792 iteration USE_EMA: False, train/sup_loss: 0.0126, train/unsup_loss: 0.0000, train/total_loss: 0.0126, train/util_ratio: 0.0000, train/run_time: 0.1472, lr: 0.0005, train/prefecth_time: 0.0037 
[2025-02-21 16:52:07,460 INFO] 34048 iteration USE_EMA: False, train/sup_loss: 0.0184, train/unsup_loss: 1.5381, train/total_loss: 1.5565, train/util_ratio: 0.3750, train/run_time: 0.1475, lr: 0.0005, train/prefecth_time: 0.0039 
[2025-02-21 16:52:52,615 INFO] 34304 iteration USE_EMA: False, train/sup_loss: 0.3519, train/unsup_loss: 0.0000, train/total_loss: 0.3519, train/util_ratio: 0.0000, train/run_time: 0.1489, lr: 0.0005, train/prefecth_time: 0.0053 
[2025-02-21 16:53:37,794 INFO] 34560 iteration USE_EMA: False, train/sup_loss: 0.0029, train/unsup_loss: 0.0000, train/total_loss: 0.0029, train/util_ratio: 0.0000, train/run_time: 0.1488, lr: 0.0005, train/prefecth_time: 0.0044 
[2025-02-21 16:54:22,958 INFO] validating...
/home/zakerian/miniconda3/envs/usb/lib/python3.8/site-packages/sklearn/metrics/_classification.py:1471: UndefinedMetricWarning: Precision is ill-defined and being set to 0.0 in labels with no predicted samples. Use `zero_division` parameter to control this behavior.
  _warn_prf(average, modifier, msg_start, len(result))
[2025-02-21 16:54:28,502 INFO] confusion matrix:
[[0.3        0.         0.         ... 0.         0.         0.        ]
 [0.         0.         0.         ... 0.         0.         0.        ]
 [0.33333333 0.         0.33333333 ... 0.         0.         0.        ]
 ...
 [0.         0.         0.         ... 0.28571429 0.         0.        ]
 [0.         0.         0.         ... 0.         0.25       0.        ]
 [0.         0.         0.         ... 0.         0.         0.        ]]
[2025-02-21 16:54:30,468 INFO] model saved: ./saved_models/usb_cv/fixmatch_market1501_trainsplit/latest_model.pth
[2025-02-21 16:54:32,429 INFO] model saved: ./saved_models/usb_cv/fixmatch_market1501_trainsplit/model_best.pth
[2025-02-21 16:54:32,431 INFO] 34816 iteration, USE_EMA: False, train/sup_loss: 0.0833, train/unsup_loss: 0.9261, train/total_loss: 1.0094, train/util_ratio: 0.3750, train/run_time: 0.1466, eval/loss: 9.2964, eval/top-1-acc: 0.1266, eval/top-5-acc: 0.2736, eval/balanced_acc: 0.1429, eval/precision: 0.1713, eval/recall: 0.1429, eval/F1: 0.1292, lr: 0.0005, train/prefecth_time: 0.0039 BEST_EVAL_ACC: 0.1266, at 34816 iters
[2025-02-21 16:55:18,152 INFO] 35072 iteration USE_EMA: False, train/sup_loss: 0.0011, train/unsup_loss: 0.9322, train/total_loss: 0.9333, train/util_ratio: 0.5000, train/run_time: 0.1483, lr: 0.0005, train/prefecth_time: 0.0041 
[2025-02-21 16:56:03,320 INFO] 35328 iteration USE_EMA: False, train/sup_loss: 0.2701, train/unsup_loss: 0.0205, train/total_loss: 0.2906, train/util_ratio: 0.3750, train/run_time: 0.1486, lr: 0.0005, train/prefecth_time: 0.0054 
[2025-02-21 16:56:48,516 INFO] 35584 iteration USE_EMA: False, train/sup_loss: 0.0014, train/unsup_loss: 1.0037, train/total_loss: 1.0051, train/util_ratio: 0.3750, train/run_time: 0.1484, lr: 0.0005, train/prefecth_time: 0.0052 
[2025-02-21 16:57:33,704 INFO] 35840 iteration USE_EMA: False, train/sup_loss: 0.0225, train/unsup_loss: 0.0063, train/total_loss: 0.0289, train/util_ratio: 0.1250, train/run_time: 0.1475, lr: 0.0005, train/prefecth_time: 0.0037 
[2025-02-21 16:58:19,482 INFO] 36096 iteration USE_EMA: False, train/sup_loss: 0.0655, train/unsup_loss: 0.0023, train/total_loss: 0.0678, train/util_ratio: 0.1250, train/run_time: 0.1488, lr: 0.0005, train/prefecth_time: 0.0056 
[2025-02-21 16:59:04,660 INFO] 36352 iteration USE_EMA: False, train/sup_loss: 0.0018, train/unsup_loss: 0.8590, train/total_loss: 0.8608, train/util_ratio: 0.1250, train/run_time: 0.1489, lr: 0.0005, train/prefecth_time: 0.0053 
[2025-02-21 16:59:49,752 INFO] 36608 iteration USE_EMA: False, train/sup_loss: 0.0056, train/unsup_loss: 0.2252, train/total_loss: 0.2309, train/util_ratio: 0.3750, train/run_time: 0.1479, lr: 0.0005, train/prefecth_time: 0.0042 
[2025-02-21 17:00:34,818 INFO] validating...
/home/zakerian/miniconda3/envs/usb/lib/python3.8/site-packages/sklearn/metrics/_classification.py:1471: UndefinedMetricWarning: Precision is ill-defined and being set to 0.0 in labels with no predicted samples. Use `zero_division` parameter to control this behavior.
  _warn_prf(average, modifier, msg_start, len(result))
[2025-02-21 17:00:40,349 INFO] confusion matrix:
[[0.         0.         0.         ... 0.         0.         0.        ]
 [0.         0.         0.         ... 0.         0.         0.        ]
 [0.         0.         0.33333333 ... 0.         0.         0.        ]
 ...
 [0.         0.         0.         ... 0.28571429 0.         0.        ]
 [0.         0.         0.         ... 0.         0.         0.        ]
 [0.         0.         0.         ... 0.         0.         0.        ]]
[2025-02-21 17:00:42,326 INFO] model saved: ./saved_models/usb_cv/fixmatch_market1501_trainsplit/latest_model.pth
[2025-02-21 17:00:44,287 INFO] model saved: ./saved_models/usb_cv/fixmatch_market1501_trainsplit/model_best.pth
[2025-02-21 17:00:44,290 INFO] 36864 iteration, USE_EMA: False, train/sup_loss: 0.0033, train/unsup_loss: 0.1520, train/total_loss: 0.1552, train/util_ratio: 0.1250, train/run_time: 0.1471, eval/loss: 9.2923, eval/top-1-acc: 0.1314, eval/top-5-acc: 0.2590, eval/balanced_acc: 0.1435, eval/precision: 0.1800, eval/recall: 0.1435, eval/F1: 0.1251, lr: 0.0005, train/prefecth_time: 0.0041 BEST_EVAL_ACC: 0.1314, at 36864 iters
[2025-02-21 17:01:29,965 INFO] 37120 iteration USE_EMA: False, train/sup_loss: 0.0341, train/unsup_loss: 0.0000, train/total_loss: 0.0341, train/util_ratio: 0.0000, train/run_time: 0.1477, lr: 0.0005, train/prefecth_time: 0.0041 
[2025-02-21 17:02:15,190 INFO] 37376 iteration USE_EMA: False, train/sup_loss: 0.0015, train/unsup_loss: 0.0000, train/total_loss: 0.0015, train/util_ratio: 0.0000, train/run_time: 0.1483, lr: 0.0005, train/prefecth_time: 0.0047 
[2025-02-21 17:03:00,370 INFO] 37632 iteration USE_EMA: False, train/sup_loss: 0.0075, train/unsup_loss: 0.6526, train/total_loss: 0.6600, train/util_ratio: 0.1250, train/run_time: 0.1479, lr: 0.0005, train/prefecth_time: 0.0043 
[2025-02-21 17:03:45,547 INFO] 37888 iteration USE_EMA: False, train/sup_loss: 0.0003, train/unsup_loss: 0.0000, train/total_loss: 0.0003, train/util_ratio: 0.0000, train/run_time: 0.1474, lr: 0.0005, train/prefecth_time: 0.0038 
[2025-02-21 17:04:31,265 INFO] 38144 iteration USE_EMA: False, train/sup_loss: 0.0206, train/unsup_loss: 0.3685, train/total_loss: 0.3891, train/util_ratio: 0.2500, train/run_time: 0.1479, lr: 0.0005, train/prefecth_time: 0.0045 
[2025-02-21 17:05:16,409 INFO] 38400 iteration USE_EMA: False, train/sup_loss: 0.0048, train/unsup_loss: 0.5943, train/total_loss: 0.5991, train/util_ratio: 0.1250, train/run_time: 0.1487, lr: 0.0005, train/prefecth_time: 0.0037 
[2025-02-21 17:06:01,580 INFO] 38656 iteration USE_EMA: False, train/sup_loss: 0.3288, train/unsup_loss: 0.8366, train/total_loss: 1.1654, train/util_ratio: 0.3750, train/run_time: 0.1481, lr: 0.0005, train/prefecth_time: 0.0044 
[2025-02-21 17:06:46,798 INFO] validating...
/home/zakerian/miniconda3/envs/usb/lib/python3.8/site-packages/sklearn/metrics/_classification.py:1471: UndefinedMetricWarning: Precision is ill-defined and being set to 0.0 in labels with no predicted samples. Use `zero_division` parameter to control this behavior.
  _warn_prf(average, modifier, msg_start, len(result))
[2025-02-21 17:06:52,380 INFO] confusion matrix:
[[0.1        0.         0.         ... 0.         0.         0.        ]
 [0.         0.         0.         ... 0.         0.         0.        ]
 [0.         0.         0.33333333 ... 0.         0.         0.        ]
 ...
 [0.         0.         0.         ... 0.57142857 0.         0.        ]
 [0.         0.         0.         ... 0.         0.25       0.        ]
 [0.         0.         0.         ... 0.         0.         0.        ]]
[2025-02-21 17:06:54,311 INFO] model saved: ./saved_models/usb_cv/fixmatch_market1501_trainsplit/latest_model.pth
[2025-02-21 17:06:56,290 INFO] model saved: ./saved_models/usb_cv/fixmatch_market1501_trainsplit/model_best.pth
[2025-02-21 17:06:56,292 INFO] 38912 iteration, USE_EMA: False, train/sup_loss: 0.0367, train/unsup_loss: 0.0498, train/total_loss: 0.0865, train/util_ratio: 0.1250, train/run_time: 0.1476, eval/loss: 8.9868, eval/top-1-acc: 0.1463, eval/top-5-acc: 0.2739, eval/balanced_acc: 0.1562, eval/precision: 0.1871, eval/recall: 0.1562, eval/F1: 0.1373, lr: 0.0005, train/prefecth_time: 0.0039 BEST_EVAL_ACC: 0.1463, at 38912 iters
[2025-02-21 17:07:42,015 INFO] 39168 iteration USE_EMA: False, train/sup_loss: 0.5407, train/unsup_loss: 0.4734, train/total_loss: 1.0142, train/util_ratio: 0.2500, train/run_time: 0.1477, lr: 0.0005, train/prefecth_time: 0.0040 
[2025-02-21 17:08:27,256 INFO] 39424 iteration USE_EMA: False, train/sup_loss: 0.0084, train/unsup_loss: 0.0000, train/total_loss: 0.0084, train/util_ratio: 0.0000, train/run_time: 0.1481, lr: 0.0005, train/prefecth_time: 0.0044 
[2025-02-21 17:09:12,449 INFO] 39680 iteration USE_EMA: False, train/sup_loss: 0.0549, train/unsup_loss: 0.6812, train/total_loss: 0.7361, train/util_ratio: 0.2500, train/run_time: 0.1482, lr: 0.0005, train/prefecth_time: 0.0044 
[2025-02-21 17:09:57,685 INFO] 39936 iteration USE_EMA: False, train/sup_loss: 0.0005, train/unsup_loss: 0.3689, train/total_loss: 0.3693, train/util_ratio: 0.3750, train/run_time: 0.1471, lr: 0.0005, train/prefecth_time: 0.0037 
[2025-02-21 17:10:43,420 INFO] 40192 iteration USE_EMA: False, train/sup_loss: 0.1352, train/unsup_loss: 0.0000, train/total_loss: 0.1352, train/util_ratio: 0.0000, train/run_time: 0.1476, lr: 0.0005, train/prefecth_time: 0.0043 
[2025-02-21 17:11:28,569 INFO] 40448 iteration USE_EMA: False, train/sup_loss: 0.0347, train/unsup_loss: 0.2010, train/total_loss: 0.2357, train/util_ratio: 0.3750, train/run_time: 0.1486, lr: 0.0005, train/prefecth_time: 0.0052 
[2025-02-21 17:12:13,727 INFO] 40704 iteration USE_EMA: False, train/sup_loss: 0.0673, train/unsup_loss: 1.0755, train/total_loss: 1.1428, train/util_ratio: 0.2500, train/run_time: 0.1482, lr: 0.0005, train/prefecth_time: 0.0037 
[2025-02-21 17:12:59,041 INFO] validating...
/home/zakerian/miniconda3/envs/usb/lib/python3.8/site-packages/sklearn/metrics/_classification.py:1471: UndefinedMetricWarning: Precision is ill-defined and being set to 0.0 in labels with no predicted samples. Use `zero_division` parameter to control this behavior.
  _warn_prf(average, modifier, msg_start, len(result))
[2025-02-21 17:13:04,573 INFO] confusion matrix:
[[0.2        0.         0.         ... 0.         0.         0.        ]
 [0.         0.         0.         ... 0.         0.         0.        ]
 [0.         0.         0.33333333 ... 0.         0.         0.        ]
 ...
 [0.         0.         0.         ... 0.28571429 0.         0.        ]
 [0.         0.         0.         ... 0.         0.25       0.        ]
 [0.         0.         0.         ... 0.         0.         0.        ]]
[2025-02-21 17:13:06,513 INFO] model saved: ./saved_models/usb_cv/fixmatch_market1501_trainsplit/latest_model.pth
[2025-02-21 17:13:06,516 INFO] 40960 iteration, USE_EMA: False, train/sup_loss: 0.0090, train/unsup_loss: 0.6599, train/total_loss: 0.6689, train/util_ratio: 0.2500, train/run_time: 0.1472, eval/loss: 9.1251, eval/top-1-acc: 0.1446, eval/top-5-acc: 0.2739, eval/balanced_acc: 0.1530, eval/precision: 0.1873, eval/recall: 0.1530, eval/F1: 0.1370, lr: 0.0005, train/prefecth_time: 0.0038 BEST_EVAL_ACC: 0.1463, at 38912 iters
[2025-02-21 17:13:52,265 INFO] 41216 iteration USE_EMA: False, train/sup_loss: 0.0015, train/unsup_loss: 0.0001, train/total_loss: 0.0016, train/util_ratio: 0.1250, train/run_time: 0.1481, lr: 0.0005, train/prefecth_time: 0.0045 
[2025-02-21 17:14:37,526 INFO] 41472 iteration USE_EMA: False, train/sup_loss: 0.0031, train/unsup_loss: 0.3637, train/total_loss: 0.3667, train/util_ratio: 0.2500, train/run_time: 0.1481, lr: 0.0005, train/prefecth_time: 0.0043 
[2025-02-21 17:15:22,815 INFO] 41728 iteration USE_EMA: False, train/sup_loss: 0.0366, train/unsup_loss: 0.0199, train/total_loss: 0.0565, train/util_ratio: 0.2500, train/run_time: 0.1491, lr: 0.0005, train/prefecth_time: 0.0046 
[2025-02-21 17:16:08,051 INFO] 41984 iteration USE_EMA: False, train/sup_loss: 0.0075, train/unsup_loss: 0.0696, train/total_loss: 0.0771, train/util_ratio: 0.1250, train/run_time: 0.1476, lr: 0.0005, train/prefecth_time: 0.0042 
[2025-02-21 17:16:53,858 INFO] 42240 iteration USE_EMA: False, train/sup_loss: 0.0057, train/unsup_loss: 0.7253, train/total_loss: 0.7310, train/util_ratio: 0.2500, train/run_time: 0.1474, lr: 0.0005, train/prefecth_time: 0.0043 
[2025-02-21 17:17:39,211 INFO] 42496 iteration USE_EMA: False, train/sup_loss: 0.0122, train/unsup_loss: 0.6594, train/total_loss: 0.6716, train/util_ratio: 0.2500, train/run_time: 0.1477, lr: 0.0005, train/prefecth_time: 0.0039 
[2025-02-21 17:18:24,495 INFO] 42752 iteration USE_EMA: False, train/sup_loss: 0.0089, train/unsup_loss: 0.0000, train/total_loss: 0.0089, train/util_ratio: 0.0000, train/run_time: 0.1481, lr: 0.0005, train/prefecth_time: 0.0041 
[2025-02-21 17:19:09,767 INFO] validating...
/home/zakerian/miniconda3/envs/usb/lib/python3.8/site-packages/sklearn/metrics/_classification.py:1471: UndefinedMetricWarning: Precision is ill-defined and being set to 0.0 in labels with no predicted samples. Use `zero_division` parameter to control this behavior.
  _warn_prf(average, modifier, msg_start, len(result))
[2025-02-21 17:19:15,368 INFO] confusion matrix:
[[0.1        0.         0.         ... 0.         0.         0.        ]
 [0.         0.5        0.         ... 0.         0.         0.        ]
 [0.33333333 0.         0.33333333 ... 0.         0.         0.        ]
 ...
 [0.         0.         0.         ... 0.42857143 0.         0.        ]
 [0.         0.         0.         ... 0.         0.25       0.        ]
 [0.         0.         0.         ... 0.         0.         0.        ]]
[2025-02-21 17:19:17,334 INFO] model saved: ./saved_models/usb_cv/fixmatch_market1501_trainsplit/latest_model.pth
[2025-02-21 17:19:17,336 INFO] 43008 iteration, USE_EMA: False, train/sup_loss: 0.0128, train/unsup_loss: 0.6715, train/total_loss: 0.6843, train/util_ratio: 0.2500, train/run_time: 0.1472, eval/loss: 9.8788, eval/top-1-acc: 0.1370, eval/top-5-acc: 0.2732, eval/balanced_acc: 0.1495, eval/precision: 0.1845, eval/recall: 0.1495, eval/F1: 0.1354, lr: 0.0005, train/prefecth_time: 0.0040 BEST_EVAL_ACC: 0.1463, at 38912 iters
[2025-02-21 17:20:03,044 INFO] 43264 iteration USE_EMA: False, train/sup_loss: 0.0063, train/unsup_loss: 0.6880, train/total_loss: 0.6943, train/util_ratio: 0.3750, train/run_time: 0.1487, lr: 0.0005, train/prefecth_time: 0.0044 
[2025-02-21 17:20:48,329 INFO] 43520 iteration USE_EMA: False, train/sup_loss: 0.0042, train/unsup_loss: 1.4014, train/total_loss: 1.4055, train/util_ratio: 0.6250, train/run_time: 0.1480, lr: 0.0005, train/prefecth_time: 0.0044 
[2025-02-21 17:21:33,541 INFO] 43776 iteration USE_EMA: False, train/sup_loss: 0.0292, train/unsup_loss: 0.7068, train/total_loss: 0.7361, train/util_ratio: 0.2500, train/run_time: 0.1479, lr: 0.0005, train/prefecth_time: 0.0042 
[2025-02-21 17:22:18,748 INFO] 44032 iteration USE_EMA: False, train/sup_loss: 0.0023, train/unsup_loss: 0.0691, train/total_loss: 0.0714, train/util_ratio: 0.2500, train/run_time: 0.1479, lr: 0.0005, train/prefecth_time: 0.0040 
[2025-02-21 17:23:04,343 INFO] 44288 iteration USE_EMA: False, train/sup_loss: 0.0004, train/unsup_loss: 0.5080, train/total_loss: 0.5083, train/util_ratio: 0.2500, train/run_time: 0.1482, lr: 0.0005, train/prefecth_time: 0.0042 
[2025-02-21 17:23:49,498 INFO] 44544 iteration USE_EMA: False, train/sup_loss: 0.0456, train/unsup_loss: 0.0234, train/total_loss: 0.0690, train/util_ratio: 0.2500, train/run_time: 0.1486, lr: 0.0005, train/prefecth_time: 0.0054 
[2025-02-21 17:24:34,628 INFO] 44800 iteration USE_EMA: False, train/sup_loss: 0.0267, train/unsup_loss: 0.1949, train/total_loss: 0.2216, train/util_ratio: 0.1250, train/run_time: 0.1478, lr: 0.0005, train/prefecth_time: 0.0038 
[2025-02-21 17:25:19,735 INFO] validating...
/home/zakerian/miniconda3/envs/usb/lib/python3.8/site-packages/sklearn/metrics/_classification.py:1471: UndefinedMetricWarning: Precision is ill-defined and being set to 0.0 in labels with no predicted samples. Use `zero_division` parameter to control this behavior.
  _warn_prf(average, modifier, msg_start, len(result))
[2025-02-21 17:25:25,323 INFO] confusion matrix:
[[0.3        0.         0.         ... 0.         0.         0.        ]
 [0.         0.         0.         ... 0.         0.         0.        ]
 [0.         0.         0.         ... 0.         0.         0.        ]
 ...
 [0.         0.         0.         ... 0.28571429 0.         0.        ]
 [0.         0.         0.         ... 0.         0.25       0.        ]
 [0.         0.         0.         ... 0.         0.         0.        ]]
[2025-02-21 17:25:27,246 INFO] model saved: ./saved_models/usb_cv/fixmatch_market1501_trainsplit/latest_model.pth
[2025-02-21 17:25:27,248 INFO] 45056 iteration, USE_EMA: False, train/sup_loss: 0.0192, train/unsup_loss: 0.0886, train/total_loss: 0.1077, train/util_ratio: 0.1250, train/run_time: 0.1470, eval/loss: 9.5926, eval/top-1-acc: 0.1432, eval/top-5-acc: 0.2874, eval/balanced_acc: 0.1539, eval/precision: 0.1961, eval/recall: 0.1539, eval/F1: 0.1431, lr: 0.0005, train/prefecth_time: 0.0038 BEST_EVAL_ACC: 0.1463, at 38912 iters
[2025-02-21 17:26:13,030 INFO] 45312 iteration USE_EMA: False, train/sup_loss: 0.0050, train/unsup_loss: 0.0769, train/total_loss: 0.0819, train/util_ratio: 0.2500, train/run_time: 0.1477, lr: 0.0005, train/prefecth_time: 0.0045 
[2025-02-21 17:26:58,262 INFO] 45568 iteration USE_EMA: False, train/sup_loss: 0.0012, train/unsup_loss: 0.3133, train/total_loss: 0.3145, train/util_ratio: 0.2500, train/run_time: 0.1479, lr: 0.0005, train/prefecth_time: 0.0047 
[2025-02-21 17:27:43,676 INFO] 45824 iteration USE_EMA: False, train/sup_loss: 0.0027, train/unsup_loss: 1.2758, train/total_loss: 1.2786, train/util_ratio: 0.2500, train/run_time: 0.1495, lr: 0.0005, train/prefecth_time: 0.0052 
[2025-02-21 17:28:29,006 INFO] 46080 iteration USE_EMA: False, train/sup_loss: 0.0153, train/unsup_loss: 0.0165, train/total_loss: 0.0317, train/util_ratio: 0.1250, train/run_time: 0.1470, lr: 0.0005, train/prefecth_time: 0.0037 
[2025-02-21 17:29:14,665 INFO] 46336 iteration USE_EMA: False, train/sup_loss: 0.0010, train/unsup_loss: 0.1567, train/total_loss: 0.1577, train/util_ratio: 0.3750, train/run_time: 0.1485, lr: 0.0005, train/prefecth_time: 0.0045 
[2025-02-21 17:29:59,898 INFO] 46592 iteration USE_EMA: False, train/sup_loss: 0.0086, train/unsup_loss: 0.0000, train/total_loss: 0.0086, train/util_ratio: 0.0000, train/run_time: 0.1480, lr: 0.0005, train/prefecth_time: 0.0042 
[2025-02-21 17:30:45,060 INFO] 46848 iteration USE_EMA: False, train/sup_loss: 0.0031, train/unsup_loss: 0.0055, train/total_loss: 0.0086, train/util_ratio: 0.2500, train/run_time: 0.1482, lr: 0.0005, train/prefecth_time: 0.0045 
[2025-02-21 17:31:30,225 INFO] validating...
/home/zakerian/miniconda3/envs/usb/lib/python3.8/site-packages/sklearn/metrics/_classification.py:1471: UndefinedMetricWarning: Precision is ill-defined and being set to 0.0 in labels with no predicted samples. Use `zero_division` parameter to control this behavior.
  _warn_prf(average, modifier, msg_start, len(result))
[2025-02-21 17:31:35,811 INFO] confusion matrix:
[[0.1        0.         0.         ... 0.         0.         0.        ]
 [0.         0.         0.         ... 0.         0.         0.        ]
 [0.         0.         0.33333333 ... 0.         0.         0.        ]
 ...
 [0.         0.         0.         ... 0.42857143 0.         0.        ]
 [0.         0.         0.         ... 0.         0.         0.        ]
 [0.         0.         0.         ... 0.         0.         0.        ]]
[2025-02-21 17:31:37,875 INFO] model saved: ./saved_models/usb_cv/fixmatch_market1501_trainsplit/latest_model.pth
[2025-02-21 17:31:39,864 INFO] model saved: ./saved_models/usb_cv/fixmatch_market1501_trainsplit/model_best.pth
[2025-02-21 17:31:39,867 INFO] 47104 iteration, USE_EMA: False, train/sup_loss: 0.0103, train/unsup_loss: 0.2668, train/total_loss: 0.2771, train/util_ratio: 0.3750, train/run_time: 0.1471, eval/loss: 9.4160, eval/top-1-acc: 0.1470, eval/top-5-acc: 0.2854, eval/balanced_acc: 0.1590, eval/precision: 0.1947, eval/recall: 0.1590, eval/F1: 0.1445, lr: 0.0005, train/prefecth_time: 0.0039 BEST_EVAL_ACC: 0.1470, at 47104 iters
[2025-02-21 17:32:25,633 INFO] 47360 iteration USE_EMA: False, train/sup_loss: 0.0019, train/unsup_loss: 0.2915, train/total_loss: 0.2934, train/util_ratio: 0.2500, train/run_time: 0.1483, lr: 0.0005, train/prefecth_time: 0.0039 
[2025-02-21 17:33:10,805 INFO] 47616 iteration USE_EMA: False, train/sup_loss: 0.0590, train/unsup_loss: 0.1213, train/total_loss: 0.1803, train/util_ratio: 0.2500, train/run_time: 0.1484, lr: 0.0005, train/prefecth_time: 0.0044 
[2025-02-21 17:33:56,039 INFO] 47872 iteration USE_EMA: False, train/sup_loss: 0.0029, train/unsup_loss: 0.1010, train/total_loss: 0.1039, train/util_ratio: 0.2500, train/run_time: 0.1477, lr: 0.0005, train/prefecth_time: 0.0041 
[2025-02-21 17:34:41,257 INFO] 48128 iteration USE_EMA: False, train/sup_loss: 0.0079, train/unsup_loss: 0.0357, train/total_loss: 0.0436, train/util_ratio: 0.1250, train/run_time: 0.1472, lr: 0.0005, train/prefecth_time: 0.0039 
[2025-02-21 17:35:27,018 INFO] 48384 iteration USE_EMA: False, train/sup_loss: 0.0225, train/unsup_loss: 0.1146, train/total_loss: 0.1371, train/util_ratio: 0.2500, train/run_time: 0.1488, lr: 0.0005, train/prefecth_time: 0.0056 
[2025-02-21 17:36:12,254 INFO] 48640 iteration USE_EMA: False, train/sup_loss: 0.0087, train/unsup_loss: 0.6978, train/total_loss: 0.7065, train/util_ratio: 0.2500, train/run_time: 0.1481, lr: 0.0005, train/prefecth_time: 0.0043 
[2025-02-21 17:36:57,558 INFO] 48896 iteration USE_EMA: False, train/sup_loss: 0.0011, train/unsup_loss: 0.4140, train/total_loss: 0.4152, train/util_ratio: 0.3750, train/run_time: 0.1490, lr: 0.0005, train/prefecth_time: 0.0042 
[2025-02-21 17:37:42,736 INFO] validating...
/home/zakerian/miniconda3/envs/usb/lib/python3.8/site-packages/sklearn/metrics/_classification.py:1471: UndefinedMetricWarning: Precision is ill-defined and being set to 0.0 in labels with no predicted samples. Use `zero_division` parameter to control this behavior.
  _warn_prf(average, modifier, msg_start, len(result))
[2025-02-21 17:37:48,276 INFO] confusion matrix:
[[0.         0.         0.         ... 0.         0.         0.        ]
 [0.         0.         0.         ... 0.         0.         0.        ]
 [0.         0.         0.33333333 ... 0.         0.         0.        ]
 ...
 [0.         0.         0.         ... 0.42857143 0.         0.        ]
 [0.         0.         0.         ... 0.         0.25       0.        ]
 [0.         0.         0.         ... 0.         0.         0.        ]]
[2025-02-21 17:37:50,253 INFO] model saved: ./saved_models/usb_cv/fixmatch_market1501_trainsplit/latest_model.pth
[2025-02-21 17:37:50,255 INFO] 49152 iteration, USE_EMA: False, train/sup_loss: 0.0870, train/unsup_loss: 0.5832, train/total_loss: 0.6702, train/util_ratio: 0.3750, train/run_time: 0.1472, eval/loss: 9.7105, eval/top-1-acc: 0.1460, eval/top-5-acc: 0.2930, eval/balanced_acc: 0.1576, eval/precision: 0.1929, eval/recall: 0.1576, eval/F1: 0.1428, lr: 0.0005, train/prefecth_time: 0.0040 BEST_EVAL_ACC: 0.1470, at 47104 iters
[2025-02-21 17:38:35,914 INFO] 49408 iteration USE_EMA: False, train/sup_loss: 0.0127, train/unsup_loss: 0.0002, train/total_loss: 0.0129, train/util_ratio: 0.1250, train/run_time: 0.1484, lr: 0.0005, train/prefecth_time: 0.0042 
[2025-02-21 17:39:21,195 INFO] 49664 iteration USE_EMA: False, train/sup_loss: 0.0022, train/unsup_loss: 0.0066, train/total_loss: 0.0089, train/util_ratio: 0.1250, train/run_time: 0.1479, lr: 0.0005, train/prefecth_time: 0.0041 
[2025-02-21 17:40:06,303 INFO] 49920 iteration USE_EMA: False, train/sup_loss: 0.0391, train/unsup_loss: 0.7566, train/total_loss: 0.7957, train/util_ratio: 0.1250, train/run_time: 0.1482, lr: 0.0005, train/prefecth_time: 0.0039 
[2025-02-21 17:40:51,430 INFO] 50176 iteration USE_EMA: False, train/sup_loss: 0.0253, train/unsup_loss: 0.0271, train/total_loss: 0.0524, train/util_ratio: 0.2500, train/run_time: 0.1470, lr: 0.0005, train/prefecth_time: 0.0039 
[2025-02-21 17:41:37,054 INFO] 50432 iteration USE_EMA: False, train/sup_loss: 0.0115, train/unsup_loss: 0.0821, train/total_loss: 0.0935, train/util_ratio: 0.2500, train/run_time: 0.1478, lr: 0.0005, train/prefecth_time: 0.0040 
[2025-02-21 17:42:22,183 INFO] 50688 iteration USE_EMA: False, train/sup_loss: 0.0022, train/unsup_loss: 0.2318, train/total_loss: 0.2340, train/util_ratio: 0.2500, train/run_time: 0.1489, lr: 0.0005, train/prefecth_time: 0.0043 
[2025-02-21 17:43:07,411 INFO] 50944 iteration USE_EMA: False, train/sup_loss: 0.0010, train/unsup_loss: 0.0247, train/total_loss: 0.0257, train/util_ratio: 0.3750, train/run_time: 0.1483, lr: 0.0005, train/prefecth_time: 0.0045 
[2025-02-21 17:43:52,537 INFO] validating...
/home/zakerian/miniconda3/envs/usb/lib/python3.8/site-packages/sklearn/metrics/_classification.py:1471: UndefinedMetricWarning: Precision is ill-defined and being set to 0.0 in labels with no predicted samples. Use `zero_division` parameter to control this behavior.
  _warn_prf(average, modifier, msg_start, len(result))
[2025-02-21 17:43:58,113 INFO] confusion matrix:
[[0.1        0.         0.         ... 0.         0.         0.        ]
 [0.         0.         0.         ... 0.         0.         0.        ]
 [0.         0.         0.33333333 ... 0.         0.         0.        ]
 ...
 [0.         0.         0.         ... 0.57142857 0.         0.        ]
 [0.         0.         0.         ... 0.         0.25       0.        ]
 [0.         0.         0.         ... 0.         0.         0.        ]]
[2025-02-21 17:44:00,039 INFO] model saved: ./saved_models/usb_cv/fixmatch_market1501_trainsplit/latest_model.pth
[2025-02-21 17:44:00,041 INFO] 51200 iteration, USE_EMA: False, train/sup_loss: 0.0076, train/unsup_loss: 0.1669, train/total_loss: 0.1745, train/util_ratio: 0.3750, train/run_time: 0.1471, eval/loss: 9.3590, eval/top-1-acc: 0.1436, eval/top-5-acc: 0.2826, eval/balanced_acc: 0.1452, eval/precision: 0.1835, eval/recall: 0.1452, eval/F1: 0.1343, lr: 0.0005, train/prefecth_time: 0.0041 BEST_EVAL_ACC: 0.1470, at 47104 iters
[2025-02-21 17:44:45,915 INFO] 51456 iteration USE_EMA: False, train/sup_loss: 0.0006, train/unsup_loss: 0.0549, train/total_loss: 0.0555, train/util_ratio: 0.3750, train/run_time: 0.1482, lr: 0.0005, train/prefecth_time: 0.0052 
[2025-02-21 17:45:31,161 INFO] 51712 iteration USE_EMA: False, train/sup_loss: 0.0003, train/unsup_loss: 0.0000, train/total_loss: 0.0003, train/util_ratio: 0.0000, train/run_time: 0.1478, lr: 0.0005, train/prefecth_time: 0.0043 
[2025-02-21 17:46:16,358 INFO] 51968 iteration USE_EMA: False, train/sup_loss: 0.0024, train/unsup_loss: 0.2618, train/total_loss: 0.2642, train/util_ratio: 0.2500, train/run_time: 0.1477, lr: 0.0005, train/prefecth_time: 0.0043 
[2025-02-21 17:47:01,598 INFO] 52224 iteration USE_EMA: False, train/sup_loss: 0.0182, train/unsup_loss: 0.7574, train/total_loss: 0.7756, train/util_ratio: 0.3750, train/run_time: 0.1474, lr: 0.0005, train/prefecth_time: 0.0038 
[2025-02-21 17:47:47,269 INFO] 52480 iteration USE_EMA: False, train/sup_loss: 0.1350, train/unsup_loss: 0.0035, train/total_loss: 0.1385, train/util_ratio: 0.2500, train/run_time: 0.1481, lr: 0.0005, train/prefecth_time: 0.0037 
[2025-02-21 17:48:32,488 INFO] 52736 iteration USE_EMA: False, train/sup_loss: 0.0362, train/unsup_loss: 0.0116, train/total_loss: 0.0478, train/util_ratio: 0.1250, train/run_time: 0.1479, lr: 0.0005, train/prefecth_time: 0.0038 
[2025-02-21 17:49:17,582 INFO] 52992 iteration USE_EMA: False, train/sup_loss: 0.0048, train/unsup_loss: 0.0096, train/total_loss: 0.0144, train/util_ratio: 0.1250, train/run_time: 0.1480, lr: 0.0005, train/prefecth_time: 0.0040 
[2025-02-21 17:50:02,676 INFO] validating...
/home/zakerian/miniconda3/envs/usb/lib/python3.8/site-packages/sklearn/metrics/_classification.py:1471: UndefinedMetricWarning: Precision is ill-defined and being set to 0.0 in labels with no predicted samples. Use `zero_division` parameter to control this behavior.
  _warn_prf(average, modifier, msg_start, len(result))
[2025-02-21 17:50:08,234 INFO] confusion matrix:
[[0.1        0.         0.1        ... 0.         0.         0.        ]
 [0.         0.         0.         ... 0.         0.         0.        ]
 [0.         0.         0.33333333 ... 0.         0.         0.        ]
 ...
 [0.         0.         0.         ... 0.42857143 0.         0.        ]
 [0.         0.         0.         ... 0.         0.25       0.        ]
 [0.         0.         0.         ... 0.         0.         0.        ]]
[2025-02-21 17:50:10,179 INFO] model saved: ./saved_models/usb_cv/fixmatch_market1501_trainsplit/latest_model.pth
[2025-02-21 17:50:10,182 INFO] 53248 iteration, USE_EMA: False, train/sup_loss: 0.0018, train/unsup_loss: 0.0000, train/total_loss: 0.0018, train/util_ratio: 0.0000, train/run_time: 0.1476, eval/loss: 9.9778, eval/top-1-acc: 0.1432, eval/top-5-acc: 0.2937, eval/balanced_acc: 0.1571, eval/precision: 0.1967, eval/recall: 0.1571, eval/F1: 0.1436, lr: 0.0005, train/prefecth_time: 0.0038 BEST_EVAL_ACC: 0.1470, at 47104 iters
[2025-02-21 17:50:55,966 INFO] 53504 iteration USE_EMA: False, train/sup_loss: 0.0096, train/unsup_loss: 0.6044, train/total_loss: 0.6140, train/util_ratio: 0.3750, train/run_time: 0.1494, lr: 0.0005, train/prefecth_time: 0.0052 
[2025-02-21 17:51:41,173 INFO] 53760 iteration USE_EMA: False, train/sup_loss: 0.0007, train/unsup_loss: 0.7392, train/total_loss: 0.7399, train/util_ratio: 0.5000, train/run_time: 0.1483, lr: 0.0005, train/prefecth_time: 0.0042 
[2025-02-21 17:52:26,314 INFO] 54016 iteration USE_EMA: False, train/sup_loss: 0.0136, train/unsup_loss: 0.9882, train/total_loss: 1.0018, train/util_ratio: 0.3750, train/run_time: 0.1487, lr: 0.0005, train/prefecth_time: 0.0055 
[2025-02-21 17:53:11,491 INFO] 54272 iteration USE_EMA: False, train/sup_loss: 0.0037, train/unsup_loss: 0.1874, train/total_loss: 0.1911, train/util_ratio: 0.1250, train/run_time: 0.1474, lr: 0.0005, train/prefecth_time: 0.0039 
[2025-02-21 17:53:57,279 INFO] 54528 iteration USE_EMA: False, train/sup_loss: 0.0011, train/unsup_loss: 0.4157, train/total_loss: 0.4168, train/util_ratio: 0.3750, train/run_time: 0.1489, lr: 0.0005, train/prefecth_time: 0.0042 
[2025-02-21 17:54:42,522 INFO] 54784 iteration USE_EMA: False, train/sup_loss: 0.0269, train/unsup_loss: 0.0084, train/total_loss: 0.0353, train/util_ratio: 0.1250, train/run_time: 0.1481, lr: 0.0005, train/prefecth_time: 0.0040 
[2025-02-21 17:55:27,781 INFO] 55040 iteration USE_EMA: False, train/sup_loss: 0.0039, train/unsup_loss: 0.1118, train/total_loss: 0.1156, train/util_ratio: 0.2500, train/run_time: 0.1480, lr: 0.0005, train/prefecth_time: 0.0045 
[2025-02-21 17:56:12,965 INFO] validating...
/home/zakerian/miniconda3/envs/usb/lib/python3.8/site-packages/sklearn/metrics/_classification.py:1471: UndefinedMetricWarning: Precision is ill-defined and being set to 0.0 in labels with no predicted samples. Use `zero_division` parameter to control this behavior.
  _warn_prf(average, modifier, msg_start, len(result))
[2025-02-21 17:56:18,557 INFO] confusion matrix:
[[0.1        0.         0.         ... 0.         0.         0.        ]
 [0.         0.         0.         ... 0.         0.         0.        ]
 [0.         0.         0.33333333 ... 0.         0.         0.        ]
 ...
 [0.         0.         0.         ... 0.71428571 0.         0.        ]
 [0.         0.         0.         ... 0.         0.         0.        ]
 [0.         0.         0.         ... 0.         0.         0.        ]]
[2025-02-21 17:56:20,520 INFO] model saved: ./saved_models/usb_cv/fixmatch_market1501_trainsplit/latest_model.pth
[2025-02-21 17:56:22,468 INFO] model saved: ./saved_models/usb_cv/fixmatch_market1501_trainsplit/model_best.pth
[2025-02-21 17:56:22,471 INFO] 55296 iteration, USE_EMA: False, train/sup_loss: 0.0064, train/unsup_loss: 0.0479, train/total_loss: 0.0543, train/util_ratio: 0.3750, train/run_time: 0.1475, eval/loss: 9.6336, eval/top-1-acc: 0.1550, eval/top-5-acc: 0.3048, eval/balanced_acc: 0.1668, eval/precision: 0.1884, eval/recall: 0.1668, eval/F1: 0.1455, lr: 0.0005, train/prefecth_time: 0.0039 BEST_EVAL_ACC: 0.1550, at 55296 iters
[2025-02-21 17:57:08,226 INFO] 55552 iteration USE_EMA: False, train/sup_loss: 0.0519, train/unsup_loss: 1.5648, train/total_loss: 1.6167, train/util_ratio: 0.3750, train/run_time: 0.1486, lr: 0.0005, train/prefecth_time: 0.0049 
[2025-02-21 17:57:53,484 INFO] 55808 iteration USE_EMA: False, train/sup_loss: 0.0008, train/unsup_loss: 0.0000, train/total_loss: 0.0008, train/util_ratio: 0.0000, train/run_time: 0.1478, lr: 0.0005, train/prefecth_time: 0.0041 
[2025-02-21 17:58:38,748 INFO] 56064 iteration USE_EMA: False, train/sup_loss: 0.0014, train/unsup_loss: 0.0000, train/total_loss: 0.0014, train/util_ratio: 0.0000, train/run_time: 0.1480, lr: 0.0005, train/prefecth_time: 0.0041 
[2025-02-21 17:59:23,926 INFO] 56320 iteration USE_EMA: False, train/sup_loss: 0.0161, train/unsup_loss: 0.9993, train/total_loss: 1.0153, train/util_ratio: 0.5000, train/run_time: 0.1467, lr: 0.0005, train/prefecth_time: 0.0039 
[2025-02-21 18:00:09,523 INFO] 56576 iteration USE_EMA: False, train/sup_loss: 0.0063, train/unsup_loss: 0.0110, train/total_loss: 0.0173, train/util_ratio: 0.5000, train/run_time: 0.1479, lr: 0.0005, train/prefecth_time: 0.0045 
[2025-02-21 18:00:54,619 INFO] 56832 iteration USE_EMA: False, train/sup_loss: 0.0189, train/unsup_loss: 1.7085, train/total_loss: 1.7274, train/util_ratio: 0.3750, train/run_time: 0.1480, lr: 0.0005, train/prefecth_time: 0.0042 
[2025-02-21 18:01:39,728 INFO] 57088 iteration USE_EMA: False, train/sup_loss: 0.0075, train/unsup_loss: 1.3898, train/total_loss: 1.3973, train/util_ratio: 0.2500, train/run_time: 0.1480, lr: 0.0005, train/prefecth_time: 0.0042 
[2025-02-21 18:02:24,840 INFO] validating...
/home/zakerian/miniconda3/envs/usb/lib/python3.8/site-packages/sklearn/metrics/_classification.py:1471: UndefinedMetricWarning: Precision is ill-defined and being set to 0.0 in labels with no predicted samples. Use `zero_division` parameter to control this behavior.
  _warn_prf(average, modifier, msg_start, len(result))
[2025-02-21 18:02:30,414 INFO] confusion matrix:
[[0.         0.         0.         ... 0.         0.         0.        ]
 [0.         0.         0.         ... 0.         0.         0.        ]
 [0.         0.         0.33333333 ... 0.         0.         0.        ]
 ...
 [0.         0.         0.         ... 0.57142857 0.         0.        ]
 [0.         0.         0.         ... 0.         0.         0.        ]
 [0.         0.         0.         ... 0.         0.         0.        ]]
[2025-02-21 18:02:32,338 INFO] model saved: ./saved_models/usb_cv/fixmatch_market1501_trainsplit/latest_model.pth
[2025-02-21 18:02:34,301 INFO] model saved: ./saved_models/usb_cv/fixmatch_market1501_trainsplit/model_best.pth
[2025-02-21 18:02:34,304 INFO] 57344 iteration, USE_EMA: False, train/sup_loss: 0.0009, train/unsup_loss: 0.7843, train/total_loss: 0.7852, train/util_ratio: 0.2500, train/run_time: 0.1471, eval/loss: 9.6811, eval/top-1-acc: 0.1564, eval/top-5-acc: 0.3027, eval/balanced_acc: 0.1643, eval/precision: 0.2015, eval/recall: 0.1643, eval/F1: 0.1495, lr: 0.0005, train/prefecth_time: 0.0038 BEST_EVAL_ACC: 0.1564, at 57344 iters
[2025-02-21 18:03:20,186 INFO] 57600 iteration USE_EMA: False, train/sup_loss: 0.0005, train/unsup_loss: 0.2002, train/total_loss: 0.2006, train/util_ratio: 0.5000, train/run_time: 0.1486, lr: 0.0005, train/prefecth_time: 0.0044 
[2025-02-21 18:04:05,491 INFO] 57856 iteration USE_EMA: False, train/sup_loss: 0.0057, train/unsup_loss: 0.8760, train/total_loss: 0.8816, train/util_ratio: 0.5000, train/run_time: 0.1484, lr: 0.0005, train/prefecth_time: 0.0046 
[2025-02-21 18:04:50,839 INFO] 58112 iteration USE_EMA: False, train/sup_loss: 0.0001, train/unsup_loss: 0.6500, train/total_loss: 0.6501, train/util_ratio: 0.2500, train/run_time: 0.1484, lr: 0.0005, train/prefecth_time: 0.0043 
[2025-02-21 18:05:36,071 INFO] 58368 iteration USE_EMA: False, train/sup_loss: 0.0012, train/unsup_loss: 0.5836, train/total_loss: 0.5848, train/util_ratio: 0.2500, train/run_time: 0.1471, lr: 0.0005, train/prefecth_time: 0.0037 
[2025-02-21 18:06:21,916 INFO] 58624 iteration USE_EMA: False, train/sup_loss: 0.0046, train/unsup_loss: 0.0587, train/total_loss: 0.0632, train/util_ratio: 0.1250, train/run_time: 0.1482, lr: 0.0005, train/prefecth_time: 0.0038 
[2025-02-21 18:07:07,187 INFO] 58880 iteration USE_EMA: False, train/sup_loss: 0.0051, train/unsup_loss: 0.6483, train/total_loss: 0.6533, train/util_ratio: 0.1250, train/run_time: 0.1480, lr: 0.0005, train/prefecth_time: 0.0041 
[2025-02-21 18:07:52,481 INFO] 59136 iteration USE_EMA: False, train/sup_loss: 0.1177, train/unsup_loss: 0.0006, train/total_loss: 0.1182, train/util_ratio: 0.2500, train/run_time: 0.1483, lr: 0.0005, train/prefecth_time: 0.0044 
[2025-02-21 18:08:37,670 INFO] validating...
/home/zakerian/miniconda3/envs/usb/lib/python3.8/site-packages/sklearn/metrics/_classification.py:1471: UndefinedMetricWarning: Precision is ill-defined and being set to 0.0 in labels with no predicted samples. Use `zero_division` parameter to control this behavior.
  _warn_prf(average, modifier, msg_start, len(result))
[2025-02-21 18:08:43,230 INFO] confusion matrix:
[[0.5        0.         0.         ... 0.         0.         0.        ]
 [0.         0.         0.         ... 0.         0.         0.        ]
 [0.         0.         0.33333333 ... 0.         0.         0.        ]
 ...
 [0.         0.         0.         ... 0.57142857 0.         0.        ]
 [0.         0.         0.         ... 0.         0.25       0.        ]
 [0.         0.         0.         ... 0.         0.         0.        ]]
[2025-02-21 18:08:45,218 INFO] model saved: ./saved_models/usb_cv/fixmatch_market1501_trainsplit/latest_model.pth
[2025-02-21 18:08:45,220 INFO] 59392 iteration, USE_EMA: False, train/sup_loss: 0.0067, train/unsup_loss: 0.0701, train/total_loss: 0.0768, train/util_ratio: 0.1250, train/run_time: 0.1473, eval/loss: 9.8901, eval/top-1-acc: 0.1543, eval/top-5-acc: 0.3055, eval/balanced_acc: 0.1650, eval/precision: 0.2163, eval/recall: 0.1650, eval/F1: 0.1557, lr: 0.0005, train/prefecth_time: 0.0039 BEST_EVAL_ACC: 0.1564, at 57344 iters
[2025-02-21 18:09:30,980 INFO] 59648 iteration USE_EMA: False, train/sup_loss: 0.0031, train/unsup_loss: 0.2234, train/total_loss: 0.2264, train/util_ratio: 0.1250, train/run_time: 0.1486, lr: 0.0005, train/prefecth_time: 0.0043 
[2025-02-21 18:10:16,171 INFO] 59904 iteration USE_EMA: False, train/sup_loss: 0.0027, train/unsup_loss: 0.9430, train/total_loss: 0.9457, train/util_ratio: 0.5000, train/run_time: 0.1476, lr: 0.0005, train/prefecth_time: 0.0044 
[2025-02-21 18:11:01,353 INFO] 60160 iteration USE_EMA: False, train/sup_loss: 0.0047, train/unsup_loss: 0.1391, train/total_loss: 0.1438, train/util_ratio: 0.1250, train/run_time: 0.1477, lr: 0.0005, train/prefecth_time: 0.0050 
[2025-02-21 18:11:46,660 INFO] 60416 iteration USE_EMA: False, train/sup_loss: 0.0013, train/unsup_loss: 0.1952, train/total_loss: 0.1965, train/util_ratio: 0.3750, train/run_time: 0.1475, lr: 0.0005, train/prefecth_time: 0.0041 
[2025-02-21 18:12:32,172 INFO] 60672 iteration USE_EMA: False, train/sup_loss: 0.0002, train/unsup_loss: 0.7425, train/total_loss: 0.7427, train/util_ratio: 0.1250, train/run_time: 0.1485, lr: 0.0005, train/prefecth_time: 0.0041 
[2025-02-21 18:13:17,252 INFO] 60928 iteration USE_EMA: False, train/sup_loss: 0.0147, train/unsup_loss: 0.2385, train/total_loss: 0.2533, train/util_ratio: 0.3750, train/run_time: 0.1481, lr: 0.0005, train/prefecth_time: 0.0041 
[2025-02-21 18:14:02,348 INFO] 61184 iteration USE_EMA: False, train/sup_loss: 0.0050, train/unsup_loss: 0.5139, train/total_loss: 0.5189, train/util_ratio: 0.1250, train/run_time: 0.1477, lr: 0.0005, train/prefecth_time: 0.0039 
[2025-02-21 18:14:47,525 INFO] validating...
/home/zakerian/miniconda3/envs/usb/lib/python3.8/site-packages/sklearn/metrics/_classification.py:1471: UndefinedMetricWarning: Precision is ill-defined and being set to 0.0 in labels with no predicted samples. Use `zero_division` parameter to control this behavior.
  _warn_prf(average, modifier, msg_start, len(result))
[2025-02-21 18:14:53,079 INFO] confusion matrix:
[[0.         0.         0.         ... 0.         0.         0.        ]
 [0.         0.         0.         ... 0.         0.         0.        ]
 [0.         0.         0.33333333 ... 0.         0.         0.        ]
 ...
 [0.         0.         0.         ... 0.28571429 0.         0.        ]
 [0.         0.         0.         ... 0.         0.         0.        ]
 [0.         0.         0.         ... 0.         0.         0.        ]]
[2025-02-21 18:14:55,017 INFO] model saved: ./saved_models/usb_cv/fixmatch_market1501_trainsplit/latest_model.pth
[2025-02-21 18:14:55,019 INFO] 61440 iteration, USE_EMA: False, train/sup_loss: 0.0011, train/unsup_loss: 0.6946, train/total_loss: 0.6958, train/util_ratio: 0.2500, train/run_time: 0.1473, eval/loss: 10.0096, eval/top-1-acc: 0.1536, eval/top-5-acc: 0.2940, eval/balanced_acc: 0.1652, eval/precision: 0.2106, eval/recall: 0.1652, eval/F1: 0.1520, lr: 0.0005, train/prefecth_time: 0.0037 BEST_EVAL_ACC: 0.1564, at 57344 iters
[2025-02-21 18:15:40,771 INFO] 61696 iteration USE_EMA: False, train/sup_loss: 0.0032, train/unsup_loss: 0.3184, train/total_loss: 0.3216, train/util_ratio: 0.5000, train/run_time: 0.1488, lr: 0.0005, train/prefecth_time: 0.0041 
[2025-02-21 18:16:25,955 INFO] 61952 iteration USE_EMA: False, train/sup_loss: 0.0045, train/unsup_loss: 0.0278, train/total_loss: 0.0322, train/util_ratio: 0.3750, train/run_time: 0.1484, lr: 0.0005, train/prefecth_time: 0.0040 
[2025-02-21 18:17:11,373 INFO] 62208 iteration USE_EMA: False, train/sup_loss: 0.0029, train/unsup_loss: 0.2401, train/total_loss: 0.2430, train/util_ratio: 0.2500, train/run_time: 0.1478, lr: 0.0005, train/prefecth_time: 0.0040 
[2025-02-21 18:17:56,666 INFO] 62464 iteration USE_EMA: False, train/sup_loss: 0.0021, train/unsup_loss: 0.4053, train/total_loss: 0.4074, train/util_ratio: 0.2500, train/run_time: 0.1470, lr: 0.0005, train/prefecth_time: 0.0039 
[2025-02-21 18:18:42,312 INFO] 62720 iteration USE_EMA: False, train/sup_loss: 0.0002, train/unsup_loss: 0.2303, train/total_loss: 0.2305, train/util_ratio: 0.3750, train/run_time: 0.1482, lr: 0.0005, train/prefecth_time: 0.0041 
[2025-02-21 18:19:27,548 INFO] 62976 iteration USE_EMA: False, train/sup_loss: 0.0139, train/unsup_loss: 0.1454, train/total_loss: 0.1593, train/util_ratio: 0.5000, train/run_time: 0.1485, lr: 0.0005, train/prefecth_time: 0.0045 
[2025-02-21 18:20:12,673 INFO] 63232 iteration USE_EMA: False, train/sup_loss: 0.0021, train/unsup_loss: 0.0003, train/total_loss: 0.0025, train/util_ratio: 0.1250, train/run_time: 0.1483, lr: 0.0005, train/prefecth_time: 0.0039 
[2025-02-21 18:20:57,752 INFO] validating...
/home/zakerian/miniconda3/envs/usb/lib/python3.8/site-packages/sklearn/metrics/_classification.py:1471: UndefinedMetricWarning: Precision is ill-defined and being set to 0.0 in labels with no predicted samples. Use `zero_division` parameter to control this behavior.
  _warn_prf(average, modifier, msg_start, len(result))
[2025-02-21 18:21:03,310 INFO] confusion matrix:
[[0.         0.         0.         ... 0.         0.         0.        ]
 [0.         0.         0.         ... 0.         0.         0.        ]
 [0.         0.         0.33333333 ... 0.         0.         0.        ]
 ...
 [0.         0.         0.         ... 0.57142857 0.         0.        ]
 [0.         0.         0.         ... 0.         0.         0.        ]
 [0.         0.         0.         ... 0.         0.         0.        ]]
[2025-02-21 18:21:05,261 INFO] model saved: ./saved_models/usb_cv/fixmatch_market1501_trainsplit/latest_model.pth
[2025-02-21 18:21:07,275 INFO] model saved: ./saved_models/usb_cv/fixmatch_market1501_trainsplit/model_best.pth
[2025-02-21 18:21:07,277 INFO] 63488 iteration, USE_EMA: False, train/sup_loss: 0.0248, train/unsup_loss: 0.0551, train/total_loss: 0.0799, train/util_ratio: 0.3750, train/run_time: 0.1472, eval/loss: 9.8982, eval/top-1-acc: 0.1581, eval/top-5-acc: 0.2979, eval/balanced_acc: 0.1679, eval/precision: 0.2019, eval/recall: 0.1679, eval/F1: 0.1515, lr: 0.0005, train/prefecth_time: 0.0036 BEST_EVAL_ACC: 0.1581, at 63488 iters
[2025-02-21 18:21:53,036 INFO] 63744 iteration USE_EMA: False, train/sup_loss: 0.0073, train/unsup_loss: 0.8308, train/total_loss: 0.8381, train/util_ratio: 0.5000, train/run_time: 0.1481, lr: 0.0005, train/prefecth_time: 0.0045 
[2025-02-21 18:22:38,210 INFO] 64000 iteration USE_EMA: False, train/sup_loss: 0.0102, train/unsup_loss: 0.0000, train/total_loss: 0.0102, train/util_ratio: 0.0000, train/run_time: 0.1481, lr: 0.0005, train/prefecth_time: 0.0043 
[2025-02-21 18:23:23,542 INFO] 64256 iteration USE_EMA: False, train/sup_loss: 0.0010, train/unsup_loss: 0.4057, train/total_loss: 0.4067, train/util_ratio: 0.3750, train/run_time: 0.1485, lr: 0.0005, train/prefecth_time: 0.0042 
[2025-02-21 18:24:08,856 INFO] 64512 iteration USE_EMA: False, train/sup_loss: 0.0010, train/unsup_loss: 0.0062, train/total_loss: 0.0072, train/util_ratio: 0.3750, train/run_time: 0.1473, lr: 0.0005, train/prefecth_time: 0.0041 
[2025-02-21 18:24:54,483 INFO] 64768 iteration USE_EMA: False, train/sup_loss: 0.0113, train/unsup_loss: 0.0458, train/total_loss: 0.0571, train/util_ratio: 0.1250, train/run_time: 0.1480, lr: 0.0005, train/prefecth_time: 0.0039 
[2025-02-21 18:25:39,807 INFO] 65024 iteration USE_EMA: False, train/sup_loss: 0.0030, train/unsup_loss: 0.4619, train/total_loss: 0.4649, train/util_ratio: 0.3750, train/run_time: 0.1480, lr: 0.0005, train/prefecth_time: 0.0041 
[2025-02-21 18:26:25,003 INFO] 65280 iteration USE_EMA: False, train/sup_loss: 0.0002, train/unsup_loss: 0.3789, train/total_loss: 0.3790, train/util_ratio: 0.2500, train/run_time: 0.1477, lr: 0.0005, train/prefecth_time: 0.0041 
[2025-02-21 18:27:10,054 INFO] validating...
/home/zakerian/miniconda3/envs/usb/lib/python3.8/site-packages/sklearn/metrics/_classification.py:1471: UndefinedMetricWarning: Precision is ill-defined and being set to 0.0 in labels with no predicted samples. Use `zero_division` parameter to control this behavior.
  _warn_prf(average, modifier, msg_start, len(result))
[2025-02-21 18:27:15,629 INFO] confusion matrix:
[[0.1        0.         0.         ... 0.         0.         0.        ]
 [0.         0.         0.         ... 0.         0.         0.        ]
 [0.         0.         0.33333333 ... 0.         0.         0.        ]
 ...
 [0.         0.         0.         ... 0.28571429 0.         0.        ]
 [0.         0.         0.         ... 0.         0.         0.        ]
 [0.         0.         0.         ... 0.         0.         0.        ]]
[2025-02-21 18:27:17,613 INFO] model saved: ./saved_models/usb_cv/fixmatch_market1501_trainsplit/latest_model.pth
[2025-02-21 18:27:19,575 INFO] model saved: ./saved_models/usb_cv/fixmatch_market1501_trainsplit/model_best.pth
[2025-02-21 18:27:19,577 INFO] 65536 iteration, USE_EMA: False, train/sup_loss: 0.0005, train/unsup_loss: 0.9762, train/total_loss: 0.9767, train/util_ratio: 0.5000, train/run_time: 0.1474, eval/loss: 10.1389, eval/top-1-acc: 0.1609, eval/top-5-acc: 0.3048, eval/balanced_acc: 0.1720, eval/precision: 0.2121, eval/recall: 0.1720, eval/F1: 0.1567, lr: 0.0005, train/prefecth_time: 0.0035 BEST_EVAL_ACC: 0.1609, at 65536 iters
[2025-02-21 18:28:05,257 INFO] 65792 iteration USE_EMA: False, train/sup_loss: 0.0356, train/unsup_loss: 0.0002, train/total_loss: 0.0358, train/util_ratio: 0.1250, train/run_time: 0.1483, lr: 0.0005, train/prefecth_time: 0.0041 
[2025-02-21 18:28:50,356 INFO] 66048 iteration USE_EMA: False, train/sup_loss: 0.0171, train/unsup_loss: 1.3637, train/total_loss: 1.3808, train/util_ratio: 0.3750, train/run_time: 0.1479, lr: 0.0005, train/prefecth_time: 0.0044 
[2025-02-21 18:29:35,503 INFO] 66304 iteration USE_EMA: False, train/sup_loss: 0.0003, train/unsup_loss: 0.3092, train/total_loss: 0.3096, train/util_ratio: 0.3750, train/run_time: 0.1481, lr: 0.0005, train/prefecth_time: 0.0043 
[2025-02-21 18:30:20,698 INFO] 66560 iteration USE_EMA: False, train/sup_loss: 0.0120, train/unsup_loss: 0.0000, train/total_loss: 0.0120, train/util_ratio: 0.0000, train/run_time: 0.1475, lr: 0.0005, train/prefecth_time: 0.0038 
[2025-02-21 18:31:06,435 INFO] 66816 iteration USE_EMA: False, train/sup_loss: 0.0022, train/unsup_loss: 0.2541, train/total_loss: 0.2562, train/util_ratio: 0.3750, train/run_time: 0.1485, lr: 0.0005, train/prefecth_time: 0.0054 
[2025-02-21 18:31:51,669 INFO] 67072 iteration USE_EMA: False, train/sup_loss: 0.0022, train/unsup_loss: 0.0602, train/total_loss: 0.0624, train/util_ratio: 0.3750, train/run_time: 0.1481, lr: 0.0005, train/prefecth_time: 0.0044 
[2025-02-21 18:32:36,936 INFO] 67328 iteration USE_EMA: False, train/sup_loss: 0.0012, train/unsup_loss: 0.0009, train/total_loss: 0.0020, train/util_ratio: 0.1250, train/run_time: 0.1485, lr: 0.0005, train/prefecth_time: 0.0043 
[2025-02-21 18:33:22,212 INFO] validating...
/home/zakerian/miniconda3/envs/usb/lib/python3.8/site-packages/sklearn/metrics/_classification.py:1471: UndefinedMetricWarning: Precision is ill-defined and being set to 0.0 in labels with no predicted samples. Use `zero_division` parameter to control this behavior.
  _warn_prf(average, modifier, msg_start, len(result))
[2025-02-21 18:33:27,751 INFO] confusion matrix:
[[0.1        0.         0.         ... 0.         0.         0.        ]
 [0.         0.         0.         ... 0.         0.         0.        ]
 [0.         0.         0.33333333 ... 0.         0.         0.        ]
 ...
 [0.         0.         0.         ... 0.28571429 0.         0.        ]
 [0.         0.         0.         ... 0.         0.25       0.        ]
 [0.         0.         0.         ... 0.         0.         0.        ]]
[2025-02-21 18:33:29,737 INFO] model saved: ./saved_models/usb_cv/fixmatch_market1501_trainsplit/latest_model.pth
[2025-02-21 18:33:31,710 INFO] model saved: ./saved_models/usb_cv/fixmatch_market1501_trainsplit/model_best.pth
[2025-02-21 18:33:31,713 INFO] 67584 iteration, USE_EMA: False, train/sup_loss: 0.0010, train/unsup_loss: 0.4821, train/total_loss: 0.4831, train/util_ratio: 0.2500, train/run_time: 0.1480, eval/loss: 9.9850, eval/top-1-acc: 0.1654, eval/top-5-acc: 0.3128, eval/balanced_acc: 0.1722, eval/precision: 0.2191, eval/recall: 0.1722, eval/F1: 0.1581, lr: 0.0005, train/prefecth_time: 0.0036 BEST_EVAL_ACC: 0.1654, at 67584 iters
[2025-02-21 18:34:17,548 INFO] 67840 iteration USE_EMA: False, train/sup_loss: 0.0026, train/unsup_loss: 0.4845, train/total_loss: 0.4871, train/util_ratio: 0.2500, train/run_time: 0.1477, lr: 0.0005, train/prefecth_time: 0.0041 
[2025-02-21 18:35:02,747 INFO] 68096 iteration USE_EMA: False, train/sup_loss: 0.0038, train/unsup_loss: 0.3301, train/total_loss: 0.3339, train/util_ratio: 0.5000, train/run_time: 0.1482, lr: 0.0005, train/prefecth_time: 0.0043 
[2025-02-21 18:35:47,909 INFO] 68352 iteration USE_EMA: False, train/sup_loss: 0.0117, train/unsup_loss: 2.3459, train/total_loss: 2.3576, train/util_ratio: 0.7500, train/run_time: 0.1478, lr: 0.0005, train/prefecth_time: 0.0040 
[2025-02-21 18:36:33,039 INFO] 68608 iteration USE_EMA: False, train/sup_loss: 0.0006, train/unsup_loss: 0.0001, train/total_loss: 0.0008, train/util_ratio: 0.1250, train/run_time: 0.1471, lr: 0.0005, train/prefecth_time: 0.0040 
[2025-02-21 18:37:18,617 INFO] 68864 iteration USE_EMA: False, train/sup_loss: 0.0031, train/unsup_loss: 0.0002, train/total_loss: 0.0033, train/util_ratio: 0.1250, train/run_time: 0.1485, lr: 0.0005, train/prefecth_time: 0.0052 
[2025-02-21 18:38:03,818 INFO] 69120 iteration USE_EMA: False, train/sup_loss: 0.0066, train/unsup_loss: 0.6117, train/total_loss: 0.6183, train/util_ratio: 0.5000, train/run_time: 0.1477, lr: 0.0005, train/prefecth_time: 0.0044 
[2025-02-21 18:38:49,060 INFO] 69376 iteration USE_EMA: False, train/sup_loss: 0.0105, train/unsup_loss: 0.5395, train/total_loss: 0.5500, train/util_ratio: 0.6250, train/run_time: 0.1483, lr: 0.0005, train/prefecth_time: 0.0043 
[2025-02-21 18:39:34,310 INFO] validating...
/home/zakerian/miniconda3/envs/usb/lib/python3.8/site-packages/sklearn/metrics/_classification.py:1471: UndefinedMetricWarning: Precision is ill-defined and being set to 0.0 in labels with no predicted samples. Use `zero_division` parameter to control this behavior.
  _warn_prf(average, modifier, msg_start, len(result))
[2025-02-21 18:39:39,896 INFO] confusion matrix:
[[0.         0.         0.         ... 0.         0.         0.        ]
 [0.         0.         0.         ... 0.         0.         0.        ]
 [0.         0.         0.33333333 ... 0.         0.         0.        ]
 ...
 [0.         0.         0.         ... 0.14285714 0.         0.        ]
 [0.         0.         0.         ... 0.         0.         0.        ]
 [0.         0.         0.         ... 0.         0.         0.        ]]
[2025-02-21 18:39:41,812 INFO] model saved: ./saved_models/usb_cv/fixmatch_market1501_trainsplit/latest_model.pth
[2025-02-21 18:39:43,795 INFO] model saved: ./saved_models/usb_cv/fixmatch_market1501_trainsplit/model_best.pth
[2025-02-21 18:39:43,797 INFO] 69632 iteration, USE_EMA: False, train/sup_loss: 0.0038, train/unsup_loss: 1.8027, train/total_loss: 1.8066, train/util_ratio: 0.5000, train/run_time: 0.1471, eval/loss: 10.4806, eval/top-1-acc: 0.1668, eval/top-5-acc: 0.3020, eval/balanced_acc: 0.1687, eval/precision: 0.2223, eval/recall: 0.1687, eval/F1: 0.1602, lr: 0.0005, train/prefecth_time: 0.0038 BEST_EVAL_ACC: 0.1668, at 69632 iters
[2025-02-21 18:40:29,566 INFO] 69888 iteration USE_EMA: False, train/sup_loss: 0.0407, train/unsup_loss: 0.6869, train/total_loss: 0.7276, train/util_ratio: 0.3750, train/run_time: 0.1478, lr: 0.0005, train/prefecth_time: 0.0036 
[2025-02-21 18:41:14,823 INFO] 70144 iteration USE_EMA: False, train/sup_loss: 0.0039, train/unsup_loss: 0.0001, train/total_loss: 0.0040, train/util_ratio: 0.1250, train/run_time: 0.1489, lr: 0.0005, train/prefecth_time: 0.0051 
[2025-02-21 18:42:00,184 INFO] 70400 iteration USE_EMA: False, train/sup_loss: 0.0007, train/unsup_loss: 0.0044, train/total_loss: 0.0050, train/util_ratio: 0.1250, train/run_time: 0.1481, lr: 0.0005, train/prefecth_time: 0.0040 
[2025-02-21 18:42:45,558 INFO] 70656 iteration USE_EMA: False, train/sup_loss: 0.0019, train/unsup_loss: 0.6880, train/total_loss: 0.6900, train/util_ratio: 0.3750, train/run_time: 0.1478, lr: 0.0004, train/prefecth_time: 0.0038 
[2025-02-21 18:43:31,154 INFO] 70912 iteration USE_EMA: False, train/sup_loss: 0.0059, train/unsup_loss: 0.8232, train/total_loss: 0.8291, train/util_ratio: 0.3750, train/run_time: 0.1482, lr: 0.0004, train/prefecth_time: 0.0041 
[2025-02-21 18:44:16,278 INFO] 71168 iteration USE_EMA: False, train/sup_loss: 0.0936, train/unsup_loss: 0.3283, train/total_loss: 0.4219, train/util_ratio: 0.1250, train/run_time: 0.1477, lr: 0.0004, train/prefecth_time: 0.0042 
[2025-02-21 18:45:01,424 INFO] 71424 iteration USE_EMA: False, train/sup_loss: 0.0241, train/unsup_loss: 0.1183, train/total_loss: 0.1424, train/util_ratio: 0.3750, train/run_time: 0.1481, lr: 0.0004, train/prefecth_time: 0.0038 
[2025-02-21 18:45:46,535 INFO] validating...
/home/zakerian/miniconda3/envs/usb/lib/python3.8/site-packages/sklearn/metrics/_classification.py:1471: UndefinedMetricWarning: Precision is ill-defined and being set to 0.0 in labels with no predicted samples. Use `zero_division` parameter to control this behavior.
  _warn_prf(average, modifier, msg_start, len(result))
[2025-02-21 18:45:52,088 INFO] confusion matrix:
[[0.1        0.         0.         ... 0.         0.         0.        ]
 [0.         0.         0.         ... 0.         0.         0.        ]
 [0.         0.         0.33333333 ... 0.         0.         0.        ]
 ...
 [0.         0.         0.         ... 0.42857143 0.         0.        ]
 [0.         0.         0.         ... 0.         0.25       0.        ]
 [0.         0.         0.         ... 0.         0.         0.        ]]
[2025-02-21 18:45:54,036 INFO] model saved: ./saved_models/usb_cv/fixmatch_market1501_trainsplit/latest_model.pth
[2025-02-21 18:45:55,972 INFO] model saved: ./saved_models/usb_cv/fixmatch_market1501_trainsplit/model_best.pth
[2025-02-21 18:45:55,974 INFO] 71680 iteration, USE_EMA: False, train/sup_loss: 0.0005, train/unsup_loss: 0.0000, train/total_loss: 0.0005, train/util_ratio: 0.1250, train/run_time: 0.1471, eval/loss: 9.8342, eval/top-1-acc: 0.1709, eval/top-5-acc: 0.3069, eval/balanced_acc: 0.1733, eval/precision: 0.2220, eval/recall: 0.1733, eval/F1: 0.1619, lr: 0.0004, train/prefecth_time: 0.0040 BEST_EVAL_ACC: 0.1709, at 71680 iters
[2025-02-21 18:46:41,722 INFO] 71936 iteration USE_EMA: False, train/sup_loss: 0.0011, train/unsup_loss: 0.0115, train/total_loss: 0.0125, train/util_ratio: 0.5000, train/run_time: 0.1487, lr: 0.0004, train/prefecth_time: 0.0039 
[2025-02-21 18:47:26,908 INFO] 72192 iteration USE_EMA: False, train/sup_loss: 0.2681, train/unsup_loss: 0.0014, train/total_loss: 0.2696, train/util_ratio: 0.2500, train/run_time: 0.1479, lr: 0.0004, train/prefecth_time: 0.0040 
[2025-02-21 18:48:12,113 INFO] 72448 iteration USE_EMA: False, train/sup_loss: 0.0005, train/unsup_loss: 0.2947, train/total_loss: 0.2952, train/util_ratio: 0.3750, train/run_time: 0.1490, lr: 0.0004, train/prefecth_time: 0.0049 
[2025-02-21 18:48:57,328 INFO] 72704 iteration USE_EMA: False, train/sup_loss: 0.0010, train/unsup_loss: 1.4862, train/total_loss: 1.4872, train/util_ratio: 0.5000, train/run_time: 0.1477, lr: 0.0004, train/prefecth_time: 0.0041 
[2025-02-21 18:49:43,074 INFO] 72960 iteration USE_EMA: False, train/sup_loss: 0.0014, train/unsup_loss: 0.5004, train/total_loss: 0.5018, train/util_ratio: 0.1250, train/run_time: 0.1486, lr: 0.0004, train/prefecth_time: 0.0042 
[2025-02-21 18:50:28,403 INFO] 73216 iteration USE_EMA: False, train/sup_loss: 0.0050, train/unsup_loss: 0.0182, train/total_loss: 0.0232, train/util_ratio: 0.2500, train/run_time: 0.1477, lr: 0.0004, train/prefecth_time: 0.0043 
[2025-02-21 18:51:13,776 INFO] 73472 iteration USE_EMA: False, train/sup_loss: 0.0037, train/unsup_loss: 0.4795, train/total_loss: 0.4832, train/util_ratio: 0.3750, train/run_time: 0.1482, lr: 0.0004, train/prefecth_time: 0.0045 
[2025-02-21 18:51:58,906 INFO] validating...
/home/zakerian/miniconda3/envs/usb/lib/python3.8/site-packages/sklearn/metrics/_classification.py:1471: UndefinedMetricWarning: Precision is ill-defined and being set to 0.0 in labels with no predicted samples. Use `zero_division` parameter to control this behavior.
  _warn_prf(average, modifier, msg_start, len(result))
[2025-02-21 18:52:04,527 INFO] confusion matrix:
[[0.1        0.         0.         ... 0.         0.         0.        ]
 [0.         0.         0.         ... 0.         0.         0.        ]
 [0.         0.         0.33333333 ... 0.         0.         0.        ]
 ...
 [0.         0.         0.         ... 0.42857143 0.         0.        ]
 [0.         0.         0.         ... 0.         0.         0.        ]
 [0.         0.         0.         ... 0.         0.         0.        ]]
[2025-02-21 18:52:06,467 INFO] model saved: ./saved_models/usb_cv/fixmatch_market1501_trainsplit/latest_model.pth
[2025-02-21 18:52:08,380 INFO] model saved: ./saved_models/usb_cv/fixmatch_market1501_trainsplit/model_best.pth
[2025-02-21 18:52:08,382 INFO] 73728 iteration, USE_EMA: False, train/sup_loss: 0.0002, train/unsup_loss: 1.0507, train/total_loss: 1.0509, train/util_ratio: 0.5000, train/run_time: 0.1470, eval/loss: 10.0126, eval/top-1-acc: 0.1723, eval/top-5-acc: 0.3252, eval/balanced_acc: 0.1745, eval/precision: 0.2252, eval/recall: 0.1745, eval/F1: 0.1647, lr: 0.0004, train/prefecth_time: 0.0039 BEST_EVAL_ACC: 0.1723, at 73728 iters
[2025-02-21 18:52:54,203 INFO] 73984 iteration USE_EMA: False, train/sup_loss: 0.0023, train/unsup_loss: 0.2270, train/total_loss: 0.2294, train/util_ratio: 0.3750, train/run_time: 0.1494, lr: 0.0004, train/prefecth_time: 0.0040 
[2025-02-21 18:53:39,440 INFO] 74240 iteration USE_EMA: False, train/sup_loss: 0.0006, train/unsup_loss: 0.3444, train/total_loss: 0.3449, train/util_ratio: 0.3750, train/run_time: 0.1491, lr: 0.0004, train/prefecth_time: 0.0046 
[2025-02-21 18:54:24,689 INFO] 74496 iteration USE_EMA: False, train/sup_loss: 0.0015, train/unsup_loss: 1.2226, train/total_loss: 1.2241, train/util_ratio: 0.3750, train/run_time: 0.1486, lr: 0.0004, train/prefecth_time: 0.0044 
[2025-02-21 18:55:10,078 INFO] 74752 iteration USE_EMA: False, train/sup_loss: 0.0053, train/unsup_loss: 0.0418, train/total_loss: 0.0471, train/util_ratio: 0.5000, train/run_time: 0.1479, lr: 0.0004, train/prefecth_time: 0.0040 
[2025-02-21 18:55:55,749 INFO] 75008 iteration USE_EMA: False, train/sup_loss: 0.0028, train/unsup_loss: 0.0000, train/total_loss: 0.0028, train/util_ratio: 0.0000, train/run_time: 0.1478, lr: 0.0004, train/prefecth_time: 0.0043 
[2025-02-21 18:56:40,978 INFO] 75264 iteration USE_EMA: False, train/sup_loss: 0.0044, train/unsup_loss: 0.4170, train/total_loss: 0.4214, train/util_ratio: 0.3750, train/run_time: 0.1483, lr: 0.0004, train/prefecth_time: 0.0042 
[2025-02-21 18:57:26,123 INFO] 75520 iteration USE_EMA: False, train/sup_loss: 0.0003, train/unsup_loss: 0.2494, train/total_loss: 0.2496, train/util_ratio: 0.2500, train/run_time: 0.1477, lr: 0.0004, train/prefecth_time: 0.0042 
[2025-02-21 18:58:11,225 INFO] validating...
/home/zakerian/miniconda3/envs/usb/lib/python3.8/site-packages/sklearn/metrics/_classification.py:1471: UndefinedMetricWarning: Precision is ill-defined and being set to 0.0 in labels with no predicted samples. Use `zero_division` parameter to control this behavior.
  _warn_prf(average, modifier, msg_start, len(result))
[2025-02-21 18:58:16,808 INFO] confusion matrix:
[[0.2        0.         0.         ... 0.         0.         0.        ]
 [0.         0.         0.         ... 0.         0.         0.        ]
 [0.         0.         0.33333333 ... 0.         0.         0.        ]
 ...
 [0.         0.         0.         ... 0.28571429 0.         0.        ]
 [0.         0.         0.         ... 0.         0.         0.        ]
 [0.         0.         0.         ... 0.         0.         0.        ]]
[2025-02-21 18:58:18,729 INFO] model saved: ./saved_models/usb_cv/fixmatch_market1501_trainsplit/latest_model.pth
[2025-02-21 18:58:18,731 INFO] 75776 iteration, USE_EMA: False, train/sup_loss: 0.0004, train/unsup_loss: 1.9331, train/total_loss: 1.9334, train/util_ratio: 0.5000, train/run_time: 0.1474, eval/loss: 10.4970, eval/top-1-acc: 0.1657, eval/top-5-acc: 0.3207, eval/balanced_acc: 0.1720, eval/precision: 0.2159, eval/recall: 0.1720, eval/F1: 0.1587, lr: 0.0004, train/prefecth_time: 0.0039 BEST_EVAL_ACC: 0.1723, at 73728 iters
[2025-02-21 18:59:04,420 INFO] 76032 iteration USE_EMA: False, train/sup_loss: 0.0158, train/unsup_loss: 0.1627, train/total_loss: 0.1785, train/util_ratio: 0.5000, train/run_time: 0.1484, lr: 0.0004, train/prefecth_time: 0.0038 
[2025-02-21 18:59:49,622 INFO] 76288 iteration USE_EMA: False, train/sup_loss: 0.0443, train/unsup_loss: 0.0241, train/total_loss: 0.0685, train/util_ratio: 0.3750, train/run_time: 0.1491, lr: 0.0004, train/prefecth_time: 0.0041 
[2025-02-21 19:00:34,762 INFO] 76544 iteration USE_EMA: False, train/sup_loss: 0.0759, train/unsup_loss: 0.1987, train/total_loss: 0.2746, train/util_ratio: 0.5000, train/run_time: 0.1478, lr: 0.0004, train/prefecth_time: 0.0041 
[2025-02-21 19:01:19,873 INFO] 76800 iteration USE_EMA: False, train/sup_loss: 0.0013, train/unsup_loss: 0.0049, train/total_loss: 0.0062, train/util_ratio: 0.3750, train/run_time: 0.1477, lr: 0.0004, train/prefecth_time: 0.0041 
[2025-02-21 19:02:05,448 INFO] 77056 iteration USE_EMA: False, train/sup_loss: 0.0193, train/unsup_loss: 0.2443, train/total_loss: 0.2635, train/util_ratio: 0.6250, train/run_time: 0.1486, lr: 0.0004, train/prefecth_time: 0.0041 
[2025-02-21 19:02:50,533 INFO] 77312 iteration USE_EMA: False, train/sup_loss: 0.0041, train/unsup_loss: 0.0066, train/total_loss: 0.0107, train/util_ratio: 0.3750, train/run_time: 0.1482, lr: 0.0004, train/prefecth_time: 0.0038 
[2025-02-21 19:03:35,655 INFO] 77568 iteration USE_EMA: False, train/sup_loss: 0.0022, train/unsup_loss: 0.1170, train/total_loss: 0.1192, train/util_ratio: 0.5000, train/run_time: 0.1482, lr: 0.0004, train/prefecth_time: 0.0046 
[2025-02-21 19:04:20,797 INFO] validating...
/home/zakerian/miniconda3/envs/usb/lib/python3.8/site-packages/sklearn/metrics/_classification.py:1471: UndefinedMetricWarning: Precision is ill-defined and being set to 0.0 in labels with no predicted samples. Use `zero_division` parameter to control this behavior.
  _warn_prf(average, modifier, msg_start, len(result))
[2025-02-21 19:04:26,398 INFO] confusion matrix:
[[0.1        0.         0.         ... 0.         0.         0.        ]
 [0.         0.         0.         ... 0.         0.         0.        ]
 [0.         0.         0.33333333 ... 0.         0.         0.        ]
 ...
 [0.         0.         0.         ... 0.71428571 0.         0.        ]
 [0.         0.         0.         ... 0.         0.         0.        ]
 [0.         0.         0.         ... 0.         0.         0.        ]]
[2025-02-21 19:04:28,396 INFO] model saved: ./saved_models/usb_cv/fixmatch_market1501_trainsplit/latest_model.pth
[2025-02-21 19:04:30,313 INFO] model saved: ./saved_models/usb_cv/fixmatch_market1501_trainsplit/model_best.pth
[2025-02-21 19:04:30,315 INFO] 77824 iteration, USE_EMA: False, train/sup_loss: 0.0048, train/unsup_loss: 0.0004, train/total_loss: 0.0053, train/util_ratio: 0.1250, train/run_time: 0.1479, eval/loss: 9.8998, eval/top-1-acc: 0.1796, eval/top-5-acc: 0.3214, eval/balanced_acc: 0.1778, eval/precision: 0.2400, eval/recall: 0.1778, eval/F1: 0.1709, lr: 0.0004, train/prefecth_time: 0.0040 BEST_EVAL_ACC: 0.1796, at 77824 iters
[2025-02-21 19:05:16,025 INFO] 78080 iteration USE_EMA: False, train/sup_loss: 0.0020, train/unsup_loss: 0.0281, train/total_loss: 0.0301, train/util_ratio: 0.3750, train/run_time: 0.1483, lr: 0.0004, train/prefecth_time: 0.0040 
[2025-02-21 19:06:01,218 INFO] 78336 iteration USE_EMA: False, train/sup_loss: 0.0006, train/unsup_loss: 0.0003, train/total_loss: 0.0009, train/util_ratio: 0.2500, train/run_time: 0.1486, lr: 0.0004, train/prefecth_time: 0.0050 
[2025-02-21 19:06:46,395 INFO] 78592 iteration USE_EMA: False, train/sup_loss: 0.0049, train/unsup_loss: 0.4159, train/total_loss: 0.4209, train/util_ratio: 0.6250, train/run_time: 0.1481, lr: 0.0004, train/prefecth_time: 0.0040 
[2025-02-21 19:07:31,678 INFO] 78848 iteration USE_EMA: False, train/sup_loss: 0.0026, train/unsup_loss: 0.0034, train/total_loss: 0.0060, train/util_ratio: 0.1250, train/run_time: 0.1469, lr: 0.0004, train/prefecth_time: 0.0039 
[2025-02-21 19:08:17,407 INFO] 79104 iteration USE_EMA: False, train/sup_loss: 0.0026, train/unsup_loss: 0.1320, train/total_loss: 0.1346, train/util_ratio: 0.3750, train/run_time: 0.1473, lr: 0.0004, train/prefecth_time: 0.0037 
[2025-02-21 19:09:02,630 INFO] 79360 iteration USE_EMA: False, train/sup_loss: 0.0022, train/unsup_loss: 0.0358, train/total_loss: 0.0380, train/util_ratio: 0.2500, train/run_time: 0.1485, lr: 0.0004, train/prefecth_time: 0.0041 
[2025-02-21 19:09:47,818 INFO] 79616 iteration USE_EMA: False, train/sup_loss: 0.0057, train/unsup_loss: 0.1159, train/total_loss: 0.1215, train/util_ratio: 0.2500, train/run_time: 0.1479, lr: 0.0004, train/prefecth_time: 0.0040 
[2025-02-21 19:10:33,028 INFO] validating...
/home/zakerian/miniconda3/envs/usb/lib/python3.8/site-packages/sklearn/metrics/_classification.py:1471: UndefinedMetricWarning: Precision is ill-defined and being set to 0.0 in labels with no predicted samples. Use `zero_division` parameter to control this behavior.
  _warn_prf(average, modifier, msg_start, len(result))
[2025-02-21 19:10:38,605 INFO] confusion matrix:
[[0.2        0.         0.         ... 0.         0.         0.        ]
 [0.         0.         0.         ... 0.         0.         0.        ]
 [0.         0.         0.33333333 ... 0.         0.         0.        ]
 ...
 [0.         0.         0.         ... 0.42857143 0.         0.        ]
 [0.         0.         0.         ... 0.         0.         0.        ]
 [0.         0.         0.         ... 0.         0.         0.        ]]
[2025-02-21 19:10:40,610 INFO] model saved: ./saved_models/usb_cv/fixmatch_market1501_trainsplit/latest_model.pth
[2025-02-21 19:10:40,613 INFO] 79872 iteration, USE_EMA: False, train/sup_loss: 0.0003, train/unsup_loss: 0.0112, train/total_loss: 0.0115, train/util_ratio: 0.2500, train/run_time: 0.1471, eval/loss: 10.6546, eval/top-1-acc: 0.1692, eval/top-5-acc: 0.3152, eval/balanced_acc: 0.1759, eval/precision: 0.2407, eval/recall: 0.1759, eval/F1: 0.1689, lr: 0.0004, train/prefecth_time: 0.0038 BEST_EVAL_ACC: 0.1796, at 77824 iters
[2025-02-21 19:11:26,330 INFO] 80128 iteration USE_EMA: False, train/sup_loss: 0.0016, train/unsup_loss: 0.0125, train/total_loss: 0.0141, train/util_ratio: 0.3750, train/run_time: 0.1481, lr: 0.0004, train/prefecth_time: 0.0039 
[2025-02-21 19:12:11,542 INFO] 80384 iteration USE_EMA: False, train/sup_loss: 0.0058, train/unsup_loss: 0.4669, train/total_loss: 0.4727, train/util_ratio: 0.6250, train/run_time: 0.1481, lr: 0.0004, train/prefecth_time: 0.0041 
[2025-02-21 19:12:56,757 INFO] 80640 iteration USE_EMA: False, train/sup_loss: 0.0018, train/unsup_loss: 0.0284, train/total_loss: 0.0302, train/util_ratio: 0.3750, train/run_time: 0.1478, lr: 0.0004, train/prefecth_time: 0.0040 
[2025-02-21 19:13:41,970 INFO] 80896 iteration USE_EMA: False, train/sup_loss: 0.0080, train/unsup_loss: 0.2886, train/total_loss: 0.2965, train/util_ratio: 0.2500, train/run_time: 0.1475, lr: 0.0004, train/prefecth_time: 0.0039 
[2025-02-21 19:14:27,636 INFO] 81152 iteration USE_EMA: False, train/sup_loss: 0.0003, train/unsup_loss: 0.5371, train/total_loss: 0.5373, train/util_ratio: 0.1250, train/run_time: 0.1489, lr: 0.0004, train/prefecth_time: 0.0040 
[2025-02-21 19:15:12,894 INFO] 81408 iteration USE_EMA: False, train/sup_loss: 0.0013, train/unsup_loss: 0.7098, train/total_loss: 0.7110, train/util_ratio: 0.3750, train/run_time: 0.1483, lr: 0.0004, train/prefecth_time: 0.0041 
[2025-02-21 19:15:58,026 INFO] 81664 iteration USE_EMA: False, train/sup_loss: 0.0006, train/unsup_loss: 0.0020, train/total_loss: 0.0027, train/util_ratio: 0.1250, train/run_time: 0.1482, lr: 0.0004, train/prefecth_time: 0.0039 
[2025-02-21 19:16:43,170 INFO] validating...
/home/zakerian/miniconda3/envs/usb/lib/python3.8/site-packages/sklearn/metrics/_classification.py:1471: UndefinedMetricWarning: Precision is ill-defined and being set to 0.0 in labels with no predicted samples. Use `zero_division` parameter to control this behavior.
  _warn_prf(average, modifier, msg_start, len(result))
[2025-02-21 19:16:48,742 INFO] confusion matrix:
[[0.1        0.         0.         ... 0.         0.         0.        ]
 [0.         0.         0.         ... 0.         0.         0.        ]
 [0.         0.         0.33333333 ... 0.         0.         0.        ]
 ...
 [0.         0.         0.         ... 0.42857143 0.         0.        ]
 [0.         0.         0.         ... 0.         0.25       0.        ]
 [0.         0.         0.         ... 0.         0.         0.        ]]
[2025-02-21 19:16:50,723 INFO] model saved: ./saved_models/usb_cv/fixmatch_market1501_trainsplit/latest_model.pth
[2025-02-21 19:16:50,725 INFO] 81920 iteration, USE_EMA: False, train/sup_loss: 0.0012, train/unsup_loss: 0.1358, train/total_loss: 0.1370, train/util_ratio: 0.2500, train/run_time: 0.1477, eval/loss: 10.9185, eval/top-1-acc: 0.1713, eval/top-5-acc: 0.3187, eval/balanced_acc: 0.1721, eval/precision: 0.2355, eval/recall: 0.1721, eval/F1: 0.1658, lr: 0.0004, train/prefecth_time: 0.0036 BEST_EVAL_ACC: 0.1796, at 77824 iters
[2025-02-21 19:17:36,556 INFO] 82176 iteration USE_EMA: False, train/sup_loss: 0.0036, train/unsup_loss: 0.8299, train/total_loss: 0.8335, train/util_ratio: 0.6250, train/run_time: 0.1483, lr: 0.0004, train/prefecth_time: 0.0043 
[2025-02-21 19:18:21,818 INFO] 82432 iteration USE_EMA: False, train/sup_loss: 0.0092, train/unsup_loss: 0.2880, train/total_loss: 0.2972, train/util_ratio: 0.3750, train/run_time: 0.1488, lr: 0.0004, train/prefecth_time: 0.0040 
[2025-02-21 19:19:07,031 INFO] 82688 iteration USE_EMA: False, train/sup_loss: 0.0230, train/unsup_loss: 1.1157, train/total_loss: 1.1386, train/util_ratio: 0.5000, train/run_time: 0.1487, lr: 0.0004, train/prefecth_time: 0.0043 
[2025-02-21 19:19:52,253 INFO] 82944 iteration USE_EMA: False, train/sup_loss: 0.0109, train/unsup_loss: 0.3414, train/total_loss: 0.3523, train/util_ratio: 0.5000, train/run_time: 0.1474, lr: 0.0004, train/prefecth_time: 0.0039 
[2025-02-21 19:20:37,904 INFO] 83200 iteration USE_EMA: False, train/sup_loss: 0.0058, train/unsup_loss: 0.0150, train/total_loss: 0.0207, train/util_ratio: 0.1250, train/run_time: 0.1478, lr: 0.0004, train/prefecth_time: 0.0040 
[2025-02-21 19:21:23,074 INFO] 83456 iteration USE_EMA: False, train/sup_loss: 0.0007, train/unsup_loss: 0.0663, train/total_loss: 0.0670, train/util_ratio: 0.3750, train/run_time: 0.1482, lr: 0.0004, train/prefecth_time: 0.0040 
[2025-02-21 19:22:08,287 INFO] 83712 iteration USE_EMA: False, train/sup_loss: 0.0013, train/unsup_loss: 0.3159, train/total_loss: 0.3172, train/util_ratio: 0.5000, train/run_time: 0.1482, lr: 0.0004, train/prefecth_time: 0.0044 
[2025-02-21 19:22:53,397 INFO] validating...
/home/zakerian/miniconda3/envs/usb/lib/python3.8/site-packages/sklearn/metrics/_classification.py:1471: UndefinedMetricWarning: Precision is ill-defined and being set to 0.0 in labels with no predicted samples. Use `zero_division` parameter to control this behavior.
  _warn_prf(average, modifier, msg_start, len(result))
[2025-02-21 19:22:58,933 INFO] confusion matrix:
[[0.1        0.         0.         ... 0.         0.         0.        ]
 [0.         0.         0.         ... 0.         0.         0.        ]
 [0.         0.         0.33333333 ... 0.         0.         0.        ]
 ...
 [0.         0.         0.         ... 0.57142857 0.         0.        ]
 [0.         0.         0.         ... 0.         0.         0.        ]
 [0.         0.         0.         ... 0.         0.         0.        ]]
[2025-02-21 19:23:00,882 INFO] model saved: ./saved_models/usb_cv/fixmatch_market1501_trainsplit/latest_model.pth
[2025-02-21 19:23:00,888 INFO] 83968 iteration, USE_EMA: False, train/sup_loss: 0.0036, train/unsup_loss: 0.0253, train/total_loss: 0.0289, train/util_ratio: 0.2500, train/run_time: 0.1473, eval/loss: 10.6292, eval/top-1-acc: 0.1789, eval/top-5-acc: 0.3135, eval/balanced_acc: 0.1867, eval/precision: 0.2458, eval/recall: 0.1867, eval/F1: 0.1786, lr: 0.0004, train/prefecth_time: 0.0039 BEST_EVAL_ACC: 0.1796, at 77824 iters
[2025-02-21 19:23:46,673 INFO] 84224 iteration USE_EMA: False, train/sup_loss: 0.0002, train/unsup_loss: 0.0312, train/total_loss: 0.0314, train/util_ratio: 0.1250, train/run_time: 0.1484, lr: 0.0004, train/prefecth_time: 0.0041 
[2025-02-21 19:24:31,950 INFO] 84480 iteration USE_EMA: False, train/sup_loss: 0.0071, train/unsup_loss: 0.6021, train/total_loss: 0.6092, train/util_ratio: 0.1250, train/run_time: 0.1485, lr: 0.0004, train/prefecth_time: 0.0042 
[2025-02-21 19:25:17,150 INFO] 84736 iteration USE_EMA: False, train/sup_loss: 0.0020, train/unsup_loss: 0.3513, train/total_loss: 0.3533, train/util_ratio: 0.3750, train/run_time: 0.1480, lr: 0.0004, train/prefecth_time: 0.0041 
[2025-02-21 19:26:02,281 INFO] 84992 iteration USE_EMA: False, train/sup_loss: 0.0022, train/unsup_loss: 0.8745, train/total_loss: 0.8767, train/util_ratio: 0.3750, train/run_time: 0.1475, lr: 0.0004, train/prefecth_time: 0.0036 
[2025-02-21 19:26:48,029 INFO] 85248 iteration USE_EMA: False, train/sup_loss: 0.0013, train/unsup_loss: 0.3350, train/total_loss: 0.3363, train/util_ratio: 0.3750, train/run_time: 0.1482, lr: 0.0004, train/prefecth_time: 0.0039 
[2025-02-21 19:27:33,415 INFO] 85504 iteration USE_EMA: False, train/sup_loss: 0.0608, train/unsup_loss: 0.4024, train/total_loss: 0.4632, train/util_ratio: 0.3750, train/run_time: 0.1481, lr: 0.0004, train/prefecth_time: 0.0041 
[2025-02-21 19:28:18,705 INFO] 85760 iteration USE_EMA: False, train/sup_loss: 0.0002, train/unsup_loss: 0.1006, train/total_loss: 0.1008, train/util_ratio: 0.6250, train/run_time: 0.1481, lr: 0.0004, train/prefecth_time: 0.0043 
[2025-02-21 19:29:03,959 INFO] validating...
/home/zakerian/miniconda3/envs/usb/lib/python3.8/site-packages/sklearn/metrics/_classification.py:1471: UndefinedMetricWarning: Precision is ill-defined and being set to 0.0 in labels with no predicted samples. Use `zero_division` parameter to control this behavior.
  _warn_prf(average, modifier, msg_start, len(result))
[2025-02-21 19:29:09,511 INFO] confusion matrix:
[[0.1        0.         0.         ... 0.         0.         0.        ]
 [0.         0.         0.         ... 0.         0.         0.        ]
 [0.         0.         0.33333333 ... 0.         0.         0.        ]
 ...
 [0.         0.         0.         ... 0.42857143 0.         0.        ]
 [0.         0.         0.         ... 0.         0.         0.        ]
 [0.         0.         0.         ... 0.         0.         0.        ]]
[2025-02-21 19:29:11,443 INFO] model saved: ./saved_models/usb_cv/fixmatch_market1501_trainsplit/latest_model.pth
[2025-02-21 19:29:11,446 INFO] 86016 iteration, USE_EMA: False, train/sup_loss: 0.0011, train/unsup_loss: 0.0550, train/total_loss: 0.0561, train/util_ratio: 0.2500, train/run_time: 0.1473, eval/loss: 11.1235, eval/top-1-acc: 0.1744, eval/top-5-acc: 0.3148, eval/balanced_acc: 0.1800, eval/precision: 0.2397, eval/recall: 0.1800, eval/F1: 0.1725, lr: 0.0004, train/prefecth_time: 0.0040 BEST_EVAL_ACC: 0.1796, at 77824 iters
[2025-02-21 19:29:57,136 INFO] 86272 iteration USE_EMA: False, train/sup_loss: 0.0006, train/unsup_loss: 0.9138, train/total_loss: 0.9144, train/util_ratio: 0.3750, train/run_time: 0.1488, lr: 0.0004, train/prefecth_time: 0.0038 
[2025-02-21 19:30:42,285 INFO] 86528 iteration USE_EMA: False, train/sup_loss: 0.0002, train/unsup_loss: 0.0456, train/total_loss: 0.0459, train/util_ratio: 0.3750, train/run_time: 0.1482, lr: 0.0004, train/prefecth_time: 0.0039 
[2025-02-21 19:31:27,446 INFO] 86784 iteration USE_EMA: False, train/sup_loss: 0.0016, train/unsup_loss: 0.1188, train/total_loss: 0.1203, train/util_ratio: 0.3750, train/run_time: 0.1479, lr: 0.0004, train/prefecth_time: 0.0041 
[2025-02-21 19:32:12,801 INFO] 87040 iteration USE_EMA: False, train/sup_loss: 0.0022, train/unsup_loss: 0.0513, train/total_loss: 0.0535, train/util_ratio: 0.6250, train/run_time: 0.1479, lr: 0.0004, train/prefecth_time: 0.0040 
[2025-02-21 19:32:58,573 INFO] 87296 iteration USE_EMA: False, train/sup_loss: 0.0036, train/unsup_loss: 0.0036, train/total_loss: 0.0073, train/util_ratio: 0.2500, train/run_time: 0.1487, lr: 0.0004, train/prefecth_time: 0.0044 
[2025-02-21 19:33:43,880 INFO] 87552 iteration USE_EMA: False, train/sup_loss: 0.0006, train/unsup_loss: 0.1408, train/total_loss: 0.1414, train/util_ratio: 0.3750, train/run_time: 0.1490, lr: 0.0004, train/prefecth_time: 0.0045 
[2025-02-21 19:34:29,214 INFO] 87808 iteration USE_EMA: False, train/sup_loss: 0.0102, train/unsup_loss: 0.2458, train/total_loss: 0.2561, train/util_ratio: 0.3750, train/run_time: 0.1492, lr: 0.0004, train/prefecth_time: 0.0041 
[2025-02-21 19:35:14,417 INFO] validating...
/home/zakerian/miniconda3/envs/usb/lib/python3.8/site-packages/sklearn/metrics/_classification.py:1471: UndefinedMetricWarning: Precision is ill-defined and being set to 0.0 in labels with no predicted samples. Use `zero_division` parameter to control this behavior.
  _warn_prf(average, modifier, msg_start, len(result))
[2025-02-21 19:35:19,981 INFO] confusion matrix:
[[0.1        0.         0.         ... 0.         0.         0.        ]
 [0.         0.         0.         ... 0.         0.         0.        ]
 [0.         0.         0.33333333 ... 0.         0.         0.        ]
 ...
 [0.         0.         0.         ... 0.57142857 0.         0.        ]
 [0.         0.         0.         ... 0.         0.         0.        ]
 [0.         0.         0.         ... 0.         0.         0.        ]]
[2025-02-21 19:35:21,914 INFO] model saved: ./saved_models/usb_cv/fixmatch_market1501_trainsplit/latest_model.pth
[2025-02-21 19:35:23,894 INFO] model saved: ./saved_models/usb_cv/fixmatch_market1501_trainsplit/model_best.pth
[2025-02-21 19:35:23,897 INFO] 88064 iteration, USE_EMA: False, train/sup_loss: 0.0027, train/unsup_loss: 0.3407, train/total_loss: 0.3435, train/util_ratio: 0.2500, train/run_time: 0.1475, eval/loss: 10.1362, eval/top-1-acc: 0.1869, eval/top-5-acc: 0.3141, eval/balanced_acc: 0.1863, eval/precision: 0.2463, eval/recall: 0.1863, eval/F1: 0.1781, lr: 0.0004, train/prefecth_time: 0.0038 BEST_EVAL_ACC: 0.1869, at 88064 iters
[2025-02-21 19:36:09,558 INFO] 88320 iteration USE_EMA: False, train/sup_loss: 0.0011, train/unsup_loss: 0.0175, train/total_loss: 0.0186, train/util_ratio: 0.3750, train/run_time: 0.1486, lr: 0.0004, train/prefecth_time: 0.0039 
[2025-02-21 19:36:54,802 INFO] 88576 iteration USE_EMA: False, train/sup_loss: 0.0002, train/unsup_loss: 0.0000, train/total_loss: 0.0002, train/util_ratio: 0.0000, train/run_time: 0.1484, lr: 0.0004, train/prefecth_time: 0.0042 
[2025-02-21 19:37:40,103 INFO] 88832 iteration USE_EMA: False, train/sup_loss: 0.0017, train/unsup_loss: 0.2625, train/total_loss: 0.2642, train/util_ratio: 0.7500, train/run_time: 0.1479, lr: 0.0004, train/prefecth_time: 0.0044 
[2025-02-21 19:38:25,363 INFO] 89088 iteration USE_EMA: False, train/sup_loss: 0.0004, train/unsup_loss: 0.3289, train/total_loss: 0.3293, train/util_ratio: 0.6250, train/run_time: 0.1483, lr: 0.0004, train/prefecth_time: 0.0041 
[2025-02-21 19:39:10,984 INFO] 89344 iteration USE_EMA: False, train/sup_loss: 0.0008, train/unsup_loss: 0.1584, train/total_loss: 0.1592, train/util_ratio: 0.2500, train/run_time: 0.1478, lr: 0.0004, train/prefecth_time: 0.0039 
[2025-02-21 19:39:56,220 INFO] 89600 iteration USE_EMA: False, train/sup_loss: 0.0004, train/unsup_loss: 0.0948, train/total_loss: 0.0952, train/util_ratio: 0.5000, train/run_time: 0.1481, lr: 0.0004, train/prefecth_time: 0.0041 
[2025-02-21 19:40:41,402 INFO] 89856 iteration USE_EMA: False, train/sup_loss: 0.0064, train/unsup_loss: 0.0069, train/total_loss: 0.0133, train/util_ratio: 0.2500, train/run_time: 0.1479, lr: 0.0004, train/prefecth_time: 0.0047 
[2025-02-21 19:41:26,693 INFO] validating...
/home/zakerian/miniconda3/envs/usb/lib/python3.8/site-packages/sklearn/metrics/_classification.py:1471: UndefinedMetricWarning: Precision is ill-defined and being set to 0.0 in labels with no predicted samples. Use `zero_division` parameter to control this behavior.
  _warn_prf(average, modifier, msg_start, len(result))
[2025-02-21 19:41:32,258 INFO] confusion matrix:
[[0.2        0.         0.         ... 0.         0.         0.        ]
 [0.         0.5        0.         ... 0.         0.         0.        ]
 [0.         0.         0.33333333 ... 0.         0.         0.        ]
 ...
 [0.         0.         0.         ... 0.28571429 0.         0.        ]
 [0.         0.         0.         ... 0.         0.25       0.        ]
 [0.         0.         0.         ... 0.         0.         0.        ]]
[2025-02-21 19:41:34,348 INFO] model saved: ./saved_models/usb_cv/fixmatch_market1501_trainsplit/latest_model.pth
[2025-02-21 19:41:34,350 INFO] 90112 iteration, USE_EMA: False, train/sup_loss: 0.0044, train/unsup_loss: 0.1845, train/total_loss: 0.1889, train/util_ratio: 0.2500, train/run_time: 0.1473, eval/loss: 11.0729, eval/top-1-acc: 0.1786, eval/top-5-acc: 0.3232, eval/balanced_acc: 0.1831, eval/precision: 0.2310, eval/recall: 0.1831, eval/F1: 0.1670, lr: 0.0004, train/prefecth_time: 0.0038 BEST_EVAL_ACC: 0.1869, at 88064 iters
[2025-02-21 19:42:20,107 INFO] 90368 iteration USE_EMA: False, train/sup_loss: 0.0002, train/unsup_loss: 0.9386, train/total_loss: 0.9388, train/util_ratio: 0.5000, train/run_time: 0.1477, lr: 0.0004, train/prefecth_time: 0.0042 
[2025-02-21 19:43:05,350 INFO] 90624 iteration USE_EMA: False, train/sup_loss: 0.0018, train/unsup_loss: 0.0000, train/total_loss: 0.0018, train/util_ratio: 0.0000, train/run_time: 0.1479, lr: 0.0004, train/prefecth_time: 0.0041 
[2025-02-21 19:43:50,661 INFO] 90880 iteration USE_EMA: False, train/sup_loss: 0.0008, train/unsup_loss: 0.0013, train/total_loss: 0.0022, train/util_ratio: 0.2500, train/run_time: 0.1486, lr: 0.0004, train/prefecth_time: 0.0055 
[2025-02-21 19:44:35,955 INFO] 91136 iteration USE_EMA: False, train/sup_loss: 0.2877, train/unsup_loss: 0.0067, train/total_loss: 0.2944, train/util_ratio: 0.3750, train/run_time: 0.1471, lr: 0.0004, train/prefecth_time: 0.0039 
[2025-02-21 19:45:21,662 INFO] 91392 iteration USE_EMA: False, train/sup_loss: 0.0007, train/unsup_loss: 0.7576, train/total_loss: 0.7583, train/util_ratio: 0.5000, train/run_time: 0.1480, lr: 0.0004, train/prefecth_time: 0.0043 
[2025-02-21 19:46:06,706 INFO] 91648 iteration USE_EMA: False, train/sup_loss: 0.0001, train/unsup_loss: 0.2426, train/total_loss: 0.2427, train/util_ratio: 0.3750, train/run_time: 0.1479, lr: 0.0004, train/prefecth_time: 0.0041 
[2025-02-21 19:46:51,890 INFO] 91904 iteration USE_EMA: False, train/sup_loss: 0.0001, train/unsup_loss: 1.2369, train/total_loss: 1.2370, train/util_ratio: 0.5000, train/run_time: 0.1479, lr: 0.0004, train/prefecth_time: 0.0041 
[2025-02-21 19:47:37,020 INFO] validating...
/home/zakerian/miniconda3/envs/usb/lib/python3.8/site-packages/sklearn/metrics/_classification.py:1471: UndefinedMetricWarning: Precision is ill-defined and being set to 0.0 in labels with no predicted samples. Use `zero_division` parameter to control this behavior.
  _warn_prf(average, modifier, msg_start, len(result))
[2025-02-21 19:47:42,605 INFO] confusion matrix:
[[0.1        0.         0.         ... 0.         0.         0.        ]
 [0.         0.         0.         ... 0.         0.         0.        ]
 [0.         0.         0.33333333 ... 0.         0.         0.        ]
 ...
 [0.         0.         0.         ... 0.28571429 0.         0.        ]
 [0.         0.         0.         ... 0.         0.         0.        ]
 [0.         0.         0.         ... 0.         0.         0.        ]]
[2025-02-21 19:47:44,517 INFO] model saved: ./saved_models/usb_cv/fixmatch_market1501_trainsplit/latest_model.pth
[2025-02-21 19:47:44,519 INFO] 92160 iteration, USE_EMA: False, train/sup_loss: 0.0007, train/unsup_loss: 0.0000, train/total_loss: 0.0007, train/util_ratio: 0.1250, train/run_time: 0.1475, eval/loss: 10.6027, eval/top-1-acc: 0.1869, eval/top-5-acc: 0.3239, eval/balanced_acc: 0.1907, eval/precision: 0.2493, eval/recall: 0.1907, eval/F1: 0.1817, lr: 0.0004, train/prefecth_time: 0.0041 BEST_EVAL_ACC: 0.1869, at 88064 iters
[2025-02-21 19:48:30,309 INFO] 92416 iteration USE_EMA: False, train/sup_loss: 0.0002, train/unsup_loss: 0.0411, train/total_loss: 0.0413, train/util_ratio: 0.3750, train/run_time: 0.1489, lr: 0.0004, train/prefecth_time: 0.0042 
[2025-02-21 19:49:15,512 INFO] 92672 iteration USE_EMA: False, train/sup_loss: 0.0003, train/unsup_loss: 0.5184, train/total_loss: 0.5187, train/util_ratio: 0.2500, train/run_time: 0.1483, lr: 0.0004, train/prefecth_time: 0.0043 
[2025-02-21 19:50:00,638 INFO] 92928 iteration USE_EMA: False, train/sup_loss: 0.0142, train/unsup_loss: 0.2935, train/total_loss: 0.3077, train/util_ratio: 0.6250, train/run_time: 0.1487, lr: 0.0004, train/prefecth_time: 0.0040 
[2025-02-21 19:50:45,886 INFO] 93184 iteration USE_EMA: False, train/sup_loss: 0.0022, train/unsup_loss: 0.0730, train/total_loss: 0.0753, train/util_ratio: 0.3750, train/run_time: 0.1474, lr: 0.0004, train/prefecth_time: 0.0035 
[2025-02-21 19:51:31,553 INFO] 93440 iteration USE_EMA: False, train/sup_loss: 0.0007, train/unsup_loss: 0.0296, train/total_loss: 0.0303, train/util_ratio: 0.2500, train/run_time: 0.1487, lr: 0.0004, train/prefecth_time: 0.0045 
[2025-02-21 19:52:16,789 INFO] 93696 iteration USE_EMA: False, train/sup_loss: 0.0037, train/unsup_loss: 0.1945, train/total_loss: 0.1983, train/util_ratio: 0.1250, train/run_time: 0.1481, lr: 0.0004, train/prefecth_time: 0.0048 
[2025-02-21 19:53:01,960 INFO] 93952 iteration USE_EMA: False, train/sup_loss: 0.0016, train/unsup_loss: 0.1072, train/total_loss: 0.1088, train/util_ratio: 0.3750, train/run_time: 0.1483, lr: 0.0004, train/prefecth_time: 0.0043 
[2025-02-21 19:53:47,097 INFO] validating...
/home/zakerian/miniconda3/envs/usb/lib/python3.8/site-packages/sklearn/metrics/_classification.py:1471: UndefinedMetricWarning: Precision is ill-defined and being set to 0.0 in labels with no predicted samples. Use `zero_division` parameter to control this behavior.
  _warn_prf(average, modifier, msg_start, len(result))
[2025-02-21 19:53:52,652 INFO] confusion matrix:
[[0.         0.         0.         ... 0.         0.         0.        ]
 [0.         0.         0.         ... 0.         0.         0.        ]
 [0.         0.         0.33333333 ... 0.         0.         0.        ]
 ...
 [0.         0.         0.         ... 0.         0.         0.        ]
 [0.         0.         0.         ... 0.         0.25       0.        ]
 [0.         0.         0.         ... 0.         0.         0.        ]]
[2025-02-21 19:53:54,601 INFO] model saved: ./saved_models/usb_cv/fixmatch_market1501_trainsplit/latest_model.pth
[2025-02-21 19:53:54,604 INFO] 94208 iteration, USE_EMA: False, train/sup_loss: 0.0019, train/unsup_loss: 0.1296, train/total_loss: 0.1315, train/util_ratio: 0.3750, train/run_time: 0.1474, eval/loss: 11.2242, eval/top-1-acc: 0.1761, eval/top-5-acc: 0.3228, eval/balanced_acc: 0.1795, eval/precision: 0.2501, eval/recall: 0.1795, eval/F1: 0.1791, lr: 0.0004, train/prefecth_time: 0.0041 BEST_EVAL_ACC: 0.1869, at 88064 iters
[2025-02-21 19:54:40,367 INFO] 94464 iteration USE_EMA: False, train/sup_loss: 0.0032, train/unsup_loss: 0.0177, train/total_loss: 0.0209, train/util_ratio: 0.2500, train/run_time: 0.1477, lr: 0.0004, train/prefecth_time: 0.0042 
[2025-02-21 19:55:25,486 INFO] 94720 iteration USE_EMA: False, train/sup_loss: 0.0010, train/unsup_loss: 0.2141, train/total_loss: 0.2151, train/util_ratio: 0.5000, train/run_time: 0.1478, lr: 0.0004, train/prefecth_time: 0.0042 
[2025-02-21 19:56:10,743 INFO] 94976 iteration USE_EMA: False, train/sup_loss: 0.0034, train/unsup_loss: 0.3274, train/total_loss: 0.3308, train/util_ratio: 0.3750, train/run_time: 0.1487, lr: 0.0004, train/prefecth_time: 0.0042 
[2025-02-21 19:56:55,949 INFO] 95232 iteration USE_EMA: False, train/sup_loss: 0.0022, train/unsup_loss: 0.4785, train/total_loss: 0.4807, train/util_ratio: 0.1250, train/run_time: 0.1477, lr: 0.0004, train/prefecth_time: 0.0039 
[2025-02-21 19:57:41,678 INFO] 95488 iteration USE_EMA: False, train/sup_loss: 0.0111, train/unsup_loss: 0.6880, train/total_loss: 0.6991, train/util_ratio: 0.7500, train/run_time: 0.1481, lr: 0.0004, train/prefecth_time: 0.0042 
[2025-02-21 19:58:26,895 INFO] 95744 iteration USE_EMA: False, train/sup_loss: 0.0005, train/unsup_loss: 0.1470, train/total_loss: 0.1475, train/util_ratio: 0.2500, train/run_time: 0.1481, lr: 0.0004, train/prefecth_time: 0.0038 
[2025-02-21 19:59:12,092 INFO] 96000 iteration USE_EMA: False, train/sup_loss: 0.0032, train/unsup_loss: 0.0069, train/total_loss: 0.0101, train/util_ratio: 0.2500, train/run_time: 0.1478, lr: 0.0004, train/prefecth_time: 0.0041 
[2025-02-21 19:59:57,270 INFO] validating...
/home/zakerian/miniconda3/envs/usb/lib/python3.8/site-packages/sklearn/metrics/_classification.py:1471: UndefinedMetricWarning: Precision is ill-defined and being set to 0.0 in labels with no predicted samples. Use `zero_division` parameter to control this behavior.
  _warn_prf(average, modifier, msg_start, len(result))
[2025-02-21 20:00:02,821 INFO] confusion matrix:
[[0.         0.         0.         ... 0.         0.         0.        ]
 [0.         0.         0.         ... 0.         0.         0.        ]
 [0.         0.         0.33333333 ... 0.         0.         0.        ]
 ...
 [0.         0.         0.         ... 0.42857143 0.         0.        ]
 [0.         0.         0.         ... 0.         0.         0.        ]
 [0.         0.         0.         ... 0.         0.         0.        ]]
[2025-02-21 20:00:04,782 INFO] model saved: ./saved_models/usb_cv/fixmatch_market1501_trainsplit/latest_model.pth
[2025-02-21 20:00:06,745 INFO] model saved: ./saved_models/usb_cv/fixmatch_market1501_trainsplit/model_best.pth
[2025-02-21 20:00:06,748 INFO] 96256 iteration, USE_EMA: False, train/sup_loss: 0.0041, train/unsup_loss: 0.7563, train/total_loss: 0.7604, train/util_ratio: 0.5000, train/run_time: 0.1475, eval/loss: 10.9657, eval/top-1-acc: 0.1963, eval/top-5-acc: 0.3298, eval/balanced_acc: 0.1964, eval/precision: 0.2541, eval/recall: 0.1964, eval/F1: 0.1856, lr: 0.0004, train/prefecth_time: 0.0039 BEST_EVAL_ACC: 0.1963, at 96256 iters
[2025-02-21 20:00:52,535 INFO] 96512 iteration USE_EMA: False, train/sup_loss: 0.0001, train/unsup_loss: 0.0981, train/total_loss: 0.0982, train/util_ratio: 0.3750, train/run_time: 0.1480, lr: 0.0004, train/prefecth_time: 0.0041 
[2025-02-21 20:01:37,787 INFO] 96768 iteration USE_EMA: False, train/sup_loss: 0.0002, train/unsup_loss: 0.2233, train/total_loss: 0.2235, train/util_ratio: 0.6250, train/run_time: 0.1480, lr: 0.0004, train/prefecth_time: 0.0042 
[2025-02-21 20:02:23,072 INFO] 97024 iteration USE_EMA: False, train/sup_loss: 0.0000, train/unsup_loss: 0.7489, train/total_loss: 0.7489, train/util_ratio: 0.5000, train/run_time: 0.1488, lr: 0.0004, train/prefecth_time: 0.0054 
[2025-02-21 20:03:08,377 INFO] 97280 iteration USE_EMA: False, train/sup_loss: 0.0017, train/unsup_loss: 0.0211, train/total_loss: 0.0228, train/util_ratio: 0.3750, train/run_time: 0.1481, lr: 0.0004, train/prefecth_time: 0.0041 
[2025-02-21 20:03:54,030 INFO] 97536 iteration USE_EMA: False, train/sup_loss: 0.0013, train/unsup_loss: 0.4001, train/total_loss: 0.4014, train/util_ratio: 0.1250, train/run_time: 0.1485, lr: 0.0004, train/prefecth_time: 0.0041 
[2025-02-21 20:04:39,364 INFO] 97792 iteration USE_EMA: False, train/sup_loss: 0.0016, train/unsup_loss: 0.7631, train/total_loss: 0.7648, train/util_ratio: 0.3750, train/run_time: 0.1479, lr: 0.0004, train/prefecth_time: 0.0041 
[2025-02-21 20:05:24,623 INFO] 98048 iteration USE_EMA: False, train/sup_loss: 0.0545, train/unsup_loss: 0.1450, train/total_loss: 0.1995, train/util_ratio: 0.6250, train/run_time: 0.1493, lr: 0.0004, train/prefecth_time: 0.0040 
[2025-02-21 20:06:09,863 INFO] validating...
/home/zakerian/miniconda3/envs/usb/lib/python3.8/site-packages/sklearn/metrics/_classification.py:1471: UndefinedMetricWarning: Precision is ill-defined and being set to 0.0 in labels with no predicted samples. Use `zero_division` parameter to control this behavior.
  _warn_prf(average, modifier, msg_start, len(result))
[2025-02-21 20:06:15,452 INFO] confusion matrix:
[[0.         0.         0.         ... 0.         0.         0.        ]
 [0.         0.         0.         ... 0.         0.         0.        ]
 [0.         0.         0.33333333 ... 0.         0.         0.        ]
 ...
 [0.         0.         0.         ... 0.42857143 0.         0.        ]
 [0.         0.         0.         ... 0.         0.         0.        ]
 [0.         0.         0.         ... 0.         0.         0.        ]]
[2025-02-21 20:06:17,390 INFO] model saved: ./saved_models/usb_cv/fixmatch_market1501_trainsplit/latest_model.pth
[2025-02-21 20:06:17,393 INFO] 98304 iteration, USE_EMA: False, train/sup_loss: 0.0025, train/unsup_loss: 0.1909, train/total_loss: 0.1934, train/util_ratio: 0.3750, train/run_time: 0.1474, eval/loss: 11.5029, eval/top-1-acc: 0.1748, eval/top-5-acc: 0.3228, eval/balanced_acc: 0.1773, eval/precision: 0.2377, eval/recall: 0.1773, eval/F1: 0.1693, lr: 0.0004, train/prefecth_time: 0.0035 BEST_EVAL_ACC: 0.1963, at 96256 iters
[2025-02-21 20:07:03,201 INFO] 98560 iteration USE_EMA: False, train/sup_loss: 0.0031, train/unsup_loss: 0.0707, train/total_loss: 0.0738, train/util_ratio: 0.2500, train/run_time: 0.1481, lr: 0.0004, train/prefecth_time: 0.0042 
[2025-02-21 20:07:48,421 INFO] 98816 iteration USE_EMA: False, train/sup_loss: 0.0002, train/unsup_loss: 0.0155, train/total_loss: 0.0157, train/util_ratio: 0.1250, train/run_time: 0.1481, lr: 0.0004, train/prefecth_time: 0.0041 
[2025-02-21 20:08:33,692 INFO] 99072 iteration USE_EMA: False, train/sup_loss: 0.0002, train/unsup_loss: 0.0037, train/total_loss: 0.0039, train/util_ratio: 0.3750, train/run_time: 0.1482, lr: 0.0004, train/prefecth_time: 0.0040 
[2025-02-21 20:09:18,902 INFO] 99328 iteration USE_EMA: False, train/sup_loss: 0.0013, train/unsup_loss: 1.8220, train/total_loss: 1.8233, train/util_ratio: 0.5000, train/run_time: 0.1483, lr: 0.0004, train/prefecth_time: 0.0038 
[2025-02-21 20:10:04,668 INFO] 99584 iteration USE_EMA: False, train/sup_loss: 0.0026, train/unsup_loss: 0.6999, train/total_loss: 0.7025, train/util_ratio: 0.7500, train/run_time: 0.1485, lr: 0.0004, train/prefecth_time: 0.0041 
[2025-02-21 20:10:49,948 INFO] 99840 iteration USE_EMA: False, train/sup_loss: 0.0003, train/unsup_loss: 0.0216, train/total_loss: 0.0219, train/util_ratio: 0.5000, train/run_time: 0.1480, lr: 0.0004, train/prefecth_time: 0.0042 
[2025-02-21 20:11:35,208 INFO] 100096 iteration USE_EMA: False, train/sup_loss: 0.0003, train/unsup_loss: 0.3048, train/total_loss: 0.3051, train/util_ratio: 0.6250, train/run_time: 0.1485, lr: 0.0004, train/prefecth_time: 0.0039 
[2025-02-21 20:12:20,432 INFO] validating...
/home/zakerian/miniconda3/envs/usb/lib/python3.8/site-packages/sklearn/metrics/_classification.py:1471: UndefinedMetricWarning: Precision is ill-defined and being set to 0.0 in labels with no predicted samples. Use `zero_division` parameter to control this behavior.
  _warn_prf(average, modifier, msg_start, len(result))
[2025-02-21 20:12:26,026 INFO] confusion matrix:
[[0.2        0.         0.         ... 0.         0.         0.        ]
 [0.         0.         0.         ... 0.         0.         0.        ]
 [0.         0.         0.33333333 ... 0.         0.         0.        ]
 ...
 [0.         0.         0.         ... 0.57142857 0.         0.        ]
 [0.         0.         0.         ... 0.         0.         0.        ]
 [0.         0.         0.         ... 0.         0.         0.        ]]
[2025-02-21 20:12:27,963 INFO] model saved: ./saved_models/usb_cv/fixmatch_market1501_trainsplit/latest_model.pth
[2025-02-21 20:12:27,965 INFO] 100352 iteration, USE_EMA: False, train/sup_loss: 0.0006, train/unsup_loss: 0.0561, train/total_loss: 0.0567, train/util_ratio: 0.3750, train/run_time: 0.1472, eval/loss: 11.1145, eval/top-1-acc: 0.1761, eval/top-5-acc: 0.3145, eval/balanced_acc: 0.1766, eval/precision: 0.2387, eval/recall: 0.1766, eval/F1: 0.1720, lr: 0.0004, train/prefecth_time: 0.0039 BEST_EVAL_ACC: 0.1963, at 96256 iters
[2025-02-21 20:13:13,739 INFO] 100608 iteration USE_EMA: False, train/sup_loss: 0.0004, train/unsup_loss: 0.0578, train/total_loss: 0.0583, train/util_ratio: 0.3750, train/run_time: 0.1492, lr: 0.0004, train/prefecth_time: 0.0056 
[2025-02-21 20:13:58,947 INFO] 100864 iteration USE_EMA: False, train/sup_loss: 0.0117, train/unsup_loss: 0.1344, train/total_loss: 0.1461, train/util_ratio: 0.5000, train/run_time: 0.1486, lr: 0.0004, train/prefecth_time: 0.0042 
[2025-02-21 20:14:44,312 INFO] 101120 iteration USE_EMA: False, train/sup_loss: 0.0002, train/unsup_loss: 0.5544, train/total_loss: 0.5547, train/util_ratio: 0.7500, train/run_time: 0.1481, lr: 0.0004, train/prefecth_time: 0.0046 
[2025-02-21 20:15:29,552 INFO] 101376 iteration USE_EMA: False, train/sup_loss: 0.0003, train/unsup_loss: 0.0657, train/total_loss: 0.0660, train/util_ratio: 0.3750, train/run_time: 0.1474, lr: 0.0004, train/prefecth_time: 0.0038 
[2025-02-21 20:16:15,197 INFO] 101632 iteration USE_EMA: False, train/sup_loss: 0.2126, train/unsup_loss: 0.3794, train/total_loss: 0.5919, train/util_ratio: 0.5000, train/run_time: 0.1481, lr: 0.0004, train/prefecth_time: 0.0043 
[2025-02-21 20:17:00,293 INFO] 101888 iteration USE_EMA: False, train/sup_loss: 0.0006, train/unsup_loss: 0.6696, train/total_loss: 0.6701, train/util_ratio: 0.6250, train/run_time: 0.1477, lr: 0.0004, train/prefecth_time: 0.0040 
[2025-02-21 20:17:45,446 INFO] 102144 iteration USE_EMA: False, train/sup_loss: 0.0008, train/unsup_loss: 0.0697, train/total_loss: 0.0704, train/util_ratio: 0.1250, train/run_time: 0.1484, lr: 0.0004, train/prefecth_time: 0.0038 
[2025-02-21 20:18:30,612 INFO] validating...
/home/zakerian/miniconda3/envs/usb/lib/python3.8/site-packages/sklearn/metrics/_classification.py:1471: UndefinedMetricWarning: Precision is ill-defined and being set to 0.0 in labels with no predicted samples. Use `zero_division` parameter to control this behavior.
  _warn_prf(average, modifier, msg_start, len(result))
[2025-02-21 20:18:36,172 INFO] confusion matrix:
[[0.         0.         0.         ... 0.         0.         0.        ]
 [0.         0.         0.         ... 0.         0.         0.        ]
 [0.         0.         0.33333333 ... 0.         0.         0.        ]
 ...
 [0.         0.         0.         ... 0.42857143 0.         0.        ]
 [0.         0.         0.         ... 0.         0.         0.        ]
 [0.         0.         0.         ... 0.         0.         0.        ]]
[2025-02-21 20:18:38,113 INFO] model saved: ./saved_models/usb_cv/fixmatch_market1501_trainsplit/latest_model.pth
[2025-02-21 20:18:38,115 INFO] 102400 iteration, USE_EMA: False, train/sup_loss: 0.0007, train/unsup_loss: 0.0004, train/total_loss: 0.0012, train/util_ratio: 0.2500, train/run_time: 0.1479, eval/loss: 10.9291, eval/top-1-acc: 0.1879, eval/top-5-acc: 0.3388, eval/balanced_acc: 0.1903, eval/precision: 0.2521, eval/recall: 0.1903, eval/F1: 0.1830, lr: 0.0004, train/prefecth_time: 0.0039 BEST_EVAL_ACC: 0.1963, at 96256 iters
[2025-02-21 20:19:23,865 INFO] 102656 iteration USE_EMA: False, train/sup_loss: 0.0011, train/unsup_loss: 0.9207, train/total_loss: 0.9219, train/util_ratio: 0.7500, train/run_time: 0.1480, lr: 0.0004, train/prefecth_time: 0.0041 
[2025-02-21 20:20:09,067 INFO] 102912 iteration USE_EMA: False, train/sup_loss: 0.0017, train/unsup_loss: 0.7252, train/total_loss: 0.7269, train/util_ratio: 0.1250, train/run_time: 0.1481, lr: 0.0004, train/prefecth_time: 0.0042 
[2025-02-21 20:20:54,298 INFO] 103168 iteration USE_EMA: False, train/sup_loss: 0.0004, train/unsup_loss: 0.0087, train/total_loss: 0.0092, train/util_ratio: 0.3750, train/run_time: 0.1478, lr: 0.0004, train/prefecth_time: 0.0044 
[2025-02-21 20:21:39,488 INFO] 103424 iteration USE_EMA: False, train/sup_loss: 0.0001, train/unsup_loss: 0.3984, train/total_loss: 0.3985, train/util_ratio: 0.3750, train/run_time: 0.1467, lr: 0.0004, train/prefecth_time: 0.0039 
[2025-02-21 20:22:25,151 INFO] 103680 iteration USE_EMA: False, train/sup_loss: 0.0005, train/unsup_loss: 0.2585, train/total_loss: 0.2590, train/util_ratio: 0.5000, train/run_time: 0.1489, lr: 0.0004, train/prefecth_time: 0.0043 
[2025-02-21 20:23:10,335 INFO] 103936 iteration USE_EMA: False, train/sup_loss: 0.0001, train/unsup_loss: 0.1095, train/total_loss: 0.1097, train/util_ratio: 0.6250, train/run_time: 0.1480, lr: 0.0004, train/prefecth_time: 0.0044 
[2025-02-21 20:23:55,465 INFO] 104192 iteration USE_EMA: False, train/sup_loss: 0.0006, train/unsup_loss: 0.4631, train/total_loss: 0.4637, train/util_ratio: 0.3750, train/run_time: 0.1482, lr: 0.0004, train/prefecth_time: 0.0041 
[2025-02-21 20:24:40,699 INFO] validating...
/home/zakerian/miniconda3/envs/usb/lib/python3.8/site-packages/sklearn/metrics/_classification.py:1471: UndefinedMetricWarning: Precision is ill-defined and being set to 0.0 in labels with no predicted samples. Use `zero_division` parameter to control this behavior.
  _warn_prf(average, modifier, msg_start, len(result))
[2025-02-21 20:24:46,252 INFO] confusion matrix:
[[0.1        0.         0.         ... 0.         0.         0.        ]
 [0.         0.         0.         ... 0.         0.         0.        ]
 [0.         0.         0.33333333 ... 0.         0.         0.        ]
 ...
 [0.         0.         0.         ... 0.42857143 0.         0.        ]
 [0.         0.         0.         ... 0.         0.         0.        ]
 [0.         0.         0.         ... 0.         0.         0.        ]]
[2025-02-21 20:24:48,185 INFO] model saved: ./saved_models/usb_cv/fixmatch_market1501_trainsplit/latest_model.pth
[2025-02-21 20:24:48,187 INFO] 104448 iteration, USE_EMA: False, train/sup_loss: 0.0002, train/unsup_loss: 0.1682, train/total_loss: 0.1685, train/util_ratio: 0.7500, train/run_time: 0.1473, eval/loss: 11.7562, eval/top-1-acc: 0.1793, eval/top-5-acc: 0.3176, eval/balanced_acc: 0.1830, eval/precision: 0.2526, eval/recall: 0.1830, eval/F1: 0.1817, lr: 0.0004, train/prefecth_time: 0.0046 BEST_EVAL_ACC: 0.1963, at 96256 iters
[2025-02-21 20:25:34,069 INFO] 104704 iteration USE_EMA: False, train/sup_loss: 0.0008, train/unsup_loss: 0.0890, train/total_loss: 0.0897, train/util_ratio: 0.3750, train/run_time: 0.1486, lr: 0.0004, train/prefecth_time: 0.0039 
[2025-02-21 20:26:19,391 INFO] 104960 iteration USE_EMA: False, train/sup_loss: 0.0041, train/unsup_loss: 0.0044, train/total_loss: 0.0085, train/util_ratio: 0.3750, train/run_time: 0.1482, lr: 0.0004, train/prefecth_time: 0.0043 
[2025-02-21 20:27:04,639 INFO] 105216 iteration USE_EMA: False, train/sup_loss: 0.0011, train/unsup_loss: 1.0034, train/total_loss: 1.0045, train/util_ratio: 0.5000, train/run_time: 0.1478, lr: 0.0004, train/prefecth_time: 0.0046 
[2025-02-21 20:27:49,981 INFO] 105472 iteration USE_EMA: False, train/sup_loss: 0.0033, train/unsup_loss: 0.6694, train/total_loss: 0.6728, train/util_ratio: 0.8750, train/run_time: 0.1473, lr: 0.0004, train/prefecth_time: 0.0041 
[2025-02-21 20:28:35,717 INFO] 105728 iteration USE_EMA: False, train/sup_loss: 0.0042, train/unsup_loss: 0.2105, train/total_loss: 0.2147, train/util_ratio: 0.6250, train/run_time: 0.1489, lr: 0.0004, train/prefecth_time: 0.0055 
[2025-02-21 20:29:20,968 INFO] 105984 iteration USE_EMA: False, train/sup_loss: 0.0019, train/unsup_loss: 0.1065, train/total_loss: 0.1083, train/util_ratio: 0.6250, train/run_time: 0.1479, lr: 0.0004, train/prefecth_time: 0.0045 
[2025-02-21 20:30:06,220 INFO] 106240 iteration USE_EMA: False, train/sup_loss: 0.0004, train/unsup_loss: 0.1681, train/total_loss: 0.1685, train/util_ratio: 0.5000, train/run_time: 0.1481, lr: 0.0004, train/prefecth_time: 0.0042 
[2025-02-21 20:30:51,310 INFO] validating...
/home/zakerian/miniconda3/envs/usb/lib/python3.8/site-packages/sklearn/metrics/_classification.py:1471: UndefinedMetricWarning: Precision is ill-defined and being set to 0.0 in labels with no predicted samples. Use `zero_division` parameter to control this behavior.
  _warn_prf(average, modifier, msg_start, len(result))
[2025-02-21 20:30:56,897 INFO] confusion matrix:
[[0.1        0.         0.         ... 0.         0.         0.        ]
 [0.         0.         0.         ... 0.         0.         0.        ]
 [0.         0.         0.33333333 ... 0.         0.         0.        ]
 ...
 [0.         0.         0.         ... 0.42857143 0.         0.        ]
 [0.         0.         0.         ... 0.         0.         0.        ]
 [0.         0.         0.         ... 0.         0.         0.        ]]
[2025-02-21 20:30:58,827 INFO] model saved: ./saved_models/usb_cv/fixmatch_market1501_trainsplit/latest_model.pth
[2025-02-21 20:30:58,829 INFO] 106496 iteration, USE_EMA: False, train/sup_loss: 0.0003, train/unsup_loss: 0.0999, train/total_loss: 0.1002, train/util_ratio: 0.5000, train/run_time: 0.1473, eval/loss: 11.0338, eval/top-1-acc: 0.1761, eval/top-5-acc: 0.3277, eval/balanced_acc: 0.1739, eval/precision: 0.2460, eval/recall: 0.1739, eval/F1: 0.1729, lr: 0.0004, train/prefecth_time: 0.0042 BEST_EVAL_ACC: 0.1963, at 96256 iters
[2025-02-21 20:31:44,621 INFO] 106752 iteration USE_EMA: False, train/sup_loss: 0.0015, train/unsup_loss: 0.4153, train/total_loss: 0.4168, train/util_ratio: 0.3750, train/run_time: 0.1483, lr: 0.0004, train/prefecth_time: 0.0039 
[2025-02-21 20:32:29,781 INFO] 107008 iteration USE_EMA: False, train/sup_loss: 0.0086, train/unsup_loss: 0.5984, train/total_loss: 0.6070, train/util_ratio: 0.5000, train/run_time: 0.1487, lr: 0.0004, train/prefecth_time: 0.0042 
[2025-02-21 20:33:15,034 INFO] 107264 iteration USE_EMA: False, train/sup_loss: 0.0003, train/unsup_loss: 0.6991, train/total_loss: 0.6993, train/util_ratio: 0.5000, train/run_time: 0.1490, lr: 0.0004, train/prefecth_time: 0.0039 
[2025-02-21 20:34:00,220 INFO] 107520 iteration USE_EMA: False, train/sup_loss: 0.0001, train/unsup_loss: 1.0312, train/total_loss: 1.0313, train/util_ratio: 0.6250, train/run_time: 0.1473, lr: 0.0004, train/prefecth_time: 0.0040 
[2025-02-21 20:34:45,870 INFO] 107776 iteration USE_EMA: False, train/sup_loss: 0.0023, train/unsup_loss: 0.0771, train/total_loss: 0.0794, train/util_ratio: 0.6250, train/run_time: 0.1477, lr: 0.0004, train/prefecth_time: 0.0041 
[2025-02-21 20:35:31,135 INFO] 108032 iteration USE_EMA: False, train/sup_loss: 0.0111, train/unsup_loss: 0.0034, train/total_loss: 0.0145, train/util_ratio: 0.3750, train/run_time: 0.1474, lr: 0.0004, train/prefecth_time: 0.0039 
[2025-02-21 20:36:16,463 INFO] 108288 iteration USE_EMA: False, train/sup_loss: 0.0003, train/unsup_loss: 0.9600, train/total_loss: 0.9603, train/util_ratio: 0.2500, train/run_time: 0.1483, lr: 0.0004, train/prefecth_time: 0.0045 
[2025-02-21 20:37:01,674 INFO] validating...
/home/zakerian/miniconda3/envs/usb/lib/python3.8/site-packages/sklearn/metrics/_classification.py:1471: UndefinedMetricWarning: Precision is ill-defined and being set to 0.0 in labels with no predicted samples. Use `zero_division` parameter to control this behavior.
  _warn_prf(average, modifier, msg_start, len(result))
[2025-02-21 20:37:07,232 INFO] confusion matrix:
[[0.1        0.         0.         ... 0.         0.         0.        ]
 [0.         0.         0.         ... 0.         0.         0.        ]
 [0.         0.         0.33333333 ... 0.         0.         0.        ]
 ...
 [0.         0.         0.         ... 0.42857143 0.         0.        ]
 [0.         0.         0.         ... 0.         0.         0.        ]
 [0.         0.         0.         ... 0.         0.         0.        ]]
[2025-02-21 20:37:09,213 INFO] model saved: ./saved_models/usb_cv/fixmatch_market1501_trainsplit/latest_model.pth
[2025-02-21 20:37:09,216 INFO] 108544 iteration, USE_EMA: False, train/sup_loss: 0.0002, train/unsup_loss: 0.8239, train/total_loss: 0.8241, train/util_ratio: 0.7500, train/run_time: 0.1472, eval/loss: 12.1449, eval/top-1-acc: 0.1727, eval/top-5-acc: 0.3235, eval/balanced_acc: 0.1791, eval/precision: 0.2492, eval/recall: 0.1791, eval/F1: 0.1727, lr: 0.0004, train/prefecth_time: 0.0039 BEST_EVAL_ACC: 0.1963, at 96256 iters
[2025-02-21 20:37:55,025 INFO] 108800 iteration USE_EMA: False, train/sup_loss: 0.0392, train/unsup_loss: 0.0174, train/total_loss: 0.0566, train/util_ratio: 0.3750, train/run_time: 0.1487, lr: 0.0004, train/prefecth_time: 0.0057 
[2025-02-21 20:38:40,351 INFO] 109056 iteration USE_EMA: False, train/sup_loss: 0.0007, train/unsup_loss: 0.7381, train/total_loss: 0.7389, train/util_ratio: 0.5000, train/run_time: 0.1482, lr: 0.0004, train/prefecth_time: 0.0044 
[2025-02-21 20:39:25,622 INFO] 109312 iteration USE_EMA: False, train/sup_loss: 0.0037, train/unsup_loss: 0.1306, train/total_loss: 0.1343, train/util_ratio: 0.3750, train/run_time: 0.1486, lr: 0.0004, train/prefecth_time: 0.0045 
[2025-02-21 20:40:10,882 INFO] 109568 iteration USE_EMA: False, train/sup_loss: 0.0018, train/unsup_loss: 0.0002, train/total_loss: 0.0020, train/util_ratio: 0.2500, train/run_time: 0.1467, lr: 0.0004, train/prefecth_time: 0.0039 
[2025-02-21 20:40:56,541 INFO] 109824 iteration USE_EMA: False, train/sup_loss: 0.0019, train/unsup_loss: 0.0012, train/total_loss: 0.0031, train/util_ratio: 0.6250, train/run_time: 0.1487, lr: 0.0004, train/prefecth_time: 0.0042 
[2025-02-21 20:41:41,693 INFO] 110080 iteration USE_EMA: False, train/sup_loss: 0.0448, train/unsup_loss: 0.8443, train/total_loss: 0.8891, train/util_ratio: 0.8750, train/run_time: 0.1482, lr: 0.0004, train/prefecth_time: 0.0042 
[2025-02-21 20:42:26,979 INFO] 110336 iteration USE_EMA: False, train/sup_loss: 0.0006, train/unsup_loss: 0.2241, train/total_loss: 0.2247, train/util_ratio: 0.7500, train/run_time: 0.1486, lr: 0.0004, train/prefecth_time: 0.0042 
[2025-02-21 20:43:12,265 INFO] validating...
/home/zakerian/miniconda3/envs/usb/lib/python3.8/site-packages/sklearn/metrics/_classification.py:1471: UndefinedMetricWarning: Precision is ill-defined and being set to 0.0 in labels with no predicted samples. Use `zero_division` parameter to control this behavior.
  _warn_prf(average, modifier, msg_start, len(result))
[2025-02-21 20:43:17,835 INFO] confusion matrix:
[[0.1        0.         0.         ... 0.         0.         0.        ]
 [0.         0.         0.         ... 0.         0.         0.        ]
 [0.         0.         0.33333333 ... 0.         0.         0.        ]
 ...
 [0.         0.         0.         ... 0.28571429 0.         0.        ]
 [0.         0.         0.         ... 0.         0.         0.        ]
 [0.         0.         0.         ... 0.         0.         0.        ]]
[2025-02-21 20:43:19,770 INFO] model saved: ./saved_models/usb_cv/fixmatch_market1501_trainsplit/latest_model.pth
[2025-02-21 20:43:19,772 INFO] 110592 iteration, USE_EMA: False, train/sup_loss: 0.0096, train/unsup_loss: 0.6228, train/total_loss: 0.6324, train/util_ratio: 0.7500, train/run_time: 0.1477, eval/loss: 11.7460, eval/top-1-acc: 0.1824, eval/top-5-acc: 0.3311, eval/balanced_acc: 0.1871, eval/precision: 0.2533, eval/recall: 0.1871, eval/F1: 0.1800, lr: 0.0004, train/prefecth_time: 0.0051 BEST_EVAL_ACC: 0.1963, at 96256 iters
[2025-02-21 20:44:05,540 INFO] 110848 iteration USE_EMA: False, train/sup_loss: 0.0015, train/unsup_loss: 0.8264, train/total_loss: 0.8279, train/util_ratio: 0.5000, train/run_time: 0.1480, lr: 0.0004, train/prefecth_time: 0.0041 
[2025-02-21 20:44:50,716 INFO] 111104 iteration USE_EMA: False, train/sup_loss: 0.0008, train/unsup_loss: 0.1314, train/total_loss: 0.1323, train/util_ratio: 0.5000, train/run_time: 0.1487, lr: 0.0004, train/prefecth_time: 0.0043 
[2025-02-21 20:45:35,962 INFO] 111360 iteration USE_EMA: False, train/sup_loss: 0.0018, train/unsup_loss: 0.0138, train/total_loss: 0.0157, train/util_ratio: 0.3750, train/run_time: 0.1477, lr: 0.0004, train/prefecth_time: 0.0038 
[2025-02-21 20:46:21,216 INFO] 111616 iteration USE_EMA: False, train/sup_loss: 0.0006, train/unsup_loss: 0.0982, train/total_loss: 0.0988, train/util_ratio: 0.3750, train/run_time: 0.1473, lr: 0.0004, train/prefecth_time: 0.0039 
[2025-02-21 20:47:06,986 INFO] 111872 iteration USE_EMA: False, train/sup_loss: 0.0027, train/unsup_loss: 0.0029, train/total_loss: 0.0056, train/util_ratio: 0.3750, train/run_time: 0.1479, lr: 0.0004, train/prefecth_time: 0.0044 
[2025-02-21 20:47:52,243 INFO] 112128 iteration USE_EMA: False, train/sup_loss: 0.0001, train/unsup_loss: 1.3007, train/total_loss: 1.3008, train/util_ratio: 0.8750, train/run_time: 0.1484, lr: 0.0004, train/prefecth_time: 0.0040 
[2025-02-21 20:48:37,568 INFO] 112384 iteration USE_EMA: False, train/sup_loss: 0.0001, train/unsup_loss: 0.8525, train/total_loss: 0.8527, train/util_ratio: 0.5000, train/run_time: 0.1476, lr: 0.0004, train/prefecth_time: 0.0038 
[2025-02-21 20:49:22,737 INFO] validating...
/home/zakerian/miniconda3/envs/usb/lib/python3.8/site-packages/sklearn/metrics/_classification.py:1471: UndefinedMetricWarning: Precision is ill-defined and being set to 0.0 in labels with no predicted samples. Use `zero_division` parameter to control this behavior.
  _warn_prf(average, modifier, msg_start, len(result))
[2025-02-21 20:49:28,332 INFO] confusion matrix:
[[0.1        0.         0.         ... 0.         0.         0.        ]
 [0.         0.         0.         ... 0.         0.         0.        ]
 [0.         0.         0.         ... 0.         0.         0.        ]
 ...
 [0.         0.         0.         ... 0.14285714 0.         0.        ]
 [0.         0.         0.         ... 0.         0.         0.        ]
 [0.         0.         0.         ... 0.         0.         0.        ]]
[2025-02-21 20:49:30,316 INFO] model saved: ./saved_models/usb_cv/fixmatch_market1501_trainsplit/latest_model.pth
[2025-02-21 20:49:30,319 INFO] 112640 iteration, USE_EMA: False, train/sup_loss: 0.0084, train/unsup_loss: 0.5035, train/total_loss: 0.5119, train/util_ratio: 0.5000, train/run_time: 0.1472, eval/loss: 12.0019, eval/top-1-acc: 0.1734, eval/top-5-acc: 0.3214, eval/balanced_acc: 0.1808, eval/precision: 0.2554, eval/recall: 0.1808, eval/F1: 0.1790, lr: 0.0004, train/prefecth_time: 0.0042 BEST_EVAL_ACC: 0.1963, at 96256 iters
[2025-02-21 20:50:16,006 INFO] 112896 iteration USE_EMA: False, train/sup_loss: 0.0089, train/unsup_loss: 0.0041, train/total_loss: 0.0130, train/util_ratio: 0.1250, train/run_time: 0.1483, lr: 0.0004, train/prefecth_time: 0.0042 
[2025-02-21 20:51:01,075 INFO] 113152 iteration USE_EMA: False, train/sup_loss: 0.0001, train/unsup_loss: 0.7819, train/total_loss: 0.7820, train/util_ratio: 0.6250, train/run_time: 0.1479, lr: 0.0004, train/prefecth_time: 0.0042 
[2025-02-21 20:51:46,190 INFO] 113408 iteration USE_EMA: False, train/sup_loss: 0.0012, train/unsup_loss: 0.3021, train/total_loss: 0.3033, train/util_ratio: 0.7500, train/run_time: 0.1481, lr: 0.0004, train/prefecth_time: 0.0042 
[2025-02-21 20:52:31,293 INFO] 113664 iteration USE_EMA: False, train/sup_loss: 0.0013, train/unsup_loss: 0.8608, train/total_loss: 0.8621, train/util_ratio: 0.2500, train/run_time: 0.1473, lr: 0.0004, train/prefecth_time: 0.0040 
[2025-02-21 20:53:16,993 INFO] 113920 iteration USE_EMA: False, train/sup_loss: 0.0006, train/unsup_loss: 0.2323, train/total_loss: 0.2329, train/util_ratio: 0.6250, train/run_time: 0.1484, lr: 0.0004, train/prefecth_time: 0.0057 
[2025-02-21 20:54:02,128 INFO] 114176 iteration USE_EMA: False, train/sup_loss: 0.0002, train/unsup_loss: 0.0961, train/total_loss: 0.0962, train/util_ratio: 0.3750, train/run_time: 0.1485, lr: 0.0004, train/prefecth_time: 0.0042 
[2025-02-21 20:54:47,289 INFO] 114432 iteration USE_EMA: False, train/sup_loss: 0.0008, train/unsup_loss: 0.7034, train/total_loss: 0.7042, train/util_ratio: 0.3750, train/run_time: 0.1481, lr: 0.0004, train/prefecth_time: 0.0042 
[2025-02-21 20:55:32,484 INFO] validating...
/home/zakerian/miniconda3/envs/usb/lib/python3.8/site-packages/sklearn/metrics/_classification.py:1471: UndefinedMetricWarning: Precision is ill-defined and being set to 0.0 in labels with no predicted samples. Use `zero_division` parameter to control this behavior.
  _warn_prf(average, modifier, msg_start, len(result))
[2025-02-21 20:55:38,077 INFO] confusion matrix:
[[0.1        0.         0.         ... 0.         0.         0.        ]
 [0.         0.         0.         ... 0.         0.         0.        ]
 [0.         0.         0.33333333 ... 0.         0.         0.        ]
 ...
 [0.         0.         0.         ... 0.28571429 0.         0.        ]
 [0.         0.         0.         ... 0.         0.         0.        ]
 [0.         0.         0.         ... 0.         0.         0.        ]]
[2025-02-21 20:55:40,012 INFO] model saved: ./saved_models/usb_cv/fixmatch_market1501_trainsplit/latest_model.pth
[2025-02-21 20:55:40,014 INFO] 114688 iteration, USE_EMA: False, train/sup_loss: 0.0006, train/unsup_loss: 0.0138, train/total_loss: 0.0144, train/util_ratio: 0.1250, train/run_time: 0.1471, eval/loss: 12.1530, eval/top-1-acc: 0.1807, eval/top-5-acc: 0.3346, eval/balanced_acc: 0.1863, eval/precision: 0.2541, eval/recall: 0.1863, eval/F1: 0.1819, lr: 0.0004, train/prefecth_time: 0.0041 BEST_EVAL_ACC: 0.1963, at 96256 iters
[2025-02-21 20:56:25,705 INFO] 114944 iteration USE_EMA: False, train/sup_loss: 0.1866, train/unsup_loss: 0.0059, train/total_loss: 0.1925, train/util_ratio: 0.2500, train/run_time: 0.1476, lr: 0.0004, train/prefecth_time: 0.0038 
[2025-02-21 20:57:10,930 INFO] 115200 iteration USE_EMA: False, train/sup_loss: 0.0060, train/unsup_loss: 0.0525, train/total_loss: 0.0585, train/util_ratio: 0.1250, train/run_time: 0.1483, lr: 0.0004, train/prefecth_time: 0.0040 
[2025-02-21 20:57:56,105 INFO] 115456 iteration USE_EMA: False, train/sup_loss: 0.0009, train/unsup_loss: 1.0244, train/total_loss: 1.0253, train/util_ratio: 0.3750, train/run_time: 0.1481, lr: 0.0004, train/prefecth_time: 0.0041 
[2025-02-21 20:58:41,319 INFO] 115712 iteration USE_EMA: False, train/sup_loss: 0.0004, train/unsup_loss: 0.0187, train/total_loss: 0.0190, train/util_ratio: 0.5000, train/run_time: 0.1475, lr: 0.0004, train/prefecth_time: 0.0039 
[2025-02-21 20:59:27,059 INFO] 115968 iteration USE_EMA: False, train/sup_loss: 0.0001, train/unsup_loss: 0.1451, train/total_loss: 0.1452, train/util_ratio: 0.6250, train/run_time: 0.1481, lr: 0.0004, train/prefecth_time: 0.0042 
[2025-02-21 21:00:12,199 INFO] 116224 iteration USE_EMA: False, train/sup_loss: 0.0007, train/unsup_loss: 0.3294, train/total_loss: 0.3300, train/util_ratio: 0.5000, train/run_time: 0.1494, lr: 0.0004, train/prefecth_time: 0.0039 
[2025-02-21 21:00:57,329 INFO] 116480 iteration USE_EMA: False, train/sup_loss: 0.0022, train/unsup_loss: 0.6495, train/total_loss: 0.6518, train/util_ratio: 0.7500, train/run_time: 0.1478, lr: 0.0004, train/prefecth_time: 0.0044 
[2025-02-21 21:01:42,453 INFO] validating...
/home/zakerian/miniconda3/envs/usb/lib/python3.8/site-packages/sklearn/metrics/_classification.py:1471: UndefinedMetricWarning: Precision is ill-defined and being set to 0.0 in labels with no predicted samples. Use `zero_division` parameter to control this behavior.
  _warn_prf(average, modifier, msg_start, len(result))
[2025-02-21 21:01:47,979 INFO] confusion matrix:
[[0.         0.         0.         ... 0.         0.         0.        ]
 [0.         0.         0.         ... 0.         0.         0.        ]
 [0.         0.         0.33333333 ... 0.         0.         0.        ]
 ...
 [0.         0.         0.         ... 0.14285714 0.         0.        ]
 [0.         0.         0.         ... 0.         0.         0.        ]
 [0.         0.         0.         ... 0.         0.         0.        ]]
[2025-02-21 21:01:49,891 INFO] model saved: ./saved_models/usb_cv/fixmatch_market1501_trainsplit/latest_model.pth
[2025-02-21 21:01:49,894 INFO] 116736 iteration, USE_EMA: False, train/sup_loss: 0.0002, train/unsup_loss: 0.7246, train/total_loss: 0.7248, train/util_ratio: 0.5000, train/run_time: 0.1485, eval/loss: 12.5165, eval/top-1-acc: 0.1827, eval/top-5-acc: 0.3291, eval/balanced_acc: 0.1883, eval/precision: 0.2660, eval/recall: 0.1883, eval/F1: 0.1841, lr: 0.0004, train/prefecth_time: 0.0038 BEST_EVAL_ACC: 0.1963, at 96256 iters
[2025-02-21 21:02:35,778 INFO] 116992 iteration USE_EMA: False, train/sup_loss: 0.0018, train/unsup_loss: 0.1563, train/total_loss: 0.1580, train/util_ratio: 0.5000, train/run_time: 0.1479, lr: 0.0004, train/prefecth_time: 0.0043 
[2025-02-21 21:03:21,011 INFO] 117248 iteration USE_EMA: False, train/sup_loss: 0.0019, train/unsup_loss: 0.4968, train/total_loss: 0.4987, train/util_ratio: 0.3750, train/run_time: 0.1487, lr: 0.0004, train/prefecth_time: 0.0045 
[2025-02-21 21:04:06,383 INFO] 117504 iteration USE_EMA: False, train/sup_loss: 0.0002, train/unsup_loss: 0.0051, train/total_loss: 0.0053, train/util_ratio: 0.3750, train/run_time: 0.1485, lr: 0.0004, train/prefecth_time: 0.0044 
[2025-02-21 21:04:51,786 INFO] 117760 iteration USE_EMA: False, train/sup_loss: 0.0015, train/unsup_loss: 0.5439, train/total_loss: 0.5454, train/util_ratio: 0.3750, train/run_time: 0.1474, lr: 0.0004, train/prefecth_time: 0.0040 
[2025-02-21 21:05:37,493 INFO] 118016 iteration USE_EMA: False, train/sup_loss: 0.0035, train/unsup_loss: 0.0709, train/total_loss: 0.0744, train/util_ratio: 0.5000, train/run_time: 0.1481, lr: 0.0004, train/prefecth_time: 0.0042 
[2025-02-21 21:06:22,788 INFO] 118272 iteration USE_EMA: False, train/sup_loss: 0.0009, train/unsup_loss: 0.1461, train/total_loss: 0.1470, train/util_ratio: 0.3750, train/run_time: 0.1488, lr: 0.0004, train/prefecth_time: 0.0051 
[2025-02-21 21:07:08,062 INFO] 118528 iteration USE_EMA: False, train/sup_loss: 0.0004, train/unsup_loss: 0.6658, train/total_loss: 0.6662, train/util_ratio: 0.3750, train/run_time: 0.1492, lr: 0.0004, train/prefecth_time: 0.0041 
[2025-02-21 21:07:53,219 INFO] validating...
/home/zakerian/miniconda3/envs/usb/lib/python3.8/site-packages/sklearn/metrics/_classification.py:1471: UndefinedMetricWarning: Precision is ill-defined and being set to 0.0 in labels with no predicted samples. Use `zero_division` parameter to control this behavior.
  _warn_prf(average, modifier, msg_start, len(result))
[2025-02-21 21:07:58,785 INFO] confusion matrix:
[[0.2        0.         0.         ... 0.         0.         0.        ]
 [0.         0.         0.         ... 0.         0.         0.        ]
 [0.         0.         0.33333333 ... 0.         0.         0.        ]
 ...
 [0.         0.         0.         ... 0.42857143 0.         0.        ]
 [0.         0.         0.         ... 0.         0.         0.        ]
 [0.         0.         0.         ... 0.         0.         0.        ]]
[2025-02-21 21:08:00,731 INFO] model saved: ./saved_models/usb_cv/fixmatch_market1501_trainsplit/latest_model.pth
[2025-02-21 21:08:00,733 INFO] 118784 iteration, USE_EMA: False, train/sup_loss: 0.0001, train/unsup_loss: 0.2176, train/total_loss: 0.2177, train/util_ratio: 0.2500, train/run_time: 0.1471, eval/loss: 12.2378, eval/top-1-acc: 0.1761, eval/top-5-acc: 0.3287, eval/balanced_acc: 0.1822, eval/precision: 0.2429, eval/recall: 0.1822, eval/F1: 0.1763, lr: 0.0004, train/prefecth_time: 0.0039 BEST_EVAL_ACC: 0.1963, at 96256 iters
[2025-02-21 21:08:46,647 INFO] 119040 iteration USE_EMA: False, train/sup_loss: 0.0035, train/unsup_loss: 0.0007, train/total_loss: 0.0042, train/util_ratio: 0.6250, train/run_time: 0.1487, lr: 0.0004, train/prefecth_time: 0.0044 
[2025-02-21 21:09:31,942 INFO] 119296 iteration USE_EMA: False, train/sup_loss: 0.0214, train/unsup_loss: 0.1738, train/total_loss: 0.1952, train/util_ratio: 0.5000, train/run_time: 0.1484, lr: 0.0004, train/prefecth_time: 0.0041 
[2025-02-21 21:10:17,215 INFO] 119552 iteration USE_EMA: False, train/sup_loss: 0.0001, train/unsup_loss: 0.2982, train/total_loss: 0.2982, train/util_ratio: 0.5000, train/run_time: 0.1481, lr: 0.0004, train/prefecth_time: 0.0041 
[2025-02-21 21:11:02,518 INFO] 119808 iteration USE_EMA: False, train/sup_loss: 0.0613, train/unsup_loss: 0.8073, train/total_loss: 0.8686, train/util_ratio: 0.3750, train/run_time: 0.1472, lr: 0.0004, train/prefecth_time: 0.0038 
[2025-02-21 21:11:48,215 INFO] 120064 iteration USE_EMA: False, train/sup_loss: 0.0033, train/unsup_loss: 0.6941, train/total_loss: 0.6974, train/util_ratio: 0.5000, train/run_time: 0.1484, lr: 0.0004, train/prefecth_time: 0.0040 
[2025-02-21 21:12:33,389 INFO] 120320 iteration USE_EMA: False, train/sup_loss: 0.0005, train/unsup_loss: 0.0086, train/total_loss: 0.0092, train/util_ratio: 0.5000, train/run_time: 0.1488, lr: 0.0004, train/prefecth_time: 0.0044 
[2025-02-21 21:13:18,698 INFO] 120576 iteration USE_EMA: False, train/sup_loss: 0.0002, train/unsup_loss: 0.0517, train/total_loss: 0.0518, train/util_ratio: 0.6250, train/run_time: 0.1478, lr: 0.0004, train/prefecth_time: 0.0041 
[2025-02-21 21:14:03,967 INFO] validating...
/home/zakerian/miniconda3/envs/usb/lib/python3.8/site-packages/sklearn/metrics/_classification.py:1471: UndefinedMetricWarning: Precision is ill-defined and being set to 0.0 in labels with no predicted samples. Use `zero_division` parameter to control this behavior.
  _warn_prf(average, modifier, msg_start, len(result))
[2025-02-21 21:14:09,542 INFO] confusion matrix:
[[0.1        0.         0.         ... 0.         0.         0.        ]
 [0.         0.         0.         ... 0.         0.         0.        ]
 [0.         0.         0.33333333 ... 0.         0.         0.        ]
 ...
 [0.         0.         0.         ... 0.42857143 0.         0.        ]
 [0.         0.         0.         ... 0.         0.         0.        ]
 [0.         0.         0.         ... 0.         0.         0.        ]]
[2025-02-21 21:14:11,498 INFO] model saved: ./saved_models/usb_cv/fixmatch_market1501_trainsplit/latest_model.pth
[2025-02-21 21:14:11,501 INFO] 120832 iteration, USE_EMA: False, train/sup_loss: 0.0010, train/unsup_loss: 0.4370, train/total_loss: 0.4380, train/util_ratio: 0.5000, train/run_time: 0.1483, eval/loss: 12.2980, eval/top-1-acc: 0.1772, eval/top-5-acc: 0.3211, eval/balanced_acc: 0.1807, eval/precision: 0.2535, eval/recall: 0.1807, eval/F1: 0.1797, lr: 0.0003, train/prefecth_time: 0.0037 BEST_EVAL_ACC: 0.1963, at 96256 iters
[2025-02-21 21:14:57,221 INFO] 121088 iteration USE_EMA: False, train/sup_loss: 0.0355, train/unsup_loss: 0.0643, train/total_loss: 0.0999, train/util_ratio: 0.5000, train/run_time: 0.1484, lr: 0.0003, train/prefecth_time: 0.0041 
[2025-02-21 21:15:42,417 INFO] 121344 iteration USE_EMA: False, train/sup_loss: 0.0000, train/unsup_loss: 0.1496, train/total_loss: 0.1496, train/util_ratio: 0.2500, train/run_time: 0.1482, lr: 0.0003, train/prefecth_time: 0.0040 
[2025-02-21 21:16:27,758 INFO] 121600 iteration USE_EMA: False, train/sup_loss: 0.0001, train/unsup_loss: 0.3593, train/total_loss: 0.3594, train/util_ratio: 0.5000, train/run_time: 0.1485, lr: 0.0003, train/prefecth_time: 0.0043 
[2025-02-21 21:17:12,997 INFO] 121856 iteration USE_EMA: False, train/sup_loss: 0.0056, train/unsup_loss: 1.6180, train/total_loss: 1.6236, train/util_ratio: 0.6250, train/run_time: 0.1473, lr: 0.0003, train/prefecth_time: 0.0040 
[2025-02-21 21:17:58,756 INFO] 122112 iteration USE_EMA: False, train/sup_loss: 0.0028, train/unsup_loss: 0.3414, train/total_loss: 0.3442, train/util_ratio: 0.5000, train/run_time: 0.1478, lr: 0.0003, train/prefecth_time: 0.0042 
[2025-02-21 21:18:43,972 INFO] 122368 iteration USE_EMA: False, train/sup_loss: 0.0002, train/unsup_loss: 0.3234, train/total_loss: 0.3236, train/util_ratio: 0.5000, train/run_time: 0.1479, lr: 0.0003, train/prefecth_time: 0.0042 
[2025-02-21 21:19:29,153 INFO] 122624 iteration USE_EMA: False, train/sup_loss: 0.0000, train/unsup_loss: 0.3263, train/total_loss: 0.3264, train/util_ratio: 0.3750, train/run_time: 0.1493, lr: 0.0003, train/prefecth_time: 0.0040 
[2025-02-21 21:20:14,372 INFO] validating...
/home/zakerian/miniconda3/envs/usb/lib/python3.8/site-packages/sklearn/metrics/_classification.py:1471: UndefinedMetricWarning: Precision is ill-defined and being set to 0.0 in labels with no predicted samples. Use `zero_division` parameter to control this behavior.
  _warn_prf(average, modifier, msg_start, len(result))
[2025-02-21 21:20:19,938 INFO] confusion matrix:
[[0.         0.         0.1        ... 0.         0.         0.        ]
 [0.         0.         0.         ... 0.         0.         0.        ]
 [0.         0.         0.33333333 ... 0.         0.         0.        ]
 ...
 [0.         0.         0.         ... 0.28571429 0.         0.        ]
 [0.         0.         0.         ... 0.         0.         0.        ]
 [0.         0.         0.         ... 0.         0.         0.5       ]]
[2025-02-21 21:20:21,882 INFO] model saved: ./saved_models/usb_cv/fixmatch_market1501_trainsplit/latest_model.pth
[2025-02-21 21:20:21,884 INFO] 122880 iteration, USE_EMA: False, train/sup_loss: 0.0014, train/unsup_loss: 0.7063, train/total_loss: 0.7077, train/util_ratio: 0.6250, train/run_time: 0.1476, eval/loss: 12.8180, eval/top-1-acc: 0.1748, eval/top-5-acc: 0.3138, eval/balanced_acc: 0.1784, eval/precision: 0.2546, eval/recall: 0.1784, eval/F1: 0.1789, lr: 0.0003, train/prefecth_time: 0.0038 BEST_EVAL_ACC: 0.1963, at 96256 iters
[2025-02-21 21:21:07,620 INFO] 123136 iteration USE_EMA: False, train/sup_loss: 0.0001, train/unsup_loss: 0.0338, train/total_loss: 0.0339, train/util_ratio: 0.2500, train/run_time: 0.1493, lr: 0.0003, train/prefecth_time: 0.0051 
[2025-02-21 21:21:52,760 INFO] 123392 iteration USE_EMA: False, train/sup_loss: 0.0024, train/unsup_loss: 0.2782, train/total_loss: 0.2806, train/util_ratio: 0.3750, train/run_time: 0.1484, lr: 0.0003, train/prefecth_time: 0.0043 
[2025-02-21 21:22:38,154 INFO] 123648 iteration USE_EMA: False, train/sup_loss: 0.0020, train/unsup_loss: 0.0931, train/total_loss: 0.0951, train/util_ratio: 0.5000, train/run_time: 0.1484, lr: 0.0003, train/prefecth_time: 0.0047 
[2025-02-21 21:23:23,406 INFO] 123904 iteration USE_EMA: False, train/sup_loss: 0.0053, train/unsup_loss: 0.0128, train/total_loss: 0.0181, train/util_ratio: 0.5000, train/run_time: 0.1473, lr: 0.0003, train/prefecth_time: 0.0040 
[2025-02-21 21:24:09,228 INFO] 124160 iteration USE_EMA: False, train/sup_loss: 0.0004, train/unsup_loss: 0.0099, train/total_loss: 0.0103, train/util_ratio: 0.6250, train/run_time: 0.1487, lr: 0.0003, train/prefecth_time: 0.0045 
[2025-02-21 21:24:54,517 INFO] 124416 iteration USE_EMA: False, train/sup_loss: 0.0002, train/unsup_loss: 0.4126, train/total_loss: 0.4127, train/util_ratio: 0.5000, train/run_time: 0.1477, lr: 0.0003, train/prefecth_time: 0.0041 
[2025-02-21 21:25:39,730 INFO] 124672 iteration USE_EMA: False, train/sup_loss: 0.0018, train/unsup_loss: 0.0523, train/total_loss: 0.0541, train/util_ratio: 0.5000, train/run_time: 0.1484, lr: 0.0003, train/prefecth_time: 0.0042 
[2025-02-21 21:26:24,923 INFO] validating...
/home/zakerian/miniconda3/envs/usb/lib/python3.8/site-packages/sklearn/metrics/_classification.py:1471: UndefinedMetricWarning: Precision is ill-defined and being set to 0.0 in labels with no predicted samples. Use `zero_division` parameter to control this behavior.
  _warn_prf(average, modifier, msg_start, len(result))
[2025-02-21 21:26:30,467 INFO] confusion matrix:
[[0.         0.         0.         ... 0.         0.         0.        ]
 [0.         0.         0.         ... 0.         0.         0.        ]
 [0.         0.         0.33333333 ... 0.         0.         0.        ]
 ...
 [0.         0.         0.         ... 0.57142857 0.         0.        ]
 [0.         0.         0.         ... 0.         0.         0.        ]
 [0.         0.         0.         ... 0.         0.         0.        ]]
[2025-02-21 21:26:32,367 INFO] model saved: ./saved_models/usb_cv/fixmatch_market1501_trainsplit/latest_model.pth
[2025-02-21 21:26:32,369 INFO] 124928 iteration, USE_EMA: False, train/sup_loss: 0.0123, train/unsup_loss: 0.6096, train/total_loss: 0.6219, train/util_ratio: 0.5000, train/run_time: 0.1478, eval/loss: 13.3538, eval/top-1-acc: 0.1689, eval/top-5-acc: 0.3145, eval/balanced_acc: 0.1700, eval/precision: 0.2498, eval/recall: 0.1700, eval/F1: 0.1708, lr: 0.0003, train/prefecth_time: 0.0036 BEST_EVAL_ACC: 0.1963, at 96256 iters
[2025-02-21 21:27:18,022 INFO] 125184 iteration USE_EMA: False, train/sup_loss: 0.0004, train/unsup_loss: 0.0338, train/total_loss: 0.0343, train/util_ratio: 0.3750, train/run_time: 0.1484, lr: 0.0003, train/prefecth_time: 0.0046 
[2025-02-21 21:28:03,261 INFO] 125440 iteration USE_EMA: False, train/sup_loss: 0.0000, train/unsup_loss: 0.0467, train/total_loss: 0.0467, train/util_ratio: 0.5000, train/run_time: 0.1486, lr: 0.0003, train/prefecth_time: 0.0046 
[2025-02-21 21:28:48,441 INFO] 125696 iteration USE_EMA: False, train/sup_loss: 0.0430, train/unsup_loss: 0.1268, train/total_loss: 0.1698, train/util_ratio: 0.3750, train/run_time: 0.1484, lr: 0.0003, train/prefecth_time: 0.0045 
[2025-02-21 21:29:33,616 INFO] 125952 iteration USE_EMA: False, train/sup_loss: 0.0004, train/unsup_loss: 0.2337, train/total_loss: 0.2341, train/util_ratio: 0.6250, train/run_time: 0.1471, lr: 0.0003, train/prefecth_time: 0.0039 
[2025-02-21 21:30:19,310 INFO] 126208 iteration USE_EMA: False, train/sup_loss: 0.0006, train/unsup_loss: 0.3658, train/total_loss: 0.3664, train/util_ratio: 0.6250, train/run_time: 0.1478, lr: 0.0003, train/prefecth_time: 0.0044 
[2025-02-21 21:31:04,455 INFO] 126464 iteration USE_EMA: False, train/sup_loss: 0.0001, train/unsup_loss: 0.9559, train/total_loss: 0.9561, train/util_ratio: 0.7500, train/run_time: 0.1486, lr: 0.0003, train/prefecth_time: 0.0046 
[2025-02-21 21:31:49,657 INFO] 126720 iteration USE_EMA: False, train/sup_loss: 0.0008, train/unsup_loss: 0.2548, train/total_loss: 0.2556, train/util_ratio: 0.7500, train/run_time: 0.1488, lr: 0.0003, train/prefecth_time: 0.0044 
[2025-02-21 21:32:34,926 INFO] validating...
/home/zakerian/miniconda3/envs/usb/lib/python3.8/site-packages/sklearn/metrics/_classification.py:1471: UndefinedMetricWarning: Precision is ill-defined and being set to 0.0 in labels with no predicted samples. Use `zero_division` parameter to control this behavior.
  _warn_prf(average, modifier, msg_start, len(result))
[2025-02-21 21:32:40,479 INFO] confusion matrix:
[[0.1        0.         0.         ... 0.         0.         0.        ]
 [0.         0.         0.         ... 0.         0.         0.        ]
 [0.         0.         0.33333333 ... 0.         0.         0.        ]
 ...
 [0.         0.         0.         ... 0.57142857 0.         0.        ]
 [0.         0.         0.         ... 0.         0.         0.        ]
 [0.         0.         0.         ... 0.         0.         0.        ]]
[2025-02-21 21:32:42,408 INFO] model saved: ./saved_models/usb_cv/fixmatch_market1501_trainsplit/latest_model.pth
[2025-02-21 21:32:42,410 INFO] 126976 iteration, USE_EMA: False, train/sup_loss: 0.0052, train/unsup_loss: 0.1310, train/total_loss: 0.1362, train/util_ratio: 0.6250, train/run_time: 0.1474, eval/loss: 12.3764, eval/top-1-acc: 0.1765, eval/top-5-acc: 0.3339, eval/balanced_acc: 0.1812, eval/precision: 0.2512, eval/recall: 0.1812, eval/F1: 0.1788, lr: 0.0003, train/prefecth_time: 0.0039 BEST_EVAL_ACC: 0.1963, at 96256 iters
[2025-02-21 21:33:28,157 INFO] 127232 iteration USE_EMA: False, train/sup_loss: 0.0001, train/unsup_loss: 0.3832, train/total_loss: 0.3833, train/util_ratio: 0.6250, train/run_time: 0.1487, lr: 0.0003, train/prefecth_time: 0.0045 
[2025-02-21 21:34:13,371 INFO] 127488 iteration USE_EMA: False, train/sup_loss: 0.0010, train/unsup_loss: 0.2882, train/total_loss: 0.2892, train/util_ratio: 0.3750, train/run_time: 0.1490, lr: 0.0003, train/prefecth_time: 0.0044 
[2025-02-21 21:34:58,567 INFO] 127744 iteration USE_EMA: False, train/sup_loss: 0.0002, train/unsup_loss: 0.9230, train/total_loss: 0.9232, train/util_ratio: 0.3750, train/run_time: 0.1482, lr: 0.0003, train/prefecth_time: 0.0041 
[2025-02-21 21:35:43,840 INFO] 128000 iteration USE_EMA: False, train/sup_loss: 0.0001, train/unsup_loss: 0.2068, train/total_loss: 0.2069, train/util_ratio: 0.6250, train/run_time: 0.1476, lr: 0.0003, train/prefecth_time: 0.0039 
[2025-02-21 21:36:29,676 INFO] 128256 iteration USE_EMA: False, train/sup_loss: 0.0001, train/unsup_loss: 0.1711, train/total_loss: 0.1712, train/util_ratio: 0.6250, train/run_time: 0.1486, lr: 0.0003, train/prefecth_time: 0.0042 
[2025-02-21 21:37:15,017 INFO] 128512 iteration USE_EMA: False, train/sup_loss: 0.0005, train/unsup_loss: 0.3309, train/total_loss: 0.3314, train/util_ratio: 0.2500, train/run_time: 0.1479, lr: 0.0003, train/prefecth_time: 0.0039 
[2025-02-21 21:38:00,282 INFO] 128768 iteration USE_EMA: False, train/sup_loss: 0.0002, train/unsup_loss: 0.2328, train/total_loss: 0.2329, train/util_ratio: 0.6250, train/run_time: 0.1482, lr: 0.0003, train/prefecth_time: 0.0045 
[2025-02-21 21:38:45,499 INFO] validating...
/home/zakerian/miniconda3/envs/usb/lib/python3.8/site-packages/sklearn/metrics/_classification.py:1471: UndefinedMetricWarning: Precision is ill-defined and being set to 0.0 in labels with no predicted samples. Use `zero_division` parameter to control this behavior.
  _warn_prf(average, modifier, msg_start, len(result))
[2025-02-21 21:38:51,086 INFO] confusion matrix:
[[0.1        0.         0.         ... 0.         0.         0.        ]
 [0.         0.         0.         ... 0.         0.         0.        ]
 [0.         0.         0.33333333 ... 0.         0.         0.        ]
 ...
 [0.         0.         0.         ... 0.42857143 0.         0.        ]
 [0.         0.         0.         ... 0.         0.         0.        ]
 [0.         0.         0.         ... 0.         0.         0.        ]]
[2025-02-21 21:38:53,005 INFO] model saved: ./saved_models/usb_cv/fixmatch_market1501_trainsplit/latest_model.pth
[2025-02-21 21:38:53,007 INFO] 129024 iteration, USE_EMA: False, train/sup_loss: 0.0004, train/unsup_loss: 0.5767, train/total_loss: 0.5770, train/util_ratio: 0.2500, train/run_time: 0.1482, eval/loss: 13.2272, eval/top-1-acc: 0.1744, eval/top-5-acc: 0.3173, eval/balanced_acc: 0.1752, eval/precision: 0.2464, eval/recall: 0.1752, eval/F1: 0.1725, lr: 0.0003, train/prefecth_time: 0.0039 BEST_EVAL_ACC: 0.1963, at 96256 iters
[2025-02-21 21:39:38,820 INFO] 129280 iteration USE_EMA: False, train/sup_loss: 0.0003, train/unsup_loss: 0.0250, train/total_loss: 0.0253, train/util_ratio: 0.3750, train/run_time: 0.1484, lr: 0.0003, train/prefecth_time: 0.0045 
[2025-02-21 21:40:24,134 INFO] 129536 iteration USE_EMA: False, train/sup_loss: 0.0001, train/unsup_loss: 0.0131, train/total_loss: 0.0132, train/util_ratio: 0.3750, train/run_time: 0.1489, lr: 0.0003, train/prefecth_time: 0.0045 
[2025-02-21 21:41:09,384 INFO] 129792 iteration USE_EMA: False, train/sup_loss: 0.0001, train/unsup_loss: 1.2254, train/total_loss: 1.2255, train/util_ratio: 0.6250, train/run_time: 0.1486, lr: 0.0003, train/prefecth_time: 0.0045 
[2025-02-21 21:41:54,682 INFO] 130048 iteration USE_EMA: False, train/sup_loss: 0.0000, train/unsup_loss: 0.1039, train/total_loss: 0.1039, train/util_ratio: 0.5000, train/run_time: 0.1469, lr: 0.0003, train/prefecth_time: 0.0037 
[2025-02-21 21:42:40,466 INFO] 130304 iteration USE_EMA: False, train/sup_loss: 0.0020, train/unsup_loss: 0.0025, train/total_loss: 0.0045, train/util_ratio: 0.3750, train/run_time: 0.1490, lr: 0.0003, train/prefecth_time: 0.0045 
[2025-02-21 21:43:25,705 INFO] 130560 iteration USE_EMA: False, train/sup_loss: 0.0001, train/unsup_loss: 0.1872, train/total_loss: 0.1873, train/util_ratio: 0.5000, train/run_time: 0.1489, lr: 0.0003, train/prefecth_time: 0.0042 
[2025-02-21 21:44:10,925 INFO] 130816 iteration USE_EMA: False, train/sup_loss: 0.0154, train/unsup_loss: 0.2031, train/total_loss: 0.2185, train/util_ratio: 0.6250, train/run_time: 0.1486, lr: 0.0003, train/prefecth_time: 0.0039 
[2025-02-21 21:44:56,111 INFO] validating...
/home/zakerian/miniconda3/envs/usb/lib/python3.8/site-packages/sklearn/metrics/_classification.py:1471: UndefinedMetricWarning: Precision is ill-defined and being set to 0.0 in labels with no predicted samples. Use `zero_division` parameter to control this behavior.
  _warn_prf(average, modifier, msg_start, len(result))
[2025-02-21 21:45:01,659 INFO] confusion matrix:
[[0.         0.         0.         ... 0.         0.         0.        ]
 [0.         0.         0.         ... 0.         0.         0.        ]
 [0.         0.         0.33333333 ... 0.         0.         0.        ]
 ...
 [0.         0.         0.         ... 0.42857143 0.         0.        ]
 [0.         0.         0.         ... 0.         0.         0.        ]
 [0.         0.         0.         ... 0.         0.         0.5       ]]
[2025-02-21 21:45:03,601 INFO] model saved: ./saved_models/usb_cv/fixmatch_market1501_trainsplit/latest_model.pth
[2025-02-21 21:45:03,603 INFO] 131072 iteration, USE_EMA: False, train/sup_loss: 0.0000, train/unsup_loss: 0.1724, train/total_loss: 0.1725, train/util_ratio: 0.2500, train/run_time: 0.1478, eval/loss: 12.8527, eval/top-1-acc: 0.1865, eval/top-5-acc: 0.3426, eval/balanced_acc: 0.1897, eval/precision: 0.2651, eval/recall: 0.1897, eval/F1: 0.1865, lr: 0.0003, train/prefecth_time: 0.0038 BEST_EVAL_ACC: 0.1963, at 96256 iters
[2025-02-21 21:45:49,458 INFO] 131328 iteration USE_EMA: False, train/sup_loss: 0.0002, train/unsup_loss: 1.9793, train/total_loss: 1.9795, train/util_ratio: 0.7500, train/run_time: 0.1477, lr: 0.0003, train/prefecth_time: 0.0043 
[2025-02-21 21:46:34,665 INFO] 131584 iteration USE_EMA: False, train/sup_loss: 0.0001, train/unsup_loss: 0.0133, train/total_loss: 0.0135, train/util_ratio: 0.3750, train/run_time: 0.1482, lr: 0.0003, train/prefecth_time: 0.0046 
[2025-02-21 21:47:19,895 INFO] 131840 iteration USE_EMA: False, train/sup_loss: 0.0015, train/unsup_loss: 0.2423, train/total_loss: 0.2439, train/util_ratio: 0.7500, train/run_time: 0.1479, lr: 0.0003, train/prefecth_time: 0.0045 
[2025-02-21 21:48:05,074 INFO] 132096 iteration USE_EMA: False, train/sup_loss: 0.0001, train/unsup_loss: 0.0498, train/total_loss: 0.0499, train/util_ratio: 0.3750, train/run_time: 0.1476, lr: 0.0003, train/prefecth_time: 0.0037 
[2025-02-21 21:48:50,771 INFO] 132352 iteration USE_EMA: False, train/sup_loss: 0.0375, train/unsup_loss: 0.0260, train/total_loss: 0.0636, train/util_ratio: 0.6250, train/run_time: 0.1489, lr: 0.0003, train/prefecth_time: 0.0042 
[2025-02-21 21:49:35,983 INFO] 132608 iteration USE_EMA: False, train/sup_loss: 0.0002, train/unsup_loss: 0.0018, train/total_loss: 0.0020, train/util_ratio: 0.2500, train/run_time: 0.1486, lr: 0.0003, train/prefecth_time: 0.0041 
[2025-02-21 21:50:21,243 INFO] 132864 iteration USE_EMA: False, train/sup_loss: 0.0001, train/unsup_loss: 0.5011, train/total_loss: 0.5012, train/util_ratio: 0.5000, train/run_time: 0.1481, lr: 0.0003, train/prefecth_time: 0.0042 
[2025-02-21 21:51:06,320 INFO] validating...
/home/zakerian/miniconda3/envs/usb/lib/python3.8/site-packages/sklearn/metrics/_classification.py:1471: UndefinedMetricWarning: Precision is ill-defined and being set to 0.0 in labels with no predicted samples. Use `zero_division` parameter to control this behavior.
  _warn_prf(average, modifier, msg_start, len(result))
[2025-02-21 21:51:11,939 INFO] confusion matrix:
[[0.         0.         0.         ... 0.         0.         0.        ]
 [0.         0.         0.         ... 0.         0.         0.        ]
 [0.         0.         0.33333333 ... 0.         0.         0.        ]
 ...
 [0.         0.         0.         ... 0.42857143 0.         0.        ]
 [0.         0.         0.         ... 0.         0.         0.        ]
 [0.         0.         0.         ... 0.         0.         0.        ]]
[2025-02-21 21:51:13,882 INFO] model saved: ./saved_models/usb_cv/fixmatch_market1501_trainsplit/latest_model.pth
[2025-02-21 21:51:13,884 INFO] 133120 iteration, USE_EMA: False, train/sup_loss: 0.0006, train/unsup_loss: 0.1670, train/total_loss: 0.1676, train/util_ratio: 1.0000, train/run_time: 0.1477, eval/loss: 12.9550, eval/top-1-acc: 0.1748, eval/top-5-acc: 0.3204, eval/balanced_acc: 0.1792, eval/precision: 0.2541, eval/recall: 0.1792, eval/F1: 0.1766, lr: 0.0003, train/prefecth_time: 0.0039 BEST_EVAL_ACC: 0.1963, at 96256 iters
[2025-02-21 21:51:59,689 INFO] 133376 iteration USE_EMA: False, train/sup_loss: 0.0006, train/unsup_loss: 0.0497, train/total_loss: 0.0503, train/util_ratio: 0.7500, train/run_time: 0.1484, lr: 0.0003, train/prefecth_time: 0.0042 
[2025-02-21 21:52:45,011 INFO] 133632 iteration USE_EMA: False, train/sup_loss: 0.0004, train/unsup_loss: 0.0060, train/total_loss: 0.0064, train/util_ratio: 0.2500, train/run_time: 0.1484, lr: 0.0003, train/prefecth_time: 0.0043 
[2025-02-21 21:53:30,222 INFO] 133888 iteration USE_EMA: False, train/sup_loss: 0.0127, train/unsup_loss: 0.0127, train/total_loss: 0.0254, train/util_ratio: 0.6250, train/run_time: 0.1483, lr: 0.0003, train/prefecth_time: 0.0043 
[2025-02-21 21:54:15,588 INFO] 134144 iteration USE_EMA: False, train/sup_loss: 0.0000, train/unsup_loss: 0.0986, train/total_loss: 0.0987, train/util_ratio: 0.6250, train/run_time: 0.1478, lr: 0.0003, train/prefecth_time: 0.0037 
[2025-02-21 21:55:01,289 INFO] 134400 iteration USE_EMA: False, train/sup_loss: 0.0008, train/unsup_loss: 0.6509, train/total_loss: 0.6517, train/util_ratio: 0.5000, train/run_time: 0.1493, lr: 0.0003, train/prefecth_time: 0.0049 
[2025-02-21 21:55:46,411 INFO] 134656 iteration USE_EMA: False, train/sup_loss: 0.0002, train/unsup_loss: 0.0003, train/total_loss: 0.0005, train/util_ratio: 0.2500, train/run_time: 0.1476, lr: 0.0003, train/prefecth_time: 0.0037 
[2025-02-21 21:56:31,481 INFO] 134912 iteration USE_EMA: False, train/sup_loss: 0.0054, train/unsup_loss: 0.0647, train/total_loss: 0.0701, train/util_ratio: 0.2500, train/run_time: 0.1484, lr: 0.0003, train/prefecth_time: 0.0040 
[2025-02-21 21:57:16,560 INFO] validating...
/home/zakerian/miniconda3/envs/usb/lib/python3.8/site-packages/sklearn/metrics/_classification.py:1471: UndefinedMetricWarning: Precision is ill-defined and being set to 0.0 in labels with no predicted samples. Use `zero_division` parameter to control this behavior.
  _warn_prf(average, modifier, msg_start, len(result))
[2025-02-21 21:57:22,138 INFO] confusion matrix:
[[0.1        0.         0.         ... 0.         0.         0.        ]
 [0.         0.         0.         ... 0.         0.         0.        ]
 [0.         0.         0.33333333 ... 0.         0.         0.        ]
 ...
 [0.         0.         0.         ... 0.42857143 0.         0.        ]
 [0.         0.         0.         ... 0.         0.         0.        ]
 [0.         0.         0.         ... 0.         0.         0.        ]]
[2025-02-21 21:57:24,072 INFO] model saved: ./saved_models/usb_cv/fixmatch_market1501_trainsplit/latest_model.pth
[2025-02-21 21:57:24,075 INFO] 135168 iteration, USE_EMA: False, train/sup_loss: 0.0004, train/unsup_loss: 0.2074, train/total_loss: 0.2078, train/util_ratio: 0.5000, train/run_time: 0.1469, eval/loss: 13.1465, eval/top-1-acc: 0.1852, eval/top-5-acc: 0.3291, eval/balanced_acc: 0.1907, eval/precision: 0.2663, eval/recall: 0.1907, eval/F1: 0.1878, lr: 0.0003, train/prefecth_time: 0.0038 BEST_EVAL_ACC: 0.1963, at 96256 iters
[2025-02-21 21:58:09,729 INFO] 135424 iteration USE_EMA: False, train/sup_loss: 0.0001, train/unsup_loss: 0.0283, train/total_loss: 0.0284, train/util_ratio: 0.2500, train/run_time: 0.1488, lr: 0.0003, train/prefecth_time: 0.0045 
[2025-02-21 21:58:54,839 INFO] 135680 iteration USE_EMA: False, train/sup_loss: 0.0001, train/unsup_loss: 0.0096, train/total_loss: 0.0097, train/util_ratio: 0.3750, train/run_time: 0.1480, lr: 0.0003, train/prefecth_time: 0.0043 
[2025-02-21 21:59:39,970 INFO] 135936 iteration USE_EMA: False, train/sup_loss: 0.0001, train/unsup_loss: 0.1718, train/total_loss: 0.1719, train/util_ratio: 0.6250, train/run_time: 0.1484, lr: 0.0003, train/prefecth_time: 0.0041 
[2025-02-21 22:00:25,091 INFO] 136192 iteration USE_EMA: False, train/sup_loss: 0.0003, train/unsup_loss: 0.1551, train/total_loss: 0.1554, train/util_ratio: 0.6250, train/run_time: 0.1472, lr: 0.0003, train/prefecth_time: 0.0037 
[2025-02-21 22:01:10,783 INFO] 136448 iteration USE_EMA: False, train/sup_loss: 0.0014, train/unsup_loss: 0.0059, train/total_loss: 0.0073, train/util_ratio: 0.7500, train/run_time: 0.1488, lr: 0.0003, train/prefecth_time: 0.0045 
[2025-02-21 22:01:55,987 INFO] 136704 iteration USE_EMA: False, train/sup_loss: 0.0012, train/unsup_loss: 0.0124, train/total_loss: 0.0136, train/util_ratio: 0.3750, train/run_time: 0.1488, lr: 0.0003, train/prefecth_time: 0.0040 
[2025-02-21 22:02:41,264 INFO] 136960 iteration USE_EMA: False, train/sup_loss: 0.0000, train/unsup_loss: 0.1480, train/total_loss: 0.1480, train/util_ratio: 0.7500, train/run_time: 0.1484, lr: 0.0003, train/prefecth_time: 0.0042 
[2025-02-21 22:03:26,471 INFO] validating...
/home/zakerian/miniconda3/envs/usb/lib/python3.8/site-packages/sklearn/metrics/_classification.py:1471: UndefinedMetricWarning: Precision is ill-defined and being set to 0.0 in labels with no predicted samples. Use `zero_division` parameter to control this behavior.
  _warn_prf(average, modifier, msg_start, len(result))
[2025-02-21 22:03:32,058 INFO] confusion matrix:
[[0.1        0.         0.         ... 0.         0.         0.        ]
 [0.         0.         0.         ... 0.         0.         0.        ]
 [0.         0.         0.33333333 ... 0.         0.         0.        ]
 ...
 [0.         0.         0.         ... 0.42857143 0.         0.        ]
 [0.         0.         0.         ... 0.         0.         0.        ]
 [0.         0.         0.         ... 0.         0.         0.        ]]
[2025-02-21 22:03:34,143 INFO] model saved: ./saved_models/usb_cv/fixmatch_market1501_trainsplit/latest_model.pth
[2025-02-21 22:03:34,145 INFO] 137216 iteration, USE_EMA: False, train/sup_loss: 0.0002, train/unsup_loss: 0.1121, train/total_loss: 0.1123, train/util_ratio: 0.7500, train/run_time: 0.1473, eval/loss: 12.9069, eval/top-1-acc: 0.1838, eval/top-5-acc: 0.3304, eval/balanced_acc: 0.1857, eval/precision: 0.2675, eval/recall: 0.1857, eval/F1: 0.1834, lr: 0.0003, train/prefecth_time: 0.0040 BEST_EVAL_ACC: 0.1963, at 96256 iters
[2025-02-21 22:04:19,901 INFO] 137472 iteration USE_EMA: False, train/sup_loss: 0.0004, train/unsup_loss: 0.0726, train/total_loss: 0.0730, train/util_ratio: 0.6250, train/run_time: 0.1484, lr: 0.0003, train/prefecth_time: 0.0053 
[2025-02-21 22:05:05,083 INFO] 137728 iteration USE_EMA: False, train/sup_loss: 0.0000, train/unsup_loss: 0.0351, train/total_loss: 0.0351, train/util_ratio: 0.6250, train/run_time: 0.1491, lr: 0.0003, train/prefecth_time: 0.0044 
[2025-02-21 22:05:50,279 INFO] 137984 iteration USE_EMA: False, train/sup_loss: 0.0001, train/unsup_loss: 0.0011, train/total_loss: 0.0012, train/util_ratio: 0.5000, train/run_time: 0.1486, lr: 0.0003, train/prefecth_time: 0.0046 
[2025-02-21 22:06:35,646 INFO] 138240 iteration USE_EMA: False, train/sup_loss: 0.0001, train/unsup_loss: 0.4298, train/total_loss: 0.4299, train/util_ratio: 0.5000, train/run_time: 0.1472, lr: 0.0003, train/prefecth_time: 0.0037 
[2025-02-21 22:07:21,283 INFO] 138496 iteration USE_EMA: False, train/sup_loss: 0.0003, train/unsup_loss: 0.0128, train/total_loss: 0.0131, train/util_ratio: 0.3750, train/run_time: 0.1482, lr: 0.0003, train/prefecth_time: 0.0040 
[2025-02-21 22:08:06,482 INFO] 138752 iteration USE_EMA: False, train/sup_loss: 0.0003, train/unsup_loss: 0.1571, train/total_loss: 0.1574, train/util_ratio: 0.2500, train/run_time: 0.1476, lr: 0.0003, train/prefecth_time: 0.0043 
[2025-02-21 22:08:51,696 INFO] 139008 iteration USE_EMA: False, train/sup_loss: 0.0001, train/unsup_loss: 0.0589, train/total_loss: 0.0590, train/util_ratio: 0.3750, train/run_time: 0.1482, lr: 0.0003, train/prefecth_time: 0.0041 
[2025-02-21 22:09:36,874 INFO] validating...
/home/zakerian/miniconda3/envs/usb/lib/python3.8/site-packages/sklearn/metrics/_classification.py:1471: UndefinedMetricWarning: Precision is ill-defined and being set to 0.0 in labels with no predicted samples. Use `zero_division` parameter to control this behavior.
  _warn_prf(average, modifier, msg_start, len(result))
[2025-02-21 22:09:42,471 INFO] confusion matrix:
[[0.1        0.         0.         ... 0.         0.         0.        ]
 [0.         0.         0.         ... 0.         0.         0.        ]
 [0.         0.         0.33333333 ... 0.         0.         0.        ]
 ...
 [0.         0.         0.         ... 0.42857143 0.         0.        ]
 [0.         0.         0.25       ... 0.         0.         0.        ]
 [0.         0.         0.         ... 0.         0.         0.        ]]
[2025-02-21 22:09:44,401 INFO] model saved: ./saved_models/usb_cv/fixmatch_market1501_trainsplit/latest_model.pth
[2025-02-21 22:09:44,404 INFO] 139264 iteration, USE_EMA: False, train/sup_loss: 0.0003, train/unsup_loss: 0.9596, train/total_loss: 0.9599, train/util_ratio: 0.6250, train/run_time: 0.1473, eval/loss: 13.2800, eval/top-1-acc: 0.1803, eval/top-5-acc: 0.3280, eval/balanced_acc: 0.1843, eval/precision: 0.2595, eval/recall: 0.1843, eval/F1: 0.1820, lr: 0.0003, train/prefecth_time: 0.0038 BEST_EVAL_ACC: 0.1963, at 96256 iters
[2025-02-21 22:10:30,217 INFO] 139520 iteration USE_EMA: False, train/sup_loss: 0.0001, train/unsup_loss: 0.6308, train/total_loss: 0.6308, train/util_ratio: 0.7500, train/run_time: 0.1489, lr: 0.0003, train/prefecth_time: 0.0040 
[2025-02-21 22:11:15,498 INFO] 139776 iteration USE_EMA: False, train/sup_loss: 0.0002, train/unsup_loss: 0.0596, train/total_loss: 0.0598, train/util_ratio: 0.5000, train/run_time: 0.1481, lr: 0.0003, train/prefecth_time: 0.0043 
[2025-02-21 22:12:00,809 INFO] 140032 iteration USE_EMA: False, train/sup_loss: 0.0006, train/unsup_loss: 0.1274, train/total_loss: 0.1279, train/util_ratio: 0.7500, train/run_time: 0.1483, lr: 0.0003, train/prefecth_time: 0.0044 
[2025-02-21 22:12:45,953 INFO] 140288 iteration USE_EMA: False, train/sup_loss: 0.0000, train/unsup_loss: 0.5776, train/total_loss: 0.5777, train/util_ratio: 0.2500, train/run_time: 0.1473, lr: 0.0003, train/prefecth_time: 0.0041 
[2025-02-21 22:13:31,788 INFO] 140544 iteration USE_EMA: False, train/sup_loss: 0.0000, train/unsup_loss: 0.3183, train/total_loss: 0.3183, train/util_ratio: 0.5000, train/run_time: 0.1498, lr: 0.0003, train/prefecth_time: 0.0056 
[2025-02-21 22:14:17,110 INFO] 140800 iteration USE_EMA: False, train/sup_loss: 0.0015, train/unsup_loss: 0.0845, train/total_loss: 0.0861, train/util_ratio: 0.5000, train/run_time: 0.1476, lr: 0.0003, train/prefecth_time: 0.0039 
[2025-02-21 22:15:02,291 INFO] 141056 iteration USE_EMA: False, train/sup_loss: 0.0003, train/unsup_loss: 0.4017, train/total_loss: 0.4021, train/util_ratio: 0.5000, train/run_time: 0.1486, lr: 0.0003, train/prefecth_time: 0.0043 
[2025-02-21 22:15:47,458 INFO] validating...
/home/zakerian/miniconda3/envs/usb/lib/python3.8/site-packages/sklearn/metrics/_classification.py:1471: UndefinedMetricWarning: Precision is ill-defined and being set to 0.0 in labels with no predicted samples. Use `zero_division` parameter to control this behavior.
  _warn_prf(average, modifier, msg_start, len(result))
[2025-02-21 22:15:53,041 INFO] confusion matrix:
[[0.         0.         0.         ... 0.         0.         0.        ]
 [0.         0.         0.         ... 0.         0.         0.        ]
 [0.         0.         0.33333333 ... 0.         0.         0.        ]
 ...
 [0.         0.         0.         ... 0.57142857 0.         0.        ]
 [0.         0.         0.         ... 0.         0.         0.        ]
 [0.         0.         0.         ... 0.         0.         0.        ]]
[2025-02-21 22:15:54,987 INFO] model saved: ./saved_models/usb_cv/fixmatch_market1501_trainsplit/latest_model.pth
[2025-02-21 22:15:54,989 INFO] 141312 iteration, USE_EMA: False, train/sup_loss: 0.0005, train/unsup_loss: 0.0159, train/total_loss: 0.0163, train/util_ratio: 0.5000, train/run_time: 0.1480, eval/loss: 13.5074, eval/top-1-acc: 0.1813, eval/top-5-acc: 0.3259, eval/balanced_acc: 0.1803, eval/precision: 0.2649, eval/recall: 0.1803, eval/F1: 0.1796, lr: 0.0003, train/prefecth_time: 0.0038 BEST_EVAL_ACC: 0.1963, at 96256 iters
[2025-02-21 22:16:40,845 INFO] 141568 iteration USE_EMA: False, train/sup_loss: 0.0046, train/unsup_loss: 0.6764, train/total_loss: 0.6810, train/util_ratio: 0.6250, train/run_time: 0.1477, lr: 0.0003, train/prefecth_time: 0.0039 
[2025-02-21 22:17:26,247 INFO] 141824 iteration USE_EMA: False, train/sup_loss: 0.0001, train/unsup_loss: 0.0186, train/total_loss: 0.0187, train/util_ratio: 0.6250, train/run_time: 0.1477, lr: 0.0003, train/prefecth_time: 0.0042 
[2025-02-21 22:18:11,383 INFO] 142080 iteration USE_EMA: False, train/sup_loss: 0.0001, train/unsup_loss: 0.2217, train/total_loss: 0.2217, train/util_ratio: 0.3750, train/run_time: 0.1482, lr: 0.0003, train/prefecth_time: 0.0042 
[2025-02-21 22:18:56,584 INFO] 142336 iteration USE_EMA: False, train/sup_loss: 0.0001, train/unsup_loss: 0.0242, train/total_loss: 0.0243, train/util_ratio: 0.5000, train/run_time: 0.1473, lr: 0.0003, train/prefecth_time: 0.0037 
[2025-02-21 22:19:42,386 INFO] 142592 iteration USE_EMA: False, train/sup_loss: 0.0072, train/unsup_loss: 0.0112, train/total_loss: 0.0185, train/util_ratio: 0.5000, train/run_time: 0.1477, lr: 0.0003, train/prefecth_time: 0.0040 
[2025-02-21 22:20:27,648 INFO] 142848 iteration USE_EMA: False, train/sup_loss: 0.0006, train/unsup_loss: 0.1360, train/total_loss: 0.1366, train/util_ratio: 0.8750, train/run_time: 0.1490, lr: 0.0003, train/prefecth_time: 0.0050 
[2025-02-21 22:21:12,865 INFO] 143104 iteration USE_EMA: False, train/sup_loss: 0.0004, train/unsup_loss: 0.1969, train/total_loss: 0.1973, train/util_ratio: 0.6250, train/run_time: 0.1480, lr: 0.0003, train/prefecth_time: 0.0039 
[2025-02-21 22:21:58,064 INFO] validating...
/home/zakerian/miniconda3/envs/usb/lib/python3.8/site-packages/sklearn/metrics/_classification.py:1471: UndefinedMetricWarning: Precision is ill-defined and being set to 0.0 in labels with no predicted samples. Use `zero_division` parameter to control this behavior.
  _warn_prf(average, modifier, msg_start, len(result))
[2025-02-21 22:22:03,601 INFO] confusion matrix:
[[0.         0.         0.         ... 0.         0.         0.        ]
 [0.         0.         0.         ... 0.         0.         0.        ]
 [0.         0.         0.33333333 ... 0.         0.         0.        ]
 ...
 [0.         0.         0.         ... 0.42857143 0.         0.        ]
 [0.         0.         0.         ... 0.         0.         0.        ]
 [0.         0.         0.         ... 0.         0.         0.        ]]
[2025-02-21 22:22:05,538 INFO] model saved: ./saved_models/usb_cv/fixmatch_market1501_trainsplit/latest_model.pth
[2025-02-21 22:22:05,540 INFO] 143360 iteration, USE_EMA: False, train/sup_loss: 0.0002, train/unsup_loss: 1.1702, train/total_loss: 1.1704, train/util_ratio: 0.2500, train/run_time: 0.1472, eval/loss: 13.1522, eval/top-1-acc: 0.1789, eval/top-5-acc: 0.3263, eval/balanced_acc: 0.1802, eval/precision: 0.2631, eval/recall: 0.1802, eval/F1: 0.1799, lr: 0.0003, train/prefecth_time: 0.0039 BEST_EVAL_ACC: 0.1963, at 96256 iters
[2025-02-21 22:22:51,453 INFO] 143616 iteration USE_EMA: False, train/sup_loss: 0.0009, train/unsup_loss: 0.3678, train/total_loss: 0.3687, train/util_ratio: 0.7500, train/run_time: 0.1485, lr: 0.0003, train/prefecth_time: 0.0042 
[2025-02-21 22:23:36,775 INFO] 143872 iteration USE_EMA: False, train/sup_loss: 0.0003, train/unsup_loss: 0.7730, train/total_loss: 0.7733, train/util_ratio: 0.3750, train/run_time: 0.1484, lr: 0.0003, train/prefecth_time: 0.0042 
[2025-02-21 22:24:22,085 INFO] 144128 iteration USE_EMA: False, train/sup_loss: 0.0016, train/unsup_loss: 0.0011, train/total_loss: 0.0027, train/util_ratio: 0.3750, train/run_time: 0.1480, lr: 0.0003, train/prefecth_time: 0.0043 
[2025-02-21 22:25:07,323 INFO] 144384 iteration USE_EMA: False, train/sup_loss: 0.0002, train/unsup_loss: 0.0020, train/total_loss: 0.0022, train/util_ratio: 0.2500, train/run_time: 0.1473, lr: 0.0003, train/prefecth_time: 0.0039 
[2025-02-21 22:25:52,992 INFO] 144640 iteration USE_EMA: False, train/sup_loss: 0.0007, train/unsup_loss: 0.0200, train/total_loss: 0.0207, train/util_ratio: 0.3750, train/run_time: 0.1480, lr: 0.0003, train/prefecth_time: 0.0041 
[2025-02-21 22:26:38,258 INFO] 144896 iteration USE_EMA: False, train/sup_loss: 0.0001, train/unsup_loss: 0.0831, train/total_loss: 0.0832, train/util_ratio: 0.5000, train/run_time: 0.1483, lr: 0.0003, train/prefecth_time: 0.0040 
[2025-02-21 22:27:23,529 INFO] 145152 iteration USE_EMA: False, train/sup_loss: 0.0010, train/unsup_loss: 0.2863, train/total_loss: 0.2872, train/util_ratio: 0.6250, train/run_time: 0.1491, lr: 0.0003, train/prefecth_time: 0.0040 
[2025-02-21 22:28:08,752 INFO] validating...
/home/zakerian/miniconda3/envs/usb/lib/python3.8/site-packages/sklearn/metrics/_classification.py:1471: UndefinedMetricWarning: Precision is ill-defined and being set to 0.0 in labels with no predicted samples. Use `zero_division` parameter to control this behavior.
  _warn_prf(average, modifier, msg_start, len(result))
[2025-02-21 22:28:14,345 INFO] confusion matrix:
[[0.         0.         0.         ... 0.         0.         0.        ]
 [0.         0.         0.         ... 0.         0.         0.        ]
 [0.         0.         0.33333333 ... 0.         0.         0.        ]
 ...
 [0.         0.         0.         ... 0.28571429 0.         0.        ]
 [0.         0.         0.         ... 0.         0.         0.        ]
 [0.         0.         0.         ... 0.         0.         0.        ]]
[2025-02-21 22:28:16,333 INFO] model saved: ./saved_models/usb_cv/fixmatch_market1501_trainsplit/latest_model.pth
[2025-02-21 22:28:16,336 INFO] 145408 iteration, USE_EMA: False, train/sup_loss: 0.0001, train/unsup_loss: 0.0202, train/total_loss: 0.0203, train/util_ratio: 0.3750, train/run_time: 0.1481, eval/loss: 13.3005, eval/top-1-acc: 0.1810, eval/top-5-acc: 0.3252, eval/balanced_acc: 0.1876, eval/precision: 0.2669, eval/recall: 0.1876, eval/F1: 0.1885, lr: 0.0003, train/prefecth_time: 0.0036 BEST_EVAL_ACC: 0.1963, at 96256 iters
[2025-02-21 22:29:02,143 INFO] 145664 iteration USE_EMA: False, train/sup_loss: 0.0001, train/unsup_loss: 1.0622, train/total_loss: 1.0624, train/util_ratio: 0.6250, train/run_time: 0.1479, lr: 0.0003, train/prefecth_time: 0.0043 
[2025-02-21 22:29:47,309 INFO] 145920 iteration USE_EMA: False, train/sup_loss: 0.0008, train/unsup_loss: 0.5240, train/total_loss: 0.5248, train/util_ratio: 0.3750, train/run_time: 0.1483, lr: 0.0003, train/prefecth_time: 0.0044 
[2025-02-21 22:30:32,510 INFO] 146176 iteration USE_EMA: False, train/sup_loss: 0.0004, train/unsup_loss: 0.2259, train/total_loss: 0.2262, train/util_ratio: 0.6250, train/run_time: 0.1487, lr: 0.0003, train/prefecth_time: 0.0054 
[2025-02-21 22:31:17,642 INFO] 146432 iteration USE_EMA: False, train/sup_loss: 0.0873, train/unsup_loss: 0.3036, train/total_loss: 0.3909, train/util_ratio: 0.5000, train/run_time: 0.1475, lr: 0.0003, train/prefecth_time: 0.0038 
[2025-02-21 22:32:03,414 INFO] 146688 iteration USE_EMA: False, train/sup_loss: 0.0002, train/unsup_loss: 0.2348, train/total_loss: 0.2350, train/util_ratio: 0.7500, train/run_time: 0.1488, lr: 0.0003, train/prefecth_time: 0.0043 
[2025-02-21 22:32:48,658 INFO] 146944 iteration USE_EMA: False, train/sup_loss: 0.0015, train/unsup_loss: 0.0027, train/total_loss: 0.0042, train/util_ratio: 0.5000, train/run_time: 0.1487, lr: 0.0003, train/prefecth_time: 0.0045 
[2025-02-21 22:33:33,860 INFO] 147200 iteration USE_EMA: False, train/sup_loss: 0.0008, train/unsup_loss: 0.0010, train/total_loss: 0.0017, train/util_ratio: 0.3750, train/run_time: 0.1490, lr: 0.0003, train/prefecth_time: 0.0042 
[2025-02-21 22:34:19,020 INFO] validating...
/home/zakerian/miniconda3/envs/usb/lib/python3.8/site-packages/sklearn/metrics/_classification.py:1471: UndefinedMetricWarning: Precision is ill-defined and being set to 0.0 in labels with no predicted samples. Use `zero_division` parameter to control this behavior.
  _warn_prf(average, modifier, msg_start, len(result))
[2025-02-21 22:34:24,587 INFO] confusion matrix:
[[0.         0.         0.         ... 0.         0.         0.        ]
 [0.         0.         0.         ... 0.         0.         0.        ]
 [0.         0.         0.33333333 ... 0.         0.         0.        ]
 ...
 [0.         0.         0.         ... 0.14285714 0.         0.        ]
 [0.         0.         0.         ... 0.         0.         0.        ]
 [0.         0.         0.         ... 0.         0.         0.        ]]
[2025-02-21 22:34:26,588 INFO] model saved: ./saved_models/usb_cv/fixmatch_market1501_trainsplit/latest_model.pth
[2025-02-21 22:34:26,591 INFO] 147456 iteration, USE_EMA: False, train/sup_loss: 0.0002, train/unsup_loss: 0.4231, train/total_loss: 0.4233, train/util_ratio: 0.6250, train/run_time: 0.1474, eval/loss: 13.6430, eval/top-1-acc: 0.1765, eval/top-5-acc: 0.3197, eval/balanced_acc: 0.1779, eval/precision: 0.2532, eval/recall: 0.1779, eval/F1: 0.1772, lr: 0.0003, train/prefecth_time: 0.0038 BEST_EVAL_ACC: 0.1963, at 96256 iters
[2025-02-21 22:35:12,356 INFO] 147712 iteration USE_EMA: False, train/sup_loss: 0.0018, train/unsup_loss: 0.0788, train/total_loss: 0.0806, train/util_ratio: 0.3750, train/run_time: 0.1496, lr: 0.0003, train/prefecth_time: 0.0053 
[2025-02-21 22:35:57,773 INFO] 147968 iteration USE_EMA: False, train/sup_loss: 0.0003, train/unsup_loss: 0.0034, train/total_loss: 0.0037, train/util_ratio: 0.3750, train/run_time: 0.1486, lr: 0.0003, train/prefecth_time: 0.0044 
[2025-02-21 22:36:43,071 INFO] 148224 iteration USE_EMA: False, train/sup_loss: 0.0003, train/unsup_loss: 0.0016, train/total_loss: 0.0019, train/util_ratio: 0.7500, train/run_time: 0.1481, lr: 0.0003, train/prefecth_time: 0.0040 
[2025-02-21 22:37:28,319 INFO] 148480 iteration USE_EMA: False, train/sup_loss: 0.0055, train/unsup_loss: 0.1595, train/total_loss: 0.1651, train/util_ratio: 0.5000, train/run_time: 0.1472, lr: 0.0003, train/prefecth_time: 0.0040 
[2025-02-21 22:38:14,063 INFO] 148736 iteration USE_EMA: False, train/sup_loss: 0.0001, train/unsup_loss: 0.0001, train/total_loss: 0.0002, train/util_ratio: 0.3750, train/run_time: 0.1481, lr: 0.0003, train/prefecth_time: 0.0039 
[2025-02-21 22:38:59,325 INFO] 148992 iteration USE_EMA: False, train/sup_loss: 0.0113, train/unsup_loss: 0.3967, train/total_loss: 0.4079, train/util_ratio: 0.3750, train/run_time: 0.1486, lr: 0.0003, train/prefecth_time: 0.0041 
[2025-02-21 22:39:44,582 INFO] 149248 iteration USE_EMA: False, train/sup_loss: 0.0044, train/unsup_loss: 0.0013, train/total_loss: 0.0057, train/util_ratio: 0.2500, train/run_time: 0.1492, lr: 0.0003, train/prefecth_time: 0.0056 
[2025-02-21 22:40:29,992 INFO] validating...
/home/zakerian/miniconda3/envs/usb/lib/python3.8/site-packages/sklearn/metrics/_classification.py:1471: UndefinedMetricWarning: Precision is ill-defined and being set to 0.0 in labels with no predicted samples. Use `zero_division` parameter to control this behavior.
  _warn_prf(average, modifier, msg_start, len(result))
[2025-02-21 22:40:35,576 INFO] confusion matrix:
[[0.1        0.         0.         ... 0.         0.         0.        ]
 [0.         0.         0.         ... 0.         0.         0.        ]
 [0.         0.         0.33333333 ... 0.         0.         0.        ]
 ...
 [0.         0.         0.         ... 0.28571429 0.         0.        ]
 [0.         0.         0.         ... 0.         0.         0.        ]
 [0.         0.         0.         ... 0.         0.         0.        ]]
[2025-02-21 22:40:37,582 INFO] model saved: ./saved_models/usb_cv/fixmatch_market1501_trainsplit/latest_model.pth
[2025-02-21 22:40:37,585 INFO] 149504 iteration, USE_EMA: False, train/sup_loss: 0.0004, train/unsup_loss: 0.4106, train/total_loss: 0.4110, train/util_ratio: 0.3750, train/run_time: 0.1472, eval/loss: 13.7609, eval/top-1-acc: 0.1803, eval/top-5-acc: 0.3284, eval/balanced_acc: 0.1806, eval/precision: 0.2572, eval/recall: 0.1806, eval/F1: 0.1795, lr: 0.0003, train/prefecth_time: 0.0038 BEST_EVAL_ACC: 0.1963, at 96256 iters
[2025-02-21 22:41:23,487 INFO] 149760 iteration USE_EMA: False, train/sup_loss: 0.0002, train/unsup_loss: 0.5421, train/total_loss: 0.5424, train/util_ratio: 0.5000, train/run_time: 0.1481, lr: 0.0003, train/prefecth_time: 0.0045 
[2025-02-21 22:42:08,855 INFO] 150016 iteration USE_EMA: False, train/sup_loss: 0.0006, train/unsup_loss: 0.1536, train/total_loss: 0.1542, train/util_ratio: 0.6250, train/run_time: 0.1486, lr: 0.0003, train/prefecth_time: 0.0058 
[2025-02-21 22:42:54,162 INFO] 150272 iteration USE_EMA: False, train/sup_loss: 0.0786, train/unsup_loss: 0.0902, train/total_loss: 0.1687, train/util_ratio: 0.8750, train/run_time: 0.1484, lr: 0.0003, train/prefecth_time: 0.0045 
[2025-02-21 22:43:39,413 INFO] 150528 iteration USE_EMA: False, train/sup_loss: 0.0004, train/unsup_loss: 0.4689, train/total_loss: 0.4693, train/util_ratio: 0.7500, train/run_time: 0.1472, lr: 0.0003, train/prefecth_time: 0.0041 
[2025-02-21 22:44:25,135 INFO] 150784 iteration USE_EMA: False, train/sup_loss: 0.0001, train/unsup_loss: 0.0001, train/total_loss: 0.0002, train/util_ratio: 0.5000, train/run_time: 0.1484, lr: 0.0003, train/prefecth_time: 0.0040 
[2025-02-21 22:45:10,253 INFO] 151040 iteration USE_EMA: False, train/sup_loss: 0.0019, train/unsup_loss: 0.2042, train/total_loss: 0.2061, train/util_ratio: 0.6250, train/run_time: 0.1479, lr: 0.0003, train/prefecth_time: 0.0056 
[2025-02-21 22:45:55,428 INFO] 151296 iteration USE_EMA: False, train/sup_loss: 0.0009, train/unsup_loss: 0.3926, train/total_loss: 0.3934, train/util_ratio: 0.8750, train/run_time: 0.1477, lr: 0.0003, train/prefecth_time: 0.0041 
[2025-02-21 22:46:40,531 INFO] validating...
/home/zakerian/miniconda3/envs/usb/lib/python3.8/site-packages/sklearn/metrics/_classification.py:1471: UndefinedMetricWarning: Precision is ill-defined and being set to 0.0 in labels with no predicted samples. Use `zero_division` parameter to control this behavior.
  _warn_prf(average, modifier, msg_start, len(result))
[2025-02-21 22:46:46,078 INFO] confusion matrix:
[[0.         0.         0.         ... 0.         0.         0.        ]
 [0.         0.         0.         ... 0.         0.         0.        ]
 [0.         0.         0.33333333 ... 0.         0.         0.        ]
 ...
 [0.         0.         0.         ... 0.28571429 0.         0.        ]
 [0.         0.         0.         ... 0.         0.         0.        ]
 [0.         0.         0.         ... 0.         0.         0.        ]]
[2025-02-21 22:46:48,068 INFO] model saved: ./saved_models/usb_cv/fixmatch_market1501_trainsplit/latest_model.pth
[2025-02-21 22:46:48,071 INFO] 151552 iteration, USE_EMA: False, train/sup_loss: 0.0006, train/unsup_loss: 0.1503, train/total_loss: 0.1508, train/util_ratio: 0.6250, train/run_time: 0.1474, eval/loss: 13.6617, eval/top-1-acc: 0.1761, eval/top-5-acc: 0.3180, eval/balanced_acc: 0.1752, eval/precision: 0.2639, eval/recall: 0.1752, eval/F1: 0.1788, lr: 0.0003, train/prefecth_time: 0.0038 BEST_EVAL_ACC: 0.1963, at 96256 iters
[2025-02-21 22:47:33,842 INFO] 151808 iteration USE_EMA: False, train/sup_loss: 0.0000, train/unsup_loss: 0.1039, train/total_loss: 0.1039, train/util_ratio: 0.6250, train/run_time: 0.1486, lr: 0.0003, train/prefecth_time: 0.0040 
[2025-02-21 22:48:19,112 INFO] 152064 iteration USE_EMA: False, train/sup_loss: 0.0391, train/unsup_loss: 0.0027, train/total_loss: 0.0418, train/util_ratio: 0.5000, train/run_time: 0.1486, lr: 0.0003, train/prefecth_time: 0.0051 
[2025-02-21 22:49:04,342 INFO] 152320 iteration USE_EMA: False, train/sup_loss: 0.0039, train/unsup_loss: 0.2993, train/total_loss: 0.3033, train/util_ratio: 0.7500, train/run_time: 0.1478, lr: 0.0003, train/prefecth_time: 0.0042 
[2025-02-21 22:49:49,573 INFO] 152576 iteration USE_EMA: False, train/sup_loss: 0.0018, train/unsup_loss: 0.0118, train/total_loss: 0.0135, train/util_ratio: 0.8750, train/run_time: 0.1477, lr: 0.0003, train/prefecth_time: 0.0040 
[2025-02-21 22:50:35,404 INFO] 152832 iteration USE_EMA: False, train/sup_loss: 0.0000, train/unsup_loss: 0.0113, train/total_loss: 0.0113, train/util_ratio: 0.3750, train/run_time: 0.1479, lr: 0.0003, train/prefecth_time: 0.0043 
[2025-02-21 22:51:20,738 INFO] 153088 iteration USE_EMA: False, train/sup_loss: 0.0001, train/unsup_loss: 0.0059, train/total_loss: 0.0060, train/util_ratio: 0.5000, train/run_time: 0.1488, lr: 0.0003, train/prefecth_time: 0.0044 
[2025-02-21 22:52:06,040 INFO] 153344 iteration USE_EMA: False, train/sup_loss: 0.0007, train/unsup_loss: 0.0435, train/total_loss: 0.0442, train/util_ratio: 0.8750, train/run_time: 0.1480, lr: 0.0003, train/prefecth_time: 0.0044 
[2025-02-21 22:52:51,225 INFO] validating...
/home/zakerian/miniconda3/envs/usb/lib/python3.8/site-packages/sklearn/metrics/_classification.py:1471: UndefinedMetricWarning: Precision is ill-defined and being set to 0.0 in labels with no predicted samples. Use `zero_division` parameter to control this behavior.
  _warn_prf(average, modifier, msg_start, len(result))
[2025-02-21 22:52:56,776 INFO] confusion matrix:
[[0.1        0.         0.         ... 0.         0.         0.        ]
 [0.         0.         0.         ... 0.         0.         0.        ]
 [0.         0.         0.33333333 ... 0.         0.         0.        ]
 ...
 [0.         0.         0.         ... 0.57142857 0.         0.        ]
 [0.         0.         0.         ... 0.         0.         0.        ]
 [0.         0.         0.         ... 0.         0.         0.        ]]
[2025-02-21 22:52:58,705 INFO] model saved: ./saved_models/usb_cv/fixmatch_market1501_trainsplit/latest_model.pth
[2025-02-21 22:52:58,708 INFO] 153600 iteration, USE_EMA: False, train/sup_loss: 0.0186, train/unsup_loss: 0.0670, train/total_loss: 0.0856, train/util_ratio: 0.8750, train/run_time: 0.1472, eval/loss: 13.9876, eval/top-1-acc: 0.1793, eval/top-5-acc: 0.3350, eval/balanced_acc: 0.1854, eval/precision: 0.2651, eval/recall: 0.1854, eval/F1: 0.1854, lr: 0.0003, train/prefecth_time: 0.0037 BEST_EVAL_ACC: 0.1963, at 96256 iters
[2025-02-21 22:53:44,529 INFO] 153856 iteration USE_EMA: False, train/sup_loss: 0.0001, train/unsup_loss: 1.1551, train/total_loss: 1.1553, train/util_ratio: 0.6250, train/run_time: 0.1482, lr: 0.0003, train/prefecth_time: 0.0042 
[2025-02-21 22:54:29,724 INFO] 154112 iteration USE_EMA: False, train/sup_loss: 0.0008, train/unsup_loss: 0.0301, train/total_loss: 0.0309, train/util_ratio: 0.6250, train/run_time: 0.1484, lr: 0.0003, train/prefecth_time: 0.0044 
[2025-02-21 22:55:14,913 INFO] 154368 iteration USE_EMA: False, train/sup_loss: 0.0002, train/unsup_loss: 0.4237, train/total_loss: 0.4239, train/util_ratio: 0.7500, train/run_time: 0.1475, lr: 0.0003, train/prefecth_time: 0.0045 
[2025-02-21 22:56:00,168 INFO] 154624 iteration USE_EMA: False, train/sup_loss: 0.0000, train/unsup_loss: 0.0927, train/total_loss: 0.0927, train/util_ratio: 0.2500, train/run_time: 0.1471, lr: 0.0003, train/prefecth_time: 0.0037 
[2025-02-21 22:56:45,984 INFO] 154880 iteration USE_EMA: False, train/sup_loss: 0.0001, train/unsup_loss: 0.1115, train/total_loss: 0.1116, train/util_ratio: 0.7500, train/run_time: 0.1498, lr: 0.0003, train/prefecth_time: 0.0055 
[2025-02-21 22:57:31,145 INFO] 155136 iteration USE_EMA: False, train/sup_loss: 0.0015, train/unsup_loss: 0.1005, train/total_loss: 0.1020, train/util_ratio: 0.3750, train/run_time: 0.1483, lr: 0.0003, train/prefecth_time: 0.0056 
[2025-02-21 22:58:16,356 INFO] 155392 iteration USE_EMA: False, train/sup_loss: 0.0007, train/unsup_loss: 0.0004, train/total_loss: 0.0011, train/util_ratio: 0.7500, train/run_time: 0.1488, lr: 0.0003, train/prefecth_time: 0.0058 
[2025-02-21 22:59:01,560 INFO] validating...
/home/zakerian/miniconda3/envs/usb/lib/python3.8/site-packages/sklearn/metrics/_classification.py:1471: UndefinedMetricWarning: Precision is ill-defined and being set to 0.0 in labels with no predicted samples. Use `zero_division` parameter to control this behavior.
  _warn_prf(average, modifier, msg_start, len(result))
[2025-02-21 22:59:07,109 INFO] confusion matrix:
[[0.1        0.         0.         ... 0.         0.         0.        ]
 [0.         0.         0.         ... 0.         0.         0.        ]
 [0.         0.         0.33333333 ... 0.         0.         0.        ]
 ...
 [0.         0.         0.         ... 0.28571429 0.         0.        ]
 [0.         0.         0.25       ... 0.         0.         0.        ]
 [0.         0.         0.         ... 0.         0.         0.        ]]
[2025-02-21 22:59:09,050 INFO] model saved: ./saved_models/usb_cv/fixmatch_market1501_trainsplit/latest_model.pth
[2025-02-21 22:59:09,053 INFO] 155648 iteration, USE_EMA: False, train/sup_loss: 0.0012, train/unsup_loss: 0.2409, train/total_loss: 0.2422, train/util_ratio: 0.7500, train/run_time: 0.1471, eval/loss: 14.3786, eval/top-1-acc: 0.1734, eval/top-5-acc: 0.3197, eval/balanced_acc: 0.1755, eval/precision: 0.2532, eval/recall: 0.1755, eval/F1: 0.1750, lr: 0.0003, train/prefecth_time: 0.0038 BEST_EVAL_ACC: 0.1963, at 96256 iters
[2025-02-21 22:59:54,893 INFO] 155904 iteration USE_EMA: False, train/sup_loss: 0.0002, train/unsup_loss: 0.4963, train/total_loss: 0.4966, train/util_ratio: 0.6250, train/run_time: 0.1486, lr: 0.0003, train/prefecth_time: 0.0044 
[2025-02-21 23:00:40,084 INFO] 156160 iteration USE_EMA: False, train/sup_loss: 0.0013, train/unsup_loss: 0.1236, train/total_loss: 0.1249, train/util_ratio: 0.7500, train/run_time: 0.1489, lr: 0.0003, train/prefecth_time: 0.0041 
[2025-02-21 23:01:25,314 INFO] 156416 iteration USE_EMA: False, train/sup_loss: 0.0004, train/unsup_loss: 0.0180, train/total_loss: 0.0183, train/util_ratio: 0.5000, train/run_time: 0.1485, lr: 0.0003, train/prefecth_time: 0.0043 
[2025-02-21 23:02:10,473 INFO] 156672 iteration USE_EMA: False, train/sup_loss: 0.0002, train/unsup_loss: 0.9187, train/total_loss: 0.9190, train/util_ratio: 0.7500, train/run_time: 0.1476, lr: 0.0003, train/prefecth_time: 0.0037 
[2025-02-21 23:02:56,164 INFO] 156928 iteration USE_EMA: False, train/sup_loss: 0.0001, train/unsup_loss: 0.0266, train/total_loss: 0.0267, train/util_ratio: 0.6250, train/run_time: 0.1484, lr: 0.0003, train/prefecth_time: 0.0040 
[2025-02-21 23:03:41,366 INFO] 157184 iteration USE_EMA: False, train/sup_loss: 0.0054, train/unsup_loss: 0.1183, train/total_loss: 0.1237, train/util_ratio: 0.6250, train/run_time: 0.1479, lr: 0.0003, train/prefecth_time: 0.0045 
[2025-02-21 23:04:26,605 INFO] 157440 iteration USE_EMA: False, train/sup_loss: 0.0001, train/unsup_loss: 0.1736, train/total_loss: 0.1737, train/util_ratio: 0.5000, train/run_time: 0.1482, lr: 0.0002, train/prefecth_time: 0.0046 
[2025-02-21 23:05:11,807 INFO] validating...
/home/zakerian/miniconda3/envs/usb/lib/python3.8/site-packages/sklearn/metrics/_classification.py:1471: UndefinedMetricWarning: Precision is ill-defined and being set to 0.0 in labels with no predicted samples. Use `zero_division` parameter to control this behavior.
  _warn_prf(average, modifier, msg_start, len(result))
[2025-02-21 23:05:17,375 INFO] confusion matrix:
[[0.1        0.         0.         ... 0.         0.         0.        ]
 [0.         0.         0.         ... 0.         0.         0.        ]
 [0.         0.         0.33333333 ... 0.         0.         0.        ]
 ...
 [0.         0.         0.         ... 0.42857143 0.         0.        ]
 [0.         0.         0.         ... 0.         0.         0.        ]
 [0.         0.         0.         ... 0.         0.         0.        ]]
[2025-02-21 23:05:19,316 INFO] model saved: ./saved_models/usb_cv/fixmatch_market1501_trainsplit/latest_model.pth
[2025-02-21 23:05:19,318 INFO] 157696 iteration, USE_EMA: False, train/sup_loss: 0.0005, train/unsup_loss: 0.1168, train/total_loss: 0.1173, train/util_ratio: 0.6250, train/run_time: 0.1473, eval/loss: 14.5043, eval/top-1-acc: 0.1768, eval/top-5-acc: 0.3183, eval/balanced_acc: 0.1797, eval/precision: 0.2690, eval/recall: 0.1797, eval/F1: 0.1821, lr: 0.0002, train/prefecth_time: 0.0039 BEST_EVAL_ACC: 0.1963, at 96256 iters
[2025-02-21 23:06:05,224 INFO] 157952 iteration USE_EMA: False, train/sup_loss: 0.0023, train/unsup_loss: 0.1910, train/total_loss: 0.1932, train/util_ratio: 0.5000, train/run_time: 0.1482, lr: 0.0002, train/prefecth_time: 0.0038 
[2025-02-21 23:06:50,494 INFO] 158208 iteration USE_EMA: False, train/sup_loss: 0.0002, train/unsup_loss: 0.3225, train/total_loss: 0.3226, train/util_ratio: 0.8750, train/run_time: 0.1484, lr: 0.0002, train/prefecth_time: 0.0051 
[2025-02-21 23:07:35,622 INFO] 158464 iteration USE_EMA: False, train/sup_loss: 0.0012, train/unsup_loss: 0.2307, train/total_loss: 0.2319, train/util_ratio: 0.6250, train/run_time: 0.1484, lr: 0.0002, train/prefecth_time: 0.0040 
[2025-02-21 23:08:20,891 INFO] 158720 iteration USE_EMA: False, train/sup_loss: 0.0004, train/unsup_loss: 0.7861, train/total_loss: 0.7865, train/util_ratio: 0.6250, train/run_time: 0.1477, lr: 0.0002, train/prefecth_time: 0.0038 
[2025-02-21 23:09:06,561 INFO] 158976 iteration USE_EMA: False, train/sup_loss: 0.0007, train/unsup_loss: 0.0697, train/total_loss: 0.0704, train/util_ratio: 0.7500, train/run_time: 0.1479, lr: 0.0002, train/prefecth_time: 0.0043 
[2025-02-21 23:09:51,755 INFO] 159232 iteration USE_EMA: False, train/sup_loss: 0.0004, train/unsup_loss: 0.9843, train/total_loss: 0.9847, train/util_ratio: 0.7500, train/run_time: 0.1479, lr: 0.0002, train/prefecth_time: 0.0042 
[2025-02-21 23:10:36,903 INFO] 159488 iteration USE_EMA: False, train/sup_loss: 0.0015, train/unsup_loss: 0.3952, train/total_loss: 0.3968, train/util_ratio: 0.5000, train/run_time: 0.1484, lr: 0.0002, train/prefecth_time: 0.0043 
[2025-02-21 23:11:22,060 INFO] validating...
/home/zakerian/miniconda3/envs/usb/lib/python3.8/site-packages/sklearn/metrics/_classification.py:1471: UndefinedMetricWarning: Precision is ill-defined and being set to 0.0 in labels with no predicted samples. Use `zero_division` parameter to control this behavior.
  _warn_prf(average, modifier, msg_start, len(result))
[2025-02-21 23:11:27,640 INFO] confusion matrix:
[[0.         0.         0.         ... 0.         0.         0.        ]
 [0.         0.         0.         ... 0.         0.         0.        ]
 [0.         0.         0.33333333 ... 0.         0.         0.        ]
 ...
 [0.         0.         0.         ... 0.57142857 0.         0.        ]
 [0.         0.         0.         ... 0.         0.         0.        ]
 [0.         0.         0.         ... 0.         0.         0.        ]]
[2025-02-21 23:11:29,590 INFO] model saved: ./saved_models/usb_cv/fixmatch_market1501_trainsplit/latest_model.pth
[2025-02-21 23:11:29,592 INFO] 159744 iteration, USE_EMA: False, train/sup_loss: 0.0001, train/unsup_loss: 0.1708, train/total_loss: 0.1709, train/util_ratio: 0.6250, train/run_time: 0.1470, eval/loss: 14.0972, eval/top-1-acc: 0.1827, eval/top-5-acc: 0.3360, eval/balanced_acc: 0.1866, eval/precision: 0.2645, eval/recall: 0.1866, eval/F1: 0.1858, lr: 0.0002, train/prefecth_time: 0.0035 BEST_EVAL_ACC: 0.1963, at 96256 iters
[2025-02-21 23:12:15,375 INFO] 160000 iteration USE_EMA: False, train/sup_loss: 0.0003, train/unsup_loss: 0.0044, train/total_loss: 0.0047, train/util_ratio: 0.5000, train/run_time: 0.1485, lr: 0.0002, train/prefecth_time: 0.0043 
[2025-02-21 23:13:00,547 INFO] 160256 iteration USE_EMA: False, train/sup_loss: 0.0008, train/unsup_loss: 0.1084, train/total_loss: 0.1091, train/util_ratio: 0.6250, train/run_time: 0.1480, lr: 0.0002, train/prefecth_time: 0.0042 
[2025-02-21 23:13:45,737 INFO] 160512 iteration USE_EMA: False, train/sup_loss: 0.0001, train/unsup_loss: 0.2786, train/total_loss: 0.2787, train/util_ratio: 0.5000, train/run_time: 0.1482, lr: 0.0002, train/prefecth_time: 0.0048 
[2025-02-21 23:14:30,947 INFO] 160768 iteration USE_EMA: False, train/sup_loss: 0.0003, train/unsup_loss: 0.1959, train/total_loss: 0.1962, train/util_ratio: 0.5000, train/run_time: 0.1473, lr: 0.0002, train/prefecth_time: 0.0039 
[2025-02-21 23:15:16,678 INFO] 161024 iteration USE_EMA: False, train/sup_loss: 0.0000, train/unsup_loss: 0.0376, train/total_loss: 0.0376, train/util_ratio: 0.6250, train/run_time: 0.1479, lr: 0.0002, train/prefecth_time: 0.0039 
[2025-02-21 23:16:01,913 INFO] 161280 iteration USE_EMA: False, train/sup_loss: 0.0013, train/unsup_loss: 0.4958, train/total_loss: 0.4972, train/util_ratio: 0.6250, train/run_time: 0.1478, lr: 0.0002, train/prefecth_time: 0.0042 
[2025-02-21 23:16:46,971 INFO] 161536 iteration USE_EMA: False, train/sup_loss: 0.0020, train/unsup_loss: 0.0494, train/total_loss: 0.0513, train/util_ratio: 0.5000, train/run_time: 0.1480, lr: 0.0002, train/prefecth_time: 0.0047 
[2025-02-21 23:17:32,071 INFO] validating...
/home/zakerian/miniconda3/envs/usb/lib/python3.8/site-packages/sklearn/metrics/_classification.py:1471: UndefinedMetricWarning: Precision is ill-defined and being set to 0.0 in labels with no predicted samples. Use `zero_division` parameter to control this behavior.
  _warn_prf(average, modifier, msg_start, len(result))
[2025-02-21 23:17:37,657 INFO] confusion matrix:
[[0.1        0.         0.         ... 0.         0.         0.        ]
 [0.         0.         0.         ... 0.         0.         0.        ]
 [0.         0.         0.33333333 ... 0.         0.         0.        ]
 ...
 [0.         0.         0.         ... 0.28571429 0.         0.        ]
 [0.         0.         0.         ... 0.         0.         0.        ]
 [0.         0.         0.         ... 0.         0.         0.        ]]
[2025-02-21 23:17:39,647 INFO] model saved: ./saved_models/usb_cv/fixmatch_market1501_trainsplit/latest_model.pth
[2025-02-21 23:17:39,647 INFO] 161792 iteration, USE_EMA: False, train/sup_loss: 0.0003, train/unsup_loss: 0.3990, train/total_loss: 0.3993, train/util_ratio: 0.7500, train/run_time: 0.1479, eval/loss: 14.2040, eval/top-1-acc: 0.1817, eval/top-5-acc: 0.3249, eval/balanced_acc: 0.1833, eval/precision: 0.2653, eval/recall: 0.1833, eval/F1: 0.1831, lr: 0.0002, train/prefecth_time: 0.0039 BEST_EVAL_ACC: 0.1963, at 96256 iters
[2025-02-21 23:18:25,355 INFO] 162048 iteration USE_EMA: False, train/sup_loss: 0.0000, train/unsup_loss: 0.5186, train/total_loss: 0.5187, train/util_ratio: 0.6250, train/run_time: 0.1483, lr: 0.0002, train/prefecth_time: 0.0039 
[2025-02-21 23:19:10,645 INFO] 162304 iteration USE_EMA: False, train/sup_loss: 0.0000, train/unsup_loss: 0.2891, train/total_loss: 0.2891, train/util_ratio: 0.5000, train/run_time: 0.1487, lr: 0.0002, train/prefecth_time: 0.0039 
[2025-02-21 23:19:55,868 INFO] 162560 iteration USE_EMA: False, train/sup_loss: 0.0001, train/unsup_loss: 0.0190, train/total_loss: 0.0191, train/util_ratio: 0.5000, train/run_time: 0.1483, lr: 0.0002, train/prefecth_time: 0.0042 
[2025-02-21 23:20:41,289 INFO] 162816 iteration USE_EMA: False, train/sup_loss: 0.0002, train/unsup_loss: 0.0241, train/total_loss: 0.0242, train/util_ratio: 0.5000, train/run_time: 0.1471, lr: 0.0002, train/prefecth_time: 0.0041 
[2025-02-21 23:21:27,058 INFO] 163072 iteration USE_EMA: False, train/sup_loss: 0.0018, train/unsup_loss: 0.3393, train/total_loss: 0.3411, train/util_ratio: 0.7500, train/run_time: 0.1494, lr: 0.0002, train/prefecth_time: 0.0052 
[2025-02-21 23:22:12,246 INFO] 163328 iteration USE_EMA: False, train/sup_loss: 0.0002, train/unsup_loss: 0.0212, train/total_loss: 0.0214, train/util_ratio: 0.2500, train/run_time: 0.1483, lr: 0.0002, train/prefecth_time: 0.0040 
[2025-02-21 23:22:57,547 INFO] 163584 iteration USE_EMA: False, train/sup_loss: 0.0003, train/unsup_loss: 0.2701, train/total_loss: 0.2704, train/util_ratio: 0.7500, train/run_time: 0.1482, lr: 0.0002, train/prefecth_time: 0.0041 
[2025-02-21 23:23:42,715 INFO] validating...
/home/zakerian/miniconda3/envs/usb/lib/python3.8/site-packages/sklearn/metrics/_classification.py:1471: UndefinedMetricWarning: Precision is ill-defined and being set to 0.0 in labels with no predicted samples. Use `zero_division` parameter to control this behavior.
  _warn_prf(average, modifier, msg_start, len(result))
[2025-02-21 23:23:48,311 INFO] confusion matrix:
[[0.         0.         0.         ... 0.         0.         0.        ]
 [0.         0.         0.         ... 0.         0.         0.        ]
 [0.         0.         0.33333333 ... 0.         0.         0.        ]
 ...
 [0.         0.         0.         ... 0.42857143 0.         0.        ]
 [0.         0.         0.         ... 0.         0.         0.        ]
 [0.         0.         0.         ... 0.         0.         0.        ]]
[2025-02-21 23:23:50,227 INFO] model saved: ./saved_models/usb_cv/fixmatch_market1501_trainsplit/latest_model.pth
[2025-02-21 23:23:50,229 INFO] 163840 iteration, USE_EMA: False, train/sup_loss: 0.0006, train/unsup_loss: 0.3060, train/total_loss: 0.3066, train/util_ratio: 0.8750, train/run_time: 0.1480, eval/loss: 14.6723, eval/top-1-acc: 0.1689, eval/top-5-acc: 0.3239, eval/balanced_acc: 0.1761, eval/precision: 0.2549, eval/recall: 0.1761, eval/F1: 0.1756, lr: 0.0002, train/prefecth_time: 0.0040 BEST_EVAL_ACC: 0.1963, at 96256 iters
[2025-02-21 23:24:35,975 INFO] 164096 iteration USE_EMA: False, train/sup_loss: 0.0000, train/unsup_loss: 1.0687, train/total_loss: 1.0688, train/util_ratio: 0.8750, train/run_time: 0.1485, lr: 0.0002, train/prefecth_time: 0.0042 
[2025-02-21 23:25:21,203 INFO] 164352 iteration USE_EMA: False, train/sup_loss: 0.0011, train/unsup_loss: 0.1044, train/total_loss: 0.1056, train/util_ratio: 0.5000, train/run_time: 0.1489, lr: 0.0002, train/prefecth_time: 0.0058 
[2025-02-21 23:26:06,524 INFO] 164608 iteration USE_EMA: False, train/sup_loss: 0.0011, train/unsup_loss: 0.4620, train/total_loss: 0.4631, train/util_ratio: 0.6250, train/run_time: 0.1488, lr: 0.0002, train/prefecth_time: 0.0053 
[2025-02-21 23:26:51,754 INFO] 164864 iteration USE_EMA: False, train/sup_loss: 0.0068, train/unsup_loss: 0.3034, train/total_loss: 0.3102, train/util_ratio: 0.6250, train/run_time: 0.1482, lr: 0.0002, train/prefecth_time: 0.0045 
[2025-02-21 23:27:37,399 INFO] 165120 iteration USE_EMA: False, train/sup_loss: 0.0011, train/unsup_loss: 0.3501, train/total_loss: 0.3512, train/util_ratio: 0.3750, train/run_time: 0.1483, lr: 0.0002, train/prefecth_time: 0.0044 
[2025-02-21 23:28:22,732 INFO] 165376 iteration USE_EMA: False, train/sup_loss: 0.0004, train/unsup_loss: 1.1226, train/total_loss: 1.1230, train/util_ratio: 0.6250, train/run_time: 0.1485, lr: 0.0002, train/prefecth_time: 0.0038 
[2025-02-21 23:29:07,929 INFO] 165632 iteration USE_EMA: False, train/sup_loss: 0.0001, train/unsup_loss: 0.0932, train/total_loss: 0.0933, train/util_ratio: 0.6250, train/run_time: 0.1483, lr: 0.0002, train/prefecth_time: 0.0043 
[2025-02-21 23:29:53,259 INFO] validating...
/home/zakerian/miniconda3/envs/usb/lib/python3.8/site-packages/sklearn/metrics/_classification.py:1471: UndefinedMetricWarning: Precision is ill-defined and being set to 0.0 in labels with no predicted samples. Use `zero_division` parameter to control this behavior.
  _warn_prf(average, modifier, msg_start, len(result))
[2025-02-21 23:29:58,846 INFO] confusion matrix:
[[0.1        0.         0.         ... 0.         0.         0.        ]
 [0.         0.         0.         ... 0.         0.         0.        ]
 [0.         0.         0.33333333 ... 0.         0.         0.        ]
 ...
 [0.         0.         0.         ... 0.42857143 0.         0.        ]
 [0.         0.         0.         ... 0.         0.         0.        ]
 [0.         0.         0.         ... 0.         0.         0.        ]]
[2025-02-21 23:30:00,784 INFO] model saved: ./saved_models/usb_cv/fixmatch_market1501_trainsplit/latest_model.pth
[2025-02-21 23:30:00,786 INFO] 165888 iteration, USE_EMA: False, train/sup_loss: 0.0003, train/unsup_loss: 0.0111, train/total_loss: 0.0113, train/util_ratio: 0.5000, train/run_time: 0.1469, eval/loss: 15.0704, eval/top-1-acc: 0.1800, eval/top-5-acc: 0.3218, eval/balanced_acc: 0.1857, eval/precision: 0.2807, eval/recall: 0.1857, eval/F1: 0.1905, lr: 0.0002, train/prefecth_time: 0.0039 BEST_EVAL_ACC: 0.1963, at 96256 iters
[2025-02-21 23:30:46,530 INFO] 166144 iteration USE_EMA: False, train/sup_loss: 0.0001, train/unsup_loss: 0.0058, train/total_loss: 0.0058, train/util_ratio: 0.5000, train/run_time: 0.1482, lr: 0.0002, train/prefecth_time: 0.0043 
[2025-02-21 23:31:31,726 INFO] 166400 iteration USE_EMA: False, train/sup_loss: 0.0002, train/unsup_loss: 0.3101, train/total_loss: 0.3103, train/util_ratio: 0.5000, train/run_time: 0.1479, lr: 0.0002, train/prefecth_time: 0.0045 
[2025-02-21 23:32:16,957 INFO] 166656 iteration USE_EMA: False, train/sup_loss: 0.0013, train/unsup_loss: 0.0684, train/total_loss: 0.0696, train/util_ratio: 0.5000, train/run_time: 0.1478, lr: 0.0002, train/prefecth_time: 0.0043 
[2025-02-21 23:33:02,314 INFO] 166912 iteration USE_EMA: False, train/sup_loss: 0.0013, train/unsup_loss: 0.0481, train/total_loss: 0.0494, train/util_ratio: 1.0000, train/run_time: 0.1471, lr: 0.0002, train/prefecth_time: 0.0040 
[2025-02-21 23:33:48,025 INFO] 167168 iteration USE_EMA: False, train/sup_loss: 0.0000, train/unsup_loss: 0.0595, train/total_loss: 0.0595, train/util_ratio: 0.5000, train/run_time: 0.1483, lr: 0.0002, train/prefecth_time: 0.0045 
[2025-02-21 23:34:33,227 INFO] 167424 iteration USE_EMA: False, train/sup_loss: 0.0020, train/unsup_loss: 0.0062, train/total_loss: 0.0082, train/util_ratio: 0.5000, train/run_time: 0.1475, lr: 0.0002, train/prefecth_time: 0.0043 
[2025-02-21 23:35:18,383 INFO] 167680 iteration USE_EMA: False, train/sup_loss: 0.0000, train/unsup_loss: 0.2481, train/total_loss: 0.2481, train/util_ratio: 0.5000, train/run_time: 0.1480, lr: 0.0002, train/prefecth_time: 0.0043 
[2025-02-21 23:36:03,599 INFO] validating...
/home/zakerian/miniconda3/envs/usb/lib/python3.8/site-packages/sklearn/metrics/_classification.py:1471: UndefinedMetricWarning: Precision is ill-defined and being set to 0.0 in labels with no predicted samples. Use `zero_division` parameter to control this behavior.
  _warn_prf(average, modifier, msg_start, len(result))
[2025-02-21 23:36:09,178 INFO] confusion matrix:
[[0.         0.         0.         ... 0.         0.         0.        ]
 [0.         0.         0.         ... 0.         0.         0.        ]
 [0.         0.         0.33333333 ... 0.         0.         0.        ]
 ...
 [0.         0.         0.         ... 0.42857143 0.         0.        ]
 [0.         0.         0.         ... 0.         0.         0.        ]
 [0.         0.         0.         ... 0.         0.         0.        ]]
[2025-02-21 23:36:11,132 INFO] model saved: ./saved_models/usb_cv/fixmatch_market1501_trainsplit/latest_model.pth
[2025-02-21 23:36:11,134 INFO] 167936 iteration, USE_EMA: False, train/sup_loss: 0.0044, train/unsup_loss: 0.3062, train/total_loss: 0.3106, train/util_ratio: 0.6250, train/run_time: 0.1478, eval/loss: 16.0196, eval/top-1-acc: 0.1696, eval/top-5-acc: 0.3107, eval/balanced_acc: 0.1738, eval/precision: 0.2694, eval/recall: 0.1738, eval/F1: 0.1790, lr: 0.0002, train/prefecth_time: 0.0037 BEST_EVAL_ACC: 0.1963, at 96256 iters
[2025-02-21 23:36:56,884 INFO] 168192 iteration USE_EMA: False, train/sup_loss: 0.0003, train/unsup_loss: 0.7529, train/total_loss: 0.7532, train/util_ratio: 0.7500, train/run_time: 0.1480, lr: 0.0002, train/prefecth_time: 0.0041 
[2025-02-21 23:37:42,031 INFO] 168448 iteration USE_EMA: False, train/sup_loss: 0.0027, train/unsup_loss: 0.0411, train/total_loss: 0.0438, train/util_ratio: 0.6250, train/run_time: 0.1487, lr: 0.0002, train/prefecth_time: 0.0042 
[2025-02-21 23:38:27,285 INFO] 168704 iteration USE_EMA: False, train/sup_loss: 0.0007, train/unsup_loss: 0.0130, train/total_loss: 0.0137, train/util_ratio: 0.7500, train/run_time: 0.1481, lr: 0.0002, train/prefecth_time: 0.0043 
[2025-02-21 23:39:12,580 INFO] 168960 iteration USE_EMA: False, train/sup_loss: 0.0000, train/unsup_loss: 0.2712, train/total_loss: 0.2712, train/util_ratio: 0.3750, train/run_time: 0.1475, lr: 0.0002, train/prefecth_time: 0.0037 
[2025-02-21 23:39:58,430 INFO] 169216 iteration USE_EMA: False, train/sup_loss: 0.0014, train/unsup_loss: 0.0715, train/total_loss: 0.0729, train/util_ratio: 0.5000, train/run_time: 0.1479, lr: 0.0002, train/prefecth_time: 0.0041 
[2025-02-21 23:40:43,611 INFO] 169472 iteration USE_EMA: False, train/sup_loss: 0.0012, train/unsup_loss: 0.7644, train/total_loss: 0.7655, train/util_ratio: 0.8750, train/run_time: 0.1482, lr: 0.0002, train/prefecth_time: 0.0041 
[2025-02-21 23:41:28,901 INFO] 169728 iteration USE_EMA: False, train/sup_loss: 0.0008, train/unsup_loss: 0.5890, train/total_loss: 0.5898, train/util_ratio: 0.7500, train/run_time: 0.1479, lr: 0.0002, train/prefecth_time: 0.0044 
[2025-02-21 23:42:14,076 INFO] validating...
/home/zakerian/miniconda3/envs/usb/lib/python3.8/site-packages/sklearn/metrics/_classification.py:1471: UndefinedMetricWarning: Precision is ill-defined and being set to 0.0 in labels with no predicted samples. Use `zero_division` parameter to control this behavior.
  _warn_prf(average, modifier, msg_start, len(result))
[2025-02-21 23:42:19,692 INFO] confusion matrix:
[[0.         0.         0.         ... 0.         0.         0.        ]
 [0.         0.         0.         ... 0.         0.         0.        ]
 [0.         0.         0.33333333 ... 0.         0.         0.        ]
 ...
 [0.         0.         0.         ... 0.42857143 0.         0.        ]
 [0.         0.         0.         ... 0.         0.         0.        ]
 [0.         0.         0.         ... 0.         0.         0.        ]]
[2025-02-21 23:42:21,665 INFO] model saved: ./saved_models/usb_cv/fixmatch_market1501_trainsplit/latest_model.pth
[2025-02-21 23:42:21,667 INFO] 169984 iteration, USE_EMA: False, train/sup_loss: 0.0003, train/unsup_loss: 0.3576, train/total_loss: 0.3579, train/util_ratio: 0.8750, train/run_time: 0.1475, eval/loss: 14.6320, eval/top-1-acc: 0.1831, eval/top-5-acc: 0.3235, eval/balanced_acc: 0.1907, eval/precision: 0.2783, eval/recall: 0.1907, eval/F1: 0.1904, lr: 0.0002, train/prefecth_time: 0.0040 BEST_EVAL_ACC: 0.1963, at 96256 iters
[2025-02-21 23:43:07,511 INFO] 170240 iteration USE_EMA: False, train/sup_loss: 0.0004, train/unsup_loss: 0.0097, train/total_loss: 0.0100, train/util_ratio: 0.2500, train/run_time: 0.1485, lr: 0.0002, train/prefecth_time: 0.0044 
[2025-02-21 23:43:52,798 INFO] 170496 iteration USE_EMA: False, train/sup_loss: 0.0003, train/unsup_loss: 0.7812, train/total_loss: 0.7815, train/util_ratio: 0.6250, train/run_time: 0.1481, lr: 0.0002, train/prefecth_time: 0.0045 
[2025-02-21 23:44:37,946 INFO] 170752 iteration USE_EMA: False, train/sup_loss: 0.0001, train/unsup_loss: 0.3013, train/total_loss: 0.3013, train/util_ratio: 0.8750, train/run_time: 0.1487, lr: 0.0002, train/prefecth_time: 0.0044 
[2025-02-21 23:45:23,278 INFO] 171008 iteration USE_EMA: False, train/sup_loss: 0.0034, train/unsup_loss: 0.2559, train/total_loss: 0.2593, train/util_ratio: 0.5000, train/run_time: 0.1475, lr: 0.0002, train/prefecth_time: 0.0041 
[2025-02-21 23:46:09,100 INFO] 171264 iteration USE_EMA: False, train/sup_loss: 0.0023, train/unsup_loss: 0.1406, train/total_loss: 0.1429, train/util_ratio: 0.7500, train/run_time: 0.1484, lr: 0.0002, train/prefecth_time: 0.0044 
[2025-02-21 23:46:54,241 INFO] 171520 iteration USE_EMA: False, train/sup_loss: 0.0001, train/unsup_loss: 0.0231, train/total_loss: 0.0232, train/util_ratio: 0.8750, train/run_time: 0.1476, lr: 0.0002, train/prefecth_time: 0.0040 
[2025-02-21 23:47:39,582 INFO] 171776 iteration USE_EMA: False, train/sup_loss: 0.0002, train/unsup_loss: 0.1765, train/total_loss: 0.1767, train/util_ratio: 0.3750, train/run_time: 0.1486, lr: 0.0002, train/prefecth_time: 0.0055 
[2025-02-21 23:48:24,851 INFO] validating...
/home/zakerian/miniconda3/envs/usb/lib/python3.8/site-packages/sklearn/metrics/_classification.py:1471: UndefinedMetricWarning: Precision is ill-defined and being set to 0.0 in labels with no predicted samples. Use `zero_division` parameter to control this behavior.
  _warn_prf(average, modifier, msg_start, len(result))
[2025-02-21 23:48:30,492 INFO] confusion matrix:
[[0.         0.         0.         ... 0.         0.         0.        ]
 [0.         0.         0.         ... 0.         0.         0.        ]
 [0.         0.         0.33333333 ... 0.         0.         0.        ]
 ...
 [0.         0.         0.         ... 0.28571429 0.         0.        ]
 [0.         0.         0.         ... 0.         0.         0.        ]
 [0.         0.         0.         ... 0.         0.         0.        ]]
[2025-02-21 23:48:32,434 INFO] model saved: ./saved_models/usb_cv/fixmatch_market1501_trainsplit/latest_model.pth
[2025-02-21 23:48:32,436 INFO] 172032 iteration, USE_EMA: False, train/sup_loss: 0.0450, train/unsup_loss: 0.0099, train/total_loss: 0.0550, train/util_ratio: 0.3750, train/run_time: 0.1472, eval/loss: 15.2803, eval/top-1-acc: 0.1661, eval/top-5-acc: 0.3107, eval/balanced_acc: 0.1742, eval/precision: 0.2634, eval/recall: 0.1742, eval/F1: 0.1792, lr: 0.0002, train/prefecth_time: 0.0040 BEST_EVAL_ACC: 0.1963, at 96256 iters
[2025-02-21 23:49:18,247 INFO] 172288 iteration USE_EMA: False, train/sup_loss: 0.0001, train/unsup_loss: 0.0052, train/total_loss: 0.0053, train/util_ratio: 0.6250, train/run_time: 0.1482, lr: 0.0002, train/prefecth_time: 0.0045 
[2025-02-21 23:50:03,455 INFO] 172544 iteration USE_EMA: False, train/sup_loss: 0.0004, train/unsup_loss: 0.2122, train/total_loss: 0.2126, train/util_ratio: 0.6250, train/run_time: 0.1488, lr: 0.0002, train/prefecth_time: 0.0055 
[2025-02-21 23:50:48,683 INFO] 172800 iteration USE_EMA: False, train/sup_loss: 0.0013, train/unsup_loss: 0.0006, train/total_loss: 0.0019, train/util_ratio: 0.5000, train/run_time: 0.1484, lr: 0.0002, train/prefecth_time: 0.0041 
[2025-02-21 23:51:33,818 INFO] 173056 iteration USE_EMA: False, train/sup_loss: 0.0005, train/unsup_loss: 0.0391, train/total_loss: 0.0396, train/util_ratio: 0.3750, train/run_time: 0.1472, lr: 0.0002, train/prefecth_time: 0.0039 
[2025-02-21 23:52:19,544 INFO] 173312 iteration USE_EMA: False, train/sup_loss: 0.0001, train/unsup_loss: 0.4645, train/total_loss: 0.4646, train/util_ratio: 0.8750, train/run_time: 0.1476, lr: 0.0002, train/prefecth_time: 0.0042 
[2025-02-21 23:53:04,728 INFO] 173568 iteration USE_EMA: False, train/sup_loss: 0.0015, train/unsup_loss: 0.0291, train/total_loss: 0.0306, train/util_ratio: 0.7500, train/run_time: 0.1480, lr: 0.0002, train/prefecth_time: 0.0041 
[2025-02-21 23:53:49,921 INFO] 173824 iteration USE_EMA: False, train/sup_loss: 0.0003, train/unsup_loss: 0.0063, train/total_loss: 0.0065, train/util_ratio: 0.5000, train/run_time: 0.1485, lr: 0.0002, train/prefecth_time: 0.0045 
[2025-02-21 23:54:35,102 INFO] validating...
/home/zakerian/miniconda3/envs/usb/lib/python3.8/site-packages/sklearn/metrics/_classification.py:1471: UndefinedMetricWarning: Precision is ill-defined and being set to 0.0 in labels with no predicted samples. Use `zero_division` parameter to control this behavior.
  _warn_prf(average, modifier, msg_start, len(result))
[2025-02-21 23:54:40,701 INFO] confusion matrix:
[[0.         0.         0.         ... 0.         0.         0.        ]
 [0.         0.         0.         ... 0.         0.         0.        ]
 [0.         0.         0.33333333 ... 0.         0.         0.        ]
 ...
 [0.         0.         0.         ... 0.14285714 0.         0.        ]
 [0.         0.         0.         ... 0.         0.         0.        ]
 [0.         0.         0.         ... 0.         0.         0.        ]]
[2025-02-21 23:54:42,620 INFO] model saved: ./saved_models/usb_cv/fixmatch_market1501_trainsplit/latest_model.pth
[2025-02-21 23:54:42,621 INFO] 174080 iteration, USE_EMA: False, train/sup_loss: 0.0007, train/unsup_loss: 0.3006, train/total_loss: 0.3013, train/util_ratio: 0.5000, train/run_time: 0.1479, eval/loss: 14.9189, eval/top-1-acc: 0.1758, eval/top-5-acc: 0.3131, eval/balanced_acc: 0.1792, eval/precision: 0.2760, eval/recall: 0.1792, eval/F1: 0.1843, lr: 0.0002, train/prefecth_time: 0.0039 BEST_EVAL_ACC: 0.1963, at 96256 iters
[2025-02-21 23:55:28,447 INFO] 174336 iteration USE_EMA: False, train/sup_loss: 0.0012, train/unsup_loss: 0.2234, train/total_loss: 0.2246, train/util_ratio: 0.7500, train/run_time: 0.1479, lr: 0.0002, train/prefecth_time: 0.0041 
[2025-02-21 23:56:13,678 INFO] 174592 iteration USE_EMA: False, train/sup_loss: 0.0001, train/unsup_loss: 0.2354, train/total_loss: 0.2355, train/util_ratio: 0.3750, train/run_time: 0.1480, lr: 0.0002, train/prefecth_time: 0.0039 
[2025-02-21 23:56:58,967 INFO] 174848 iteration USE_EMA: False, train/sup_loss: 0.0000, train/unsup_loss: 0.0452, train/total_loss: 0.0453, train/util_ratio: 0.5000, train/run_time: 0.1483, lr: 0.0002, train/prefecth_time: 0.0040 
[2025-02-21 23:57:44,331 INFO] 175104 iteration USE_EMA: False, train/sup_loss: 0.0040, train/unsup_loss: 0.4273, train/total_loss: 0.4313, train/util_ratio: 1.0000, train/run_time: 0.1477, lr: 0.0002, train/prefecth_time: 0.0044 
[2025-02-21 23:58:30,030 INFO] 175360 iteration USE_EMA: False, train/sup_loss: 0.0131, train/unsup_loss: 0.0565, train/total_loss: 0.0696, train/util_ratio: 0.5000, train/run_time: 0.1491, lr: 0.0002, train/prefecth_time: 0.0052 
[2025-02-21 23:59:15,326 INFO] 175616 iteration USE_EMA: False, train/sup_loss: 0.0012, train/unsup_loss: 0.0891, train/total_loss: 0.0903, train/util_ratio: 0.5000, train/run_time: 0.1490, lr: 0.0002, train/prefecth_time: 0.0053 
[2025-02-22 00:00:00,628 INFO] 175872 iteration USE_EMA: False, train/sup_loss: 0.0001, train/unsup_loss: 0.2819, train/total_loss: 0.2820, train/util_ratio: 0.7500, train/run_time: 0.1494, lr: 0.0002, train/prefecth_time: 0.0046 
[2025-02-22 00:00:45,929 INFO] validating...
/home/zakerian/miniconda3/envs/usb/lib/python3.8/site-packages/sklearn/metrics/_classification.py:1471: UndefinedMetricWarning: Precision is ill-defined and being set to 0.0 in labels with no predicted samples. Use `zero_division` parameter to control this behavior.
  _warn_prf(average, modifier, msg_start, len(result))
[2025-02-22 00:00:51,551 INFO] confusion matrix:
[[0.         0.         0.         ... 0.         0.         0.        ]
 [0.         0.         0.         ... 0.         0.         0.        ]
 [0.         0.         0.33333333 ... 0.         0.         0.        ]
 ...
 [0.         0.         0.         ... 0.28571429 0.         0.        ]
 [0.         0.         0.         ... 0.         0.         0.        ]
 [0.         0.         0.         ... 0.         0.         0.        ]]
[2025-02-22 00:00:53,484 INFO] model saved: ./saved_models/usb_cv/fixmatch_market1501_trainsplit/latest_model.pth
[2025-02-22 00:00:53,486 INFO] 176128 iteration, USE_EMA: False, train/sup_loss: 0.0001, train/unsup_loss: 0.5576, train/total_loss: 0.5577, train/util_ratio: 0.8750, train/run_time: 0.1477, eval/loss: 15.2949, eval/top-1-acc: 0.1786, eval/top-5-acc: 0.3245, eval/balanced_acc: 0.1862, eval/precision: 0.2748, eval/recall: 0.1862, eval/F1: 0.1879, lr: 0.0002, train/prefecth_time: 0.0040 BEST_EVAL_ACC: 0.1963, at 96256 iters
[2025-02-22 00:01:39,275 INFO] 176384 iteration USE_EMA: False, train/sup_loss: 0.0002, train/unsup_loss: 0.0015, train/total_loss: 0.0017, train/util_ratio: 0.7500, train/run_time: 0.1481, lr: 0.0002, train/prefecth_time: 0.0043 
[2025-02-22 00:02:24,499 INFO] 176640 iteration USE_EMA: False, train/sup_loss: 0.0001, train/unsup_loss: 0.0046, train/total_loss: 0.0047, train/util_ratio: 0.5000, train/run_time: 0.1481, lr: 0.0002, train/prefecth_time: 0.0041 
[2025-02-22 00:03:09,664 INFO] 176896 iteration USE_EMA: False, train/sup_loss: 0.0001, train/unsup_loss: 0.0059, train/total_loss: 0.0060, train/util_ratio: 0.2500, train/run_time: 0.1484, lr: 0.0002, train/prefecth_time: 0.0044 
[2025-02-22 00:03:54,840 INFO] 177152 iteration USE_EMA: False, train/sup_loss: 0.0002, train/unsup_loss: 0.2135, train/total_loss: 0.2137, train/util_ratio: 0.3750, train/run_time: 0.1477, lr: 0.0002, train/prefecth_time: 0.0041 
[2025-02-22 00:04:40,496 INFO] 177408 iteration USE_EMA: False, train/sup_loss: 0.0005, train/unsup_loss: 0.3324, train/total_loss: 0.3329, train/util_ratio: 0.8750, train/run_time: 0.1482, lr: 0.0002, train/prefecth_time: 0.0044 
[2025-02-22 00:05:25,684 INFO] 177664 iteration USE_EMA: False, train/sup_loss: 0.0007, train/unsup_loss: 0.2794, train/total_loss: 0.2801, train/util_ratio: 0.6250, train/run_time: 0.1481, lr: 0.0002, train/prefecth_time: 0.0044 
[2025-02-22 00:06:10,899 INFO] 177920 iteration USE_EMA: False, train/sup_loss: 0.0006, train/unsup_loss: 0.4364, train/total_loss: 0.4370, train/util_ratio: 0.7500, train/run_time: 0.1477, lr: 0.0002, train/prefecth_time: 0.0041 
[2025-02-22 00:06:56,144 INFO] validating...
/home/zakerian/miniconda3/envs/usb/lib/python3.8/site-packages/sklearn/metrics/_classification.py:1471: UndefinedMetricWarning: Precision is ill-defined and being set to 0.0 in labels with no predicted samples. Use `zero_division` parameter to control this behavior.
  _warn_prf(average, modifier, msg_start, len(result))
[2025-02-22 00:07:01,746 INFO] confusion matrix:
[[0.         0.         0.         ... 0.         0.         0.        ]
 [0.         0.         0.         ... 0.         0.         0.        ]
 [0.         0.         0.33333333 ... 0.         0.         0.        ]
 ...
 [0.         0.         0.         ... 0.14285714 0.         0.        ]
 [0.         0.         0.25       ... 0.         0.         0.        ]
 [0.         0.         0.         ... 0.         0.         0.        ]]
[2025-02-22 00:07:03,679 INFO] model saved: ./saved_models/usb_cv/fixmatch_market1501_trainsplit/latest_model.pth
[2025-02-22 00:07:03,682 INFO] 178176 iteration, USE_EMA: False, train/sup_loss: 0.0001, train/unsup_loss: 0.6016, train/total_loss: 0.6016, train/util_ratio: 0.6250, train/run_time: 0.1481, eval/loss: 15.4050, eval/top-1-acc: 0.1685, eval/top-5-acc: 0.3138, eval/balanced_acc: 0.1754, eval/precision: 0.2777, eval/recall: 0.1754, eval/F1: 0.1849, lr: 0.0002, train/prefecth_time: 0.0041 BEST_EVAL_ACC: 0.1963, at 96256 iters
[2025-02-22 00:07:49,457 INFO] 178432 iteration USE_EMA: False, train/sup_loss: 0.0000, train/unsup_loss: 0.3314, train/total_loss: 0.3314, train/util_ratio: 0.8750, train/run_time: 0.1486, lr: 0.0002, train/prefecth_time: 0.0044 
[2025-02-22 00:08:34,645 INFO] 178688 iteration USE_EMA: False, train/sup_loss: 0.0000, train/unsup_loss: 0.1150, train/total_loss: 0.1150, train/util_ratio: 0.6250, train/run_time: 0.1478, lr: 0.0002, train/prefecth_time: 0.0043 
[2025-02-22 00:09:19,852 INFO] 178944 iteration USE_EMA: False, train/sup_loss: 0.0001, train/unsup_loss: 0.0008, train/total_loss: 0.0010, train/util_ratio: 0.3750, train/run_time: 0.1483, lr: 0.0002, train/prefecth_time: 0.0043 
[2025-02-22 00:10:05,136 INFO] 179200 iteration USE_EMA: False, train/sup_loss: 0.0001, train/unsup_loss: 0.1288, train/total_loss: 0.1290, train/util_ratio: 0.8750, train/run_time: 0.1483, lr: 0.0002, train/prefecth_time: 0.0039 
[2025-02-22 00:10:50,857 INFO] 179456 iteration USE_EMA: False, train/sup_loss: 0.0000, train/unsup_loss: 1.3139, train/total_loss: 1.3139, train/util_ratio: 0.8750, train/run_time: 0.1489, lr: 0.0002, train/prefecth_time: 0.0039 
[2025-02-22 00:11:36,091 INFO] 179712 iteration USE_EMA: False, train/sup_loss: 0.0001, train/unsup_loss: 0.0731, train/total_loss: 0.0731, train/util_ratio: 0.6250, train/run_time: 0.1478, lr: 0.0002, train/prefecth_time: 0.0046 
[2025-02-22 00:12:21,281 INFO] 179968 iteration USE_EMA: False, train/sup_loss: 0.0013, train/unsup_loss: 0.3506, train/total_loss: 0.3519, train/util_ratio: 0.7500, train/run_time: 0.1491, lr: 0.0002, train/prefecth_time: 0.0045 
[2025-02-22 00:13:06,578 INFO] validating...
/home/zakerian/miniconda3/envs/usb/lib/python3.8/site-packages/sklearn/metrics/_classification.py:1471: UndefinedMetricWarning: Precision is ill-defined and being set to 0.0 in labels with no predicted samples. Use `zero_division` parameter to control this behavior.
  _warn_prf(average, modifier, msg_start, len(result))
[2025-02-22 00:13:12,204 INFO] confusion matrix:
[[0.         0.         0.         ... 0.         0.         0.        ]
 [0.         0.         0.         ... 0.         0.         0.        ]
 [0.         0.         0.33333333 ... 0.         0.         0.        ]
 ...
 [0.         0.         0.         ... 0.28571429 0.         0.        ]
 [0.         0.         0.         ... 0.         0.         0.        ]
 [0.         0.         0.         ... 0.         0.         0.        ]]
[2025-02-22 00:13:14,136 INFO] model saved: ./saved_models/usb_cv/fixmatch_market1501_trainsplit/latest_model.pth
[2025-02-22 00:13:14,138 INFO] 180224 iteration, USE_EMA: False, train/sup_loss: 0.0002, train/unsup_loss: 0.0087, train/total_loss: 0.0089, train/util_ratio: 0.6250, train/run_time: 0.1469, eval/loss: 15.5116, eval/top-1-acc: 0.1678, eval/top-5-acc: 0.3089, eval/balanced_acc: 0.1758, eval/precision: 0.2762, eval/recall: 0.1758, eval/F1: 0.1833, lr: 0.0002, train/prefecth_time: 0.0039 BEST_EVAL_ACC: 0.1963, at 96256 iters
[2025-02-22 00:13:59,850 INFO] 180480 iteration USE_EMA: False, train/sup_loss: 0.0011, train/unsup_loss: 0.0661, train/total_loss: 0.0672, train/util_ratio: 0.6250, train/run_time: 0.1481, lr: 0.0002, train/prefecth_time: 0.0044 
[2025-02-22 00:14:45,087 INFO] 180736 iteration USE_EMA: False, train/sup_loss: 0.0001, train/unsup_loss: 0.0121, train/total_loss: 0.0122, train/util_ratio: 0.6250, train/run_time: 0.1484, lr: 0.0002, train/prefecth_time: 0.0045 
[2025-02-22 00:15:30,323 INFO] 180992 iteration USE_EMA: False, train/sup_loss: 0.0001, train/unsup_loss: 0.0069, train/total_loss: 0.0070, train/util_ratio: 0.7500, train/run_time: 0.1486, lr: 0.0002, train/prefecth_time: 0.0043 
[2025-02-22 00:16:15,493 INFO] 181248 iteration USE_EMA: False, train/sup_loss: 0.0025, train/unsup_loss: 0.0459, train/total_loss: 0.0484, train/util_ratio: 0.8750, train/run_time: 0.1474, lr: 0.0002, train/prefecth_time: 0.0040 
[2025-02-22 00:17:01,163 INFO] 181504 iteration USE_EMA: False, train/sup_loss: 0.0000, train/unsup_loss: 0.4336, train/total_loss: 0.4337, train/util_ratio: 0.6250, train/run_time: 0.1483, lr: 0.0002, train/prefecth_time: 0.0042 
[2025-02-22 00:17:46,321 INFO] 181760 iteration USE_EMA: False, train/sup_loss: 0.0002, train/unsup_loss: 0.2548, train/total_loss: 0.2551, train/util_ratio: 0.8750, train/run_time: 0.1488, lr: 0.0002, train/prefecth_time: 0.0039 
[2025-02-22 00:18:31,545 INFO] 182016 iteration USE_EMA: False, train/sup_loss: 0.0002, train/unsup_loss: 0.3232, train/total_loss: 0.3234, train/util_ratio: 0.8750, train/run_time: 0.1489, lr: 0.0002, train/prefecth_time: 0.0046 
[2025-02-22 00:19:16,746 INFO] validating...
/home/zakerian/miniconda3/envs/usb/lib/python3.8/site-packages/sklearn/metrics/_classification.py:1471: UndefinedMetricWarning: Precision is ill-defined and being set to 0.0 in labels with no predicted samples. Use `zero_division` parameter to control this behavior.
  _warn_prf(average, modifier, msg_start, len(result))
[2025-02-22 00:19:22,327 INFO] confusion matrix:
[[0.         0.         0.1        ... 0.         0.         0.        ]
 [0.         0.         0.         ... 0.         0.         0.        ]
 [0.         0.         0.66666667 ... 0.         0.         0.        ]
 ...
 [0.         0.         0.         ... 0.28571429 0.         0.        ]
 [0.         0.         0.         ... 0.         0.         0.        ]
 [0.         0.         0.         ... 0.         0.         0.        ]]
[2025-02-22 00:19:24,265 INFO] model saved: ./saved_models/usb_cv/fixmatch_market1501_trainsplit/latest_model.pth
[2025-02-22 00:19:24,267 INFO] 182272 iteration, USE_EMA: False, train/sup_loss: 0.0002, train/unsup_loss: 0.3368, train/total_loss: 0.3369, train/util_ratio: 0.6250, train/run_time: 0.1477, eval/loss: 16.3225, eval/top-1-acc: 0.1633, eval/top-5-acc: 0.3048, eval/balanced_acc: 0.1673, eval/precision: 0.2676, eval/recall: 0.1673, eval/F1: 0.1747, lr: 0.0002, train/prefecth_time: 0.0041 BEST_EVAL_ACC: 0.1963, at 96256 iters
[2025-02-22 00:20:10,154 INFO] 182528 iteration USE_EMA: False, train/sup_loss: 0.0007, train/unsup_loss: 0.0525, train/total_loss: 0.0532, train/util_ratio: 0.6250, train/run_time: 0.1485, lr: 0.0002, train/prefecth_time: 0.0053 
[2025-02-22 00:20:55,414 INFO] 182784 iteration USE_EMA: False, train/sup_loss: 0.0000, train/unsup_loss: 0.2422, train/total_loss: 0.2422, train/util_ratio: 0.6250, train/run_time: 0.1488, lr: 0.0002, train/prefecth_time: 0.0042 
[2025-02-22 00:21:40,725 INFO] 183040 iteration USE_EMA: False, train/sup_loss: 0.0013, train/unsup_loss: 0.0114, train/total_loss: 0.0127, train/util_ratio: 0.3750, train/run_time: 0.1480, lr: 0.0002, train/prefecth_time: 0.0040 
[2025-02-22 00:22:26,048 INFO] 183296 iteration USE_EMA: False, train/sup_loss: 0.0037, train/unsup_loss: 0.0969, train/total_loss: 0.1006, train/util_ratio: 0.6250, train/run_time: 0.1475, lr: 0.0002, train/prefecth_time: 0.0036 
[2025-02-22 00:23:11,919 INFO] 183552 iteration USE_EMA: False, train/sup_loss: 0.0005, train/unsup_loss: 0.0075, train/total_loss: 0.0081, train/util_ratio: 0.8750, train/run_time: 0.1483, lr: 0.0002, train/prefecth_time: 0.0044 
[2025-02-22 00:23:57,223 INFO] 183808 iteration USE_EMA: False, train/sup_loss: 0.0001, train/unsup_loss: 0.5217, train/total_loss: 0.5219, train/util_ratio: 0.6250, train/run_time: 0.1484, lr: 0.0002, train/prefecth_time: 0.0059 
[2025-02-22 00:24:42,409 INFO] 184064 iteration USE_EMA: False, train/sup_loss: 0.0009, train/unsup_loss: 0.0828, train/total_loss: 0.0837, train/util_ratio: 0.6250, train/run_time: 0.1480, lr: 0.0002, train/prefecth_time: 0.0044 
[2025-02-22 00:25:27,619 INFO] validating...
/home/zakerian/miniconda3/envs/usb/lib/python3.8/site-packages/sklearn/metrics/_classification.py:1471: UndefinedMetricWarning: Precision is ill-defined and being set to 0.0 in labels with no predicted samples. Use `zero_division` parameter to control this behavior.
  _warn_prf(average, modifier, msg_start, len(result))
[2025-02-22 00:25:33,209 INFO] confusion matrix:
[[0.         0.         0.         ... 0.         0.         0.        ]
 [0.         0.         0.         ... 0.         0.         0.        ]
 [0.         0.         0.33333333 ... 0.         0.         0.        ]
 ...
 [0.         0.         0.         ... 0.42857143 0.         0.        ]
 [0.         0.         0.         ... 0.         0.         0.        ]
 [0.         0.         0.         ... 0.         0.         0.        ]]
[2025-02-22 00:25:35,150 INFO] model saved: ./saved_models/usb_cv/fixmatch_market1501_trainsplit/latest_model.pth
[2025-02-22 00:25:35,152 INFO] 184320 iteration, USE_EMA: False, train/sup_loss: 0.0008, train/unsup_loss: 0.0015, train/total_loss: 0.0023, train/util_ratio: 0.3750, train/run_time: 0.1472, eval/loss: 16.4160, eval/top-1-acc: 0.1682, eval/top-5-acc: 0.3117, eval/balanced_acc: 0.1750, eval/precision: 0.2797, eval/recall: 0.1750, eval/F1: 0.1834, lr: 0.0002, train/prefecth_time: 0.0039 BEST_EVAL_ACC: 0.1963, at 96256 iters
[2025-02-22 00:26:20,911 INFO] 184576 iteration USE_EMA: False, train/sup_loss: 0.0000, train/unsup_loss: 0.0720, train/total_loss: 0.0721, train/util_ratio: 0.7500, train/run_time: 0.1482, lr: 0.0002, train/prefecth_time: 0.0045 
[2025-02-22 00:27:06,163 INFO] 184832 iteration USE_EMA: False, train/sup_loss: 0.0003, train/unsup_loss: 0.9416, train/total_loss: 0.9419, train/util_ratio: 0.6250, train/run_time: 0.1490, lr: 0.0002, train/prefecth_time: 0.0056 
[2025-02-22 00:27:51,435 INFO] 185088 iteration USE_EMA: False, train/sup_loss: 0.0001, train/unsup_loss: 0.0102, train/total_loss: 0.0102, train/util_ratio: 0.3750, train/run_time: 0.1481, lr: 0.0002, train/prefecth_time: 0.0046 
[2025-02-22 00:28:36,690 INFO] 185344 iteration USE_EMA: False, train/sup_loss: 0.0004, train/unsup_loss: 0.0010, train/total_loss: 0.0014, train/util_ratio: 0.2500, train/run_time: 0.1475, lr: 0.0002, train/prefecth_time: 0.0038 
[2025-02-22 00:29:22,464 INFO] 185600 iteration USE_EMA: False, train/sup_loss: 0.0015, train/unsup_loss: 0.0640, train/total_loss: 0.0655, train/util_ratio: 0.6250, train/run_time: 0.1486, lr: 0.0002, train/prefecth_time: 0.0040 
[2025-02-22 00:30:07,843 INFO] 185856 iteration USE_EMA: False, train/sup_loss: 0.0003, train/unsup_loss: 0.4777, train/total_loss: 0.4781, train/util_ratio: 0.7500, train/run_time: 0.1489, lr: 0.0002, train/prefecth_time: 0.0042 
[2025-02-22 00:30:53,111 INFO] 186112 iteration USE_EMA: False, train/sup_loss: 0.0000, train/unsup_loss: 0.2496, train/total_loss: 0.2496, train/util_ratio: 0.6250, train/run_time: 0.1483, lr: 0.0002, train/prefecth_time: 0.0045 
[2025-02-22 00:31:38,338 INFO] validating...
/home/zakerian/miniconda3/envs/usb/lib/python3.8/site-packages/sklearn/metrics/_classification.py:1471: UndefinedMetricWarning: Precision is ill-defined and being set to 0.0 in labels with no predicted samples. Use `zero_division` parameter to control this behavior.
  _warn_prf(average, modifier, msg_start, len(result))
[2025-02-22 00:31:43,973 INFO] confusion matrix:
[[0.         0.         0.         ... 0.         0.         0.        ]
 [0.         0.         0.         ... 0.         0.         0.        ]
 [0.         0.         0.33333333 ... 0.         0.         0.        ]
 ...
 [0.         0.         0.         ... 0.57142857 0.         0.        ]
 [0.         0.         0.25       ... 0.         0.         0.        ]
 [0.         0.         0.         ... 0.         0.         0.        ]]
[2025-02-22 00:31:45,900 INFO] model saved: ./saved_models/usb_cv/fixmatch_market1501_trainsplit/latest_model.pth
[2025-02-22 00:31:45,901 INFO] 186368 iteration, USE_EMA: False, train/sup_loss: 0.0006, train/unsup_loss: 0.0232, train/total_loss: 0.0238, train/util_ratio: 0.6250, train/run_time: 0.1472, eval/loss: 15.5614, eval/top-1-acc: 0.1779, eval/top-5-acc: 0.3107, eval/balanced_acc: 0.1851, eval/precision: 0.2776, eval/recall: 0.1851, eval/F1: 0.1889, lr: 0.0002, train/prefecth_time: 0.0039 BEST_EVAL_ACC: 0.1963, at 96256 iters
[2025-02-22 00:32:31,703 INFO] 186624 iteration USE_EMA: False, train/sup_loss: 0.0000, train/unsup_loss: 0.0224, train/total_loss: 0.0224, train/util_ratio: 0.6250, train/run_time: 0.1493, lr: 0.0002, train/prefecth_time: 0.0056 
[2025-02-22 00:33:16,934 INFO] 186880 iteration USE_EMA: False, train/sup_loss: 0.0125, train/unsup_loss: 0.2750, train/total_loss: 0.2874, train/util_ratio: 0.8750, train/run_time: 0.1489, lr: 0.0002, train/prefecth_time: 0.0043 
[2025-02-22 00:34:02,215 INFO] 187136 iteration USE_EMA: False, train/sup_loss: 0.0000, train/unsup_loss: 0.3419, train/total_loss: 0.3419, train/util_ratio: 0.6250, train/run_time: 0.1479, lr: 0.0002, train/prefecth_time: 0.0043 
[2025-02-22 00:34:47,464 INFO] 187392 iteration USE_EMA: False, train/sup_loss: 0.0006, train/unsup_loss: 0.2533, train/total_loss: 0.2539, train/util_ratio: 0.8750, train/run_time: 0.1466, lr: 0.0002, train/prefecth_time: 0.0051 
[2025-02-22 00:35:33,328 INFO] 187648 iteration USE_EMA: False, train/sup_loss: 0.0002, train/unsup_loss: 0.3007, train/total_loss: 0.3008, train/util_ratio: 0.7500, train/run_time: 0.1483, lr: 0.0002, train/prefecth_time: 0.0042 
[2025-02-22 00:36:18,483 INFO] 187904 iteration USE_EMA: False, train/sup_loss: 0.0000, train/unsup_loss: 1.2095, train/total_loss: 1.2096, train/util_ratio: 0.8750, train/run_time: 0.1495, lr: 0.0002, train/prefecth_time: 0.0045 
[2025-02-22 00:37:03,681 INFO] 188160 iteration USE_EMA: False, train/sup_loss: 0.0001, train/unsup_loss: 0.2420, train/total_loss: 0.2421, train/util_ratio: 0.6250, train/run_time: 0.1486, lr: 0.0002, train/prefecth_time: 0.0043 
[2025-02-22 00:37:48,918 INFO] validating...
/home/zakerian/miniconda3/envs/usb/lib/python3.8/site-packages/sklearn/metrics/_classification.py:1471: UndefinedMetricWarning: Precision is ill-defined and being set to 0.0 in labels with no predicted samples. Use `zero_division` parameter to control this behavior.
  _warn_prf(average, modifier, msg_start, len(result))
[2025-02-22 00:37:54,521 INFO] confusion matrix:
[[0.         0.         0.1        ... 0.         0.         0.        ]
 [0.         0.         0.         ... 0.         0.         0.        ]
 [0.         0.         0.33333333 ... 0.         0.         0.        ]
 ...
 [0.         0.         0.         ... 0.42857143 0.         0.        ]
 [0.         0.         0.         ... 0.         0.         0.        ]
 [0.         0.         0.         ... 0.         0.         0.        ]]
[2025-02-22 00:37:56,461 INFO] model saved: ./saved_models/usb_cv/fixmatch_market1501_trainsplit/latest_model.pth
[2025-02-22 00:37:56,463 INFO] 188416 iteration, USE_EMA: False, train/sup_loss: 0.0000, train/unsup_loss: 0.1470, train/total_loss: 0.1470, train/util_ratio: 1.0000, train/run_time: 0.1478, eval/loss: 15.9274, eval/top-1-acc: 0.1716, eval/top-5-acc: 0.3089, eval/balanced_acc: 0.1767, eval/precision: 0.2766, eval/recall: 0.1767, eval/F1: 0.1846, lr: 0.0002, train/prefecth_time: 0.0043 BEST_EVAL_ACC: 0.1963, at 96256 iters
[2025-02-22 00:38:42,257 INFO] 188672 iteration USE_EMA: False, train/sup_loss: 0.0018, train/unsup_loss: 0.0125, train/total_loss: 0.0143, train/util_ratio: 0.6250, train/run_time: 0.1480, lr: 0.0002, train/prefecth_time: 0.0042 
[2025-02-22 00:39:27,429 INFO] 188928 iteration USE_EMA: False, train/sup_loss: 0.0019, train/unsup_loss: 0.1224, train/total_loss: 0.1244, train/util_ratio: 0.8750, train/run_time: 0.1483, lr: 0.0002, train/prefecth_time: 0.0041 
[2025-02-22 00:40:12,630 INFO] 189184 iteration USE_EMA: False, train/sup_loss: 0.0002, train/unsup_loss: 0.0395, train/total_loss: 0.0396, train/util_ratio: 0.6250, train/run_time: 0.1488, lr: 0.0001, train/prefecth_time: 0.0042 
[2025-02-22 00:40:57,800 INFO] 189440 iteration USE_EMA: False, train/sup_loss: 0.0014, train/unsup_loss: 0.1663, train/total_loss: 0.1677, train/util_ratio: 0.5000, train/run_time: 0.1469, lr: 0.0001, train/prefecth_time: 0.0039 
[2025-02-22 00:41:43,583 INFO] 189696 iteration USE_EMA: False, train/sup_loss: 0.0034, train/unsup_loss: 0.1964, train/total_loss: 0.1998, train/util_ratio: 0.7500, train/run_time: 0.1485, lr: 0.0001, train/prefecth_time: 0.0040 
[2025-02-22 00:42:28,852 INFO] 189952 iteration USE_EMA: False, train/sup_loss: 0.0004, train/unsup_loss: 0.0260, train/total_loss: 0.0264, train/util_ratio: 0.6250, train/run_time: 0.1481, lr: 0.0001, train/prefecth_time: 0.0042 
[2025-02-22 00:43:14,029 INFO] 190208 iteration USE_EMA: False, train/sup_loss: 0.0004, train/unsup_loss: 0.0340, train/total_loss: 0.0344, train/util_ratio: 0.5000, train/run_time: 0.1491, lr: 0.0001, train/prefecth_time: 0.0042 
[2025-02-22 00:43:59,198 INFO] validating...
/home/zakerian/miniconda3/envs/usb/lib/python3.8/site-packages/sklearn/metrics/_classification.py:1471: UndefinedMetricWarning: Precision is ill-defined and being set to 0.0 in labels with no predicted samples. Use `zero_division` parameter to control this behavior.
  _warn_prf(average, modifier, msg_start, len(result))
[2025-02-22 00:44:04,830 INFO] confusion matrix:
[[0.1        0.         0.         ... 0.         0.         0.        ]
 [0.         0.         0.         ... 0.         0.         0.        ]
 [0.         0.         0.33333333 ... 0.         0.         0.        ]
 ...
 [0.         0.         0.         ... 0.28571429 0.         0.        ]
 [0.         0.         0.         ... 0.         0.         0.        ]
 [0.         0.         0.         ... 0.         0.         0.        ]]
[2025-02-22 00:44:06,922 INFO] model saved: ./saved_models/usb_cv/fixmatch_market1501_trainsplit/latest_model.pth
[2025-02-22 00:44:06,925 INFO] 190464 iteration, USE_EMA: False, train/sup_loss: 0.0009, train/unsup_loss: 0.1127, train/total_loss: 0.1136, train/util_ratio: 0.6250, train/run_time: 0.1476, eval/loss: 15.8131, eval/top-1-acc: 0.1744, eval/top-5-acc: 0.3114, eval/balanced_acc: 0.1776, eval/precision: 0.2723, eval/recall: 0.1776, eval/F1: 0.1849, lr: 0.0001, train/prefecth_time: 0.0040 BEST_EVAL_ACC: 0.1963, at 96256 iters
[2025-02-22 00:44:52,687 INFO] 190720 iteration USE_EMA: False, train/sup_loss: 0.0000, train/unsup_loss: 0.8062, train/total_loss: 0.8062, train/util_ratio: 0.6250, train/run_time: 0.1489, lr: 0.0001, train/prefecth_time: 0.0043 
[2025-02-22 00:45:37,910 INFO] 190976 iteration USE_EMA: False, train/sup_loss: 0.0008, train/unsup_loss: 0.0695, train/total_loss: 0.0703, train/util_ratio: 0.7500, train/run_time: 0.1482, lr: 0.0001, train/prefecth_time: 0.0040 
[2025-02-22 00:46:23,297 INFO] 191232 iteration USE_EMA: False, train/sup_loss: 0.0000, train/unsup_loss: 0.3420, train/total_loss: 0.3420, train/util_ratio: 0.3750, train/run_time: 0.1486, lr: 0.0001, train/prefecth_time: 0.0042 
[2025-02-22 00:47:08,591 INFO] 191488 iteration USE_EMA: False, train/sup_loss: 0.0015, train/unsup_loss: 0.0361, train/total_loss: 0.0376, train/util_ratio: 0.8750, train/run_time: 0.1472, lr: 0.0001, train/prefecth_time: 0.0038 
[2025-02-22 00:47:54,210 INFO] 191744 iteration USE_EMA: False, train/sup_loss: 0.0000, train/unsup_loss: 0.0013, train/total_loss: 0.0013, train/util_ratio: 0.6250, train/run_time: 0.1481, lr: 0.0001, train/prefecth_time: 0.0041 
[2025-02-22 00:48:39,514 INFO] 192000 iteration USE_EMA: False, train/sup_loss: 0.0002, train/unsup_loss: 0.0060, train/total_loss: 0.0062, train/util_ratio: 0.6250, train/run_time: 0.1477, lr: 0.0001, train/prefecth_time: 0.0043 
[2025-02-22 00:49:24,756 INFO] 192256 iteration USE_EMA: False, train/sup_loss: 0.0000, train/unsup_loss: 0.0015, train/total_loss: 0.0016, train/util_ratio: 0.5000, train/run_time: 0.1480, lr: 0.0001, train/prefecth_time: 0.0040 
[2025-02-22 00:50:09,901 INFO] validating...
/home/zakerian/miniconda3/envs/usb/lib/python3.8/site-packages/sklearn/metrics/_classification.py:1471: UndefinedMetricWarning: Precision is ill-defined and being set to 0.0 in labels with no predicted samples. Use `zero_division` parameter to control this behavior.
  _warn_prf(average, modifier, msg_start, len(result))
[2025-02-22 00:50:15,530 INFO] confusion matrix:
[[0.         0.         0.         ... 0.         0.         0.        ]
 [0.         0.         0.         ... 0.         0.         0.        ]
 [0.         0.         0.33333333 ... 0.         0.         0.        ]
 ...
 [0.         0.         0.         ... 0.28571429 0.         0.        ]
 [0.         0.         0.         ... 0.         0.         0.        ]
 [0.         0.         0.         ... 0.         0.         0.        ]]
[2025-02-22 00:50:17,454 INFO] model saved: ./saved_models/usb_cv/fixmatch_market1501_trainsplit/latest_model.pth
[2025-02-22 00:50:17,456 INFO] 192512 iteration, USE_EMA: False, train/sup_loss: 0.0000, train/unsup_loss: 0.0175, train/total_loss: 0.0175, train/util_ratio: 0.8750, train/run_time: 0.1472, eval/loss: 16.0455, eval/top-1-acc: 0.1713, eval/top-5-acc: 0.3089, eval/balanced_acc: 0.1777, eval/precision: 0.2658, eval/recall: 0.1777, eval/F1: 0.1829, lr: 0.0001, train/prefecth_time: 0.0040 BEST_EVAL_ACC: 0.1963, at 96256 iters
[2025-02-22 00:51:03,357 INFO] 192768 iteration USE_EMA: False, train/sup_loss: 0.0003, train/unsup_loss: 0.4368, train/total_loss: 0.4371, train/util_ratio: 0.8750, train/run_time: 0.1483, lr: 0.0001, train/prefecth_time: 0.0047 
[2025-02-22 00:51:48,542 INFO] 193024 iteration USE_EMA: False, train/sup_loss: 0.0008, train/unsup_loss: 0.0507, train/total_loss: 0.0515, train/util_ratio: 0.7500, train/run_time: 0.1486, lr: 0.0001, train/prefecth_time: 0.0044 
[2025-02-22 00:52:33,715 INFO] 193280 iteration USE_EMA: False, train/sup_loss: 0.0003, train/unsup_loss: 0.1869, train/total_loss: 0.1871, train/util_ratio: 0.6250, train/run_time: 0.1477, lr: 0.0001, train/prefecth_time: 0.0046 
[2025-02-22 00:53:18,894 INFO] 193536 iteration USE_EMA: False, train/sup_loss: 0.0001, train/unsup_loss: 0.0160, train/total_loss: 0.0161, train/util_ratio: 1.0000, train/run_time: 0.1470, lr: 0.0001, train/prefecth_time: 0.0039 
[2025-02-22 00:54:04,627 INFO] 193792 iteration USE_EMA: False, train/sup_loss: 0.0004, train/unsup_loss: 0.0067, train/total_loss: 0.0071, train/util_ratio: 0.5000, train/run_time: 0.1483, lr: 0.0001, train/prefecth_time: 0.0048 
[2025-02-22 00:54:49,894 INFO] 194048 iteration USE_EMA: False, train/sup_loss: 0.0006, train/unsup_loss: 0.0278, train/total_loss: 0.0284, train/util_ratio: 0.6250, train/run_time: 0.1475, lr: 0.0001, train/prefecth_time: 0.0040 
[2025-02-22 00:55:35,204 INFO] 194304 iteration USE_EMA: False, train/sup_loss: 0.0002, train/unsup_loss: 0.0398, train/total_loss: 0.0400, train/util_ratio: 0.6250, train/run_time: 0.1489, lr: 0.0001, train/prefecth_time: 0.0042 
[2025-02-22 00:56:20,531 INFO] validating...
/home/zakerian/miniconda3/envs/usb/lib/python3.8/site-packages/sklearn/metrics/_classification.py:1471: UndefinedMetricWarning: Precision is ill-defined and being set to 0.0 in labels with no predicted samples. Use `zero_division` parameter to control this behavior.
  _warn_prf(average, modifier, msg_start, len(result))
[2025-02-22 00:56:26,121 INFO] confusion matrix:
[[0.         0.         0.         ... 0.         0.         0.        ]
 [0.         0.         0.         ... 0.         0.         0.        ]
 [0.         0.         0.33333333 ... 0.         0.         0.        ]
 ...
 [0.         0.         0.         ... 0.28571429 0.         0.        ]
 [0.         0.         0.         ... 0.         0.         0.        ]
 [0.         0.         0.         ... 0.         0.         0.        ]]
[2025-02-22 00:56:28,042 INFO] model saved: ./saved_models/usb_cv/fixmatch_market1501_trainsplit/latest_model.pth
[2025-02-22 00:56:28,045 INFO] 194560 iteration, USE_EMA: False, train/sup_loss: 0.0001, train/unsup_loss: 0.3449, train/total_loss: 0.3450, train/util_ratio: 0.7500, train/run_time: 0.1480, eval/loss: 16.7044, eval/top-1-acc: 0.1661, eval/top-5-acc: 0.3148, eval/balanced_acc: 0.1714, eval/precision: 0.2549, eval/recall: 0.1714, eval/F1: 0.1754, lr: 0.0001, train/prefecth_time: 0.0041 BEST_EVAL_ACC: 0.1963, at 96256 iters
[2025-02-22 00:57:13,809 INFO] 194816 iteration USE_EMA: False, train/sup_loss: 0.0000, train/unsup_loss: 0.2122, train/total_loss: 0.2122, train/util_ratio: 0.8750, train/run_time: 0.1487, lr: 0.0001, train/prefecth_time: 0.0043 
[2025-02-22 00:57:59,092 INFO] 195072 iteration USE_EMA: False, train/sup_loss: 0.0000, train/unsup_loss: 0.3281, train/total_loss: 0.3282, train/util_ratio: 0.6250, train/run_time: 0.1481, lr: 0.0001, train/prefecth_time: 0.0043 
[2025-02-22 00:58:44,454 INFO] 195328 iteration USE_EMA: False, train/sup_loss: 0.0001, train/unsup_loss: 0.3296, train/total_loss: 0.3297, train/util_ratio: 0.7500, train/run_time: 0.1484, lr: 0.0001, train/prefecth_time: 0.0046 
[2025-02-22 00:59:29,634 INFO] 195584 iteration USE_EMA: False, train/sup_loss: 0.0001, train/unsup_loss: 0.7502, train/total_loss: 0.7503, train/util_ratio: 0.6250, train/run_time: 0.1477, lr: 0.0001, train/prefecth_time: 0.0039 
[2025-02-22 01:00:15,387 INFO] 195840 iteration USE_EMA: False, train/sup_loss: 0.0001, train/unsup_loss: 0.0280, train/total_loss: 0.0281, train/util_ratio: 0.6250, train/run_time: 0.1479, lr: 0.0001, train/prefecth_time: 0.0052 
[2025-02-22 01:01:00,618 INFO] 196096 iteration USE_EMA: False, train/sup_loss: 0.0018, train/unsup_loss: 0.0001, train/total_loss: 0.0019, train/util_ratio: 0.2500, train/run_time: 0.1478, lr: 0.0001, train/prefecth_time: 0.0044 
[2025-02-22 01:01:45,926 INFO] 196352 iteration USE_EMA: False, train/sup_loss: 0.0001, train/unsup_loss: 0.1907, train/total_loss: 0.1908, train/util_ratio: 0.7500, train/run_time: 0.1489, lr: 0.0001, train/prefecth_time: 0.0044 
[2025-02-22 01:02:31,272 INFO] validating...
/home/zakerian/miniconda3/envs/usb/lib/python3.8/site-packages/sklearn/metrics/_classification.py:1471: UndefinedMetricWarning: Precision is ill-defined and being set to 0.0 in labels with no predicted samples. Use `zero_division` parameter to control this behavior.
  _warn_prf(average, modifier, msg_start, len(result))
[2025-02-22 01:02:36,865 INFO] confusion matrix:
[[0.1        0.         0.         ... 0.         0.         0.        ]
 [0.         0.         0.         ... 0.         0.         0.        ]
 [0.         0.         0.33333333 ... 0.         0.         0.        ]
 ...
 [0.         0.         0.         ... 0.14285714 0.         0.        ]
 [0.         0.         0.         ... 0.         0.         0.        ]
 [0.         0.         0.         ... 0.         0.         0.        ]]
[2025-02-22 01:02:38,800 INFO] model saved: ./saved_models/usb_cv/fixmatch_market1501_trainsplit/latest_model.pth
[2025-02-22 01:02:38,803 INFO] 196608 iteration, USE_EMA: False, train/sup_loss: 0.0032, train/unsup_loss: 0.1378, train/total_loss: 0.1410, train/util_ratio: 0.6250, train/run_time: 0.1471, eval/loss: 16.1589, eval/top-1-acc: 0.1650, eval/top-5-acc: 0.3145, eval/balanced_acc: 0.1719, eval/precision: 0.2669, eval/recall: 0.1719, eval/F1: 0.1785, lr: 0.0001, train/prefecth_time: 0.0039 BEST_EVAL_ACC: 0.1963, at 96256 iters
[2025-02-22 01:03:24,532 INFO] 196864 iteration USE_EMA: False, train/sup_loss: 0.0005, train/unsup_loss: 0.0269, train/total_loss: 0.0273, train/util_ratio: 0.8750, train/run_time: 0.1482, lr: 0.0001, train/prefecth_time: 0.0044 
[2025-02-22 01:04:09,728 INFO] 197120 iteration USE_EMA: False, train/sup_loss: 0.0000, train/unsup_loss: 0.3849, train/total_loss: 0.3849, train/util_ratio: 0.7500, train/run_time: 0.1479, lr: 0.0001, train/prefecth_time: 0.0045 
[2025-02-22 01:04:54,943 INFO] 197376 iteration USE_EMA: False, train/sup_loss: 0.0006, train/unsup_loss: 0.1844, train/total_loss: 0.1850, train/util_ratio: 0.3750, train/run_time: 0.1483, lr: 0.0001, train/prefecth_time: 0.0043 
[2025-02-22 01:05:40,115 INFO] 197632 iteration USE_EMA: False, train/sup_loss: 0.0019, train/unsup_loss: 0.7214, train/total_loss: 0.7234, train/util_ratio: 0.8750, train/run_time: 0.1476, lr: 0.0001, train/prefecth_time: 0.0038 
[2025-02-22 01:06:25,900 INFO] 197888 iteration USE_EMA: False, train/sup_loss: 0.0001, train/unsup_loss: 0.3293, train/total_loss: 0.3293, train/util_ratio: 0.7500, train/run_time: 0.1479, lr: 0.0001, train/prefecth_time: 0.0043 
[2025-02-22 01:07:11,129 INFO] 198144 iteration USE_EMA: False, train/sup_loss: 0.0002, train/unsup_loss: 0.2007, train/total_loss: 0.2009, train/util_ratio: 0.7500, train/run_time: 0.1479, lr: 0.0001, train/prefecth_time: 0.0047 
[2025-02-22 01:07:56,292 INFO] 198400 iteration USE_EMA: False, train/sup_loss: 0.0001, train/unsup_loss: 0.1447, train/total_loss: 0.1448, train/util_ratio: 0.7500, train/run_time: 0.1488, lr: 0.0001, train/prefecth_time: 0.0041 
[2025-02-22 01:08:41,454 INFO] validating...
/home/zakerian/miniconda3/envs/usb/lib/python3.8/site-packages/sklearn/metrics/_classification.py:1471: UndefinedMetricWarning: Precision is ill-defined and being set to 0.0 in labels with no predicted samples. Use `zero_division` parameter to control this behavior.
  _warn_prf(average, modifier, msg_start, len(result))
[2025-02-22 01:08:47,069 INFO] confusion matrix:
[[0.1        0.         0.         ... 0.         0.         0.        ]
 [0.         0.         0.         ... 0.         0.         0.        ]
 [0.         0.         0.33333333 ... 0.         0.         0.        ]
 ...
 [0.         0.         0.         ... 0.28571429 0.         0.        ]
 [0.         0.         0.25       ... 0.         0.         0.        ]
 [0.         0.         0.         ... 0.         0.         0.        ]]
[2025-02-22 01:08:48,979 INFO] model saved: ./saved_models/usb_cv/fixmatch_market1501_trainsplit/latest_model.pth
[2025-02-22 01:08:48,982 INFO] 198656 iteration, USE_EMA: False, train/sup_loss: 0.0039, train/unsup_loss: 0.2133, train/total_loss: 0.2172, train/util_ratio: 0.6250, train/run_time: 0.1475, eval/loss: 16.7974, eval/top-1-acc: 0.1675, eval/top-5-acc: 0.3062, eval/balanced_acc: 0.1703, eval/precision: 0.2639, eval/recall: 0.1703, eval/F1: 0.1770, lr: 0.0001, train/prefecth_time: 0.0039 BEST_EVAL_ACC: 0.1963, at 96256 iters
[2025-02-22 01:09:34,652 INFO] 198912 iteration USE_EMA: False, train/sup_loss: 0.0002, train/unsup_loss: 0.0317, train/total_loss: 0.0319, train/util_ratio: 0.3750, train/run_time: 0.1484, lr: 0.0001, train/prefecth_time: 0.0043 
[2025-02-22 01:10:19,942 INFO] 199168 iteration USE_EMA: False, train/sup_loss: 0.0026, train/unsup_loss: 0.0571, train/total_loss: 0.0596, train/util_ratio: 0.5000, train/run_time: 0.1487, lr: 0.0001, train/prefecth_time: 0.0058 
[2025-02-22 01:11:05,243 INFO] 199424 iteration USE_EMA: False, train/sup_loss: 0.0000, train/unsup_loss: 0.2837, train/total_loss: 0.2837, train/util_ratio: 1.0000, train/run_time: 0.1486, lr: 0.0001, train/prefecth_time: 0.0054 
[2025-02-22 01:11:50,464 INFO] 199680 iteration USE_EMA: False, train/sup_loss: 0.0012, train/unsup_loss: 0.0055, train/total_loss: 0.0068, train/util_ratio: 0.6250, train/run_time: 0.1479, lr: 0.0001, train/prefecth_time: 0.0036 
[2025-02-22 01:12:36,124 INFO] 199936 iteration USE_EMA: False, train/sup_loss: 0.0001, train/unsup_loss: 0.0427, train/total_loss: 0.0428, train/util_ratio: 0.7500, train/run_time: 0.1479, lr: 0.0001, train/prefecth_time: 0.0041 
[2025-02-22 01:13:21,271 INFO] 200192 iteration USE_EMA: False, train/sup_loss: 0.0001, train/unsup_loss: 0.4305, train/total_loss: 0.4306, train/util_ratio: 0.7500, train/run_time: 0.1484, lr: 0.0001, train/prefecth_time: 0.0040 
[2025-02-22 01:14:06,394 INFO] 200448 iteration USE_EMA: False, train/sup_loss: 0.0001, train/unsup_loss: 0.9712, train/total_loss: 0.9713, train/util_ratio: 1.0000, train/run_time: 0.1480, lr: 0.0001, train/prefecth_time: 0.0045 
[2025-02-22 01:14:51,640 INFO] validating...
/home/zakerian/miniconda3/envs/usb/lib/python3.8/site-packages/sklearn/metrics/_classification.py:1471: UndefinedMetricWarning: Precision is ill-defined and being set to 0.0 in labels with no predicted samples. Use `zero_division` parameter to control this behavior.
  _warn_prf(average, modifier, msg_start, len(result))
[2025-02-22 01:14:57,235 INFO] confusion matrix:
[[0.1        0.         0.         ... 0.         0.         0.        ]
 [0.         0.         0.         ... 0.         0.         0.        ]
 [0.         0.         0.33333333 ... 0.         0.         0.        ]
 ...
 [0.         0.         0.         ... 0.28571429 0.         0.        ]
 [0.         0.         0.25       ... 0.         0.         0.        ]
 [0.         0.         0.         ... 0.         0.         0.        ]]
[2025-02-22 01:14:59,150 INFO] model saved: ./saved_models/usb_cv/fixmatch_market1501_trainsplit/latest_model.pth
[2025-02-22 01:14:59,152 INFO] 200704 iteration, USE_EMA: False, train/sup_loss: 0.0000, train/unsup_loss: 0.0999, train/total_loss: 0.0999, train/util_ratio: 0.7500, train/run_time: 0.1476, eval/loss: 16.6067, eval/top-1-acc: 0.1668, eval/top-5-acc: 0.3083, eval/balanced_acc: 0.1737, eval/precision: 0.2698, eval/recall: 0.1737, eval/F1: 0.1805, lr: 0.0001, train/prefecth_time: 0.0041 BEST_EVAL_ACC: 0.1963, at 96256 iters
[2025-02-22 01:15:44,960 INFO] 200960 iteration USE_EMA: False, train/sup_loss: 0.0003, train/unsup_loss: 0.1380, train/total_loss: 0.1383, train/util_ratio: 0.7500, train/run_time: 0.1496, lr: 0.0001, train/prefecth_time: 0.0051 
[2025-02-22 01:16:30,340 INFO] 201216 iteration USE_EMA: False, train/sup_loss: 0.0001, train/unsup_loss: 0.2594, train/total_loss: 0.2595, train/util_ratio: 0.6250, train/run_time: 0.1478, lr: 0.0001, train/prefecth_time: 0.0042 
[2025-02-22 01:17:15,619 INFO] 201472 iteration USE_EMA: False, train/sup_loss: 0.0003, train/unsup_loss: 0.0635, train/total_loss: 0.0638, train/util_ratio: 0.6250, train/run_time: 0.1488, lr: 0.0001, train/prefecth_time: 0.0042 
[2025-02-22 01:18:00,860 INFO] 201728 iteration USE_EMA: False, train/sup_loss: 0.0002, train/unsup_loss: 0.0056, train/total_loss: 0.0058, train/util_ratio: 0.7500, train/run_time: 0.1477, lr: 0.0001, train/prefecth_time: 0.0037 
[2025-02-22 01:18:46,684 INFO] 201984 iteration USE_EMA: False, train/sup_loss: 0.0001, train/unsup_loss: 0.0691, train/total_loss: 0.0691, train/util_ratio: 0.7500, train/run_time: 0.1486, lr: 0.0001, train/prefecth_time: 0.0043 
[2025-02-22 01:19:31,914 INFO] 202240 iteration USE_EMA: False, train/sup_loss: 0.0014, train/unsup_loss: 0.0517, train/total_loss: 0.0531, train/util_ratio: 0.6250, train/run_time: 0.1490, lr: 0.0001, train/prefecth_time: 0.0042 
[2025-02-22 01:20:17,082 INFO] 202496 iteration USE_EMA: False, train/sup_loss: 0.0001, train/unsup_loss: 0.0446, train/total_loss: 0.0447, train/util_ratio: 0.6250, train/run_time: 0.1484, lr: 0.0001, train/prefecth_time: 0.0045 
[2025-02-22 01:21:02,230 INFO] validating...
/home/zakerian/miniconda3/envs/usb/lib/python3.8/site-packages/sklearn/metrics/_classification.py:1471: UndefinedMetricWarning: Precision is ill-defined and being set to 0.0 in labels with no predicted samples. Use `zero_division` parameter to control this behavior.
  _warn_prf(average, modifier, msg_start, len(result))
[2025-02-22 01:21:07,827 INFO] confusion matrix:
[[0.1        0.         0.         ... 0.         0.         0.        ]
 [0.         0.         0.         ... 0.         0.         0.        ]
 [0.         0.         0.33333333 ... 0.         0.         0.        ]
 ...
 [0.         0.         0.         ... 0.42857143 0.         0.        ]
 [0.         0.         0.         ... 0.         0.         0.        ]
 [0.         0.         0.         ... 0.         0.         0.        ]]
[2025-02-22 01:21:09,758 INFO] model saved: ./saved_models/usb_cv/fixmatch_market1501_trainsplit/latest_model.pth
[2025-02-22 01:21:09,760 INFO] 202752 iteration, USE_EMA: False, train/sup_loss: 0.0035, train/unsup_loss: 0.0627, train/total_loss: 0.0663, train/util_ratio: 0.7500, train/run_time: 0.1474, eval/loss: 16.7462, eval/top-1-acc: 0.1647, eval/top-5-acc: 0.3058, eval/balanced_acc: 0.1708, eval/precision: 0.2694, eval/recall: 0.1708, eval/F1: 0.1781, lr: 0.0001, train/prefecth_time: 0.0038 BEST_EVAL_ACC: 0.1963, at 96256 iters
[2025-02-22 01:21:55,486 INFO] 203008 iteration USE_EMA: False, train/sup_loss: 0.0001, train/unsup_loss: 0.0046, train/total_loss: 0.0047, train/util_ratio: 0.7500, train/run_time: 0.1480, lr: 0.0001, train/prefecth_time: 0.0040 
[2025-02-22 01:22:40,726 INFO] 203264 iteration USE_EMA: False, train/sup_loss: 0.0004, train/unsup_loss: 0.4170, train/total_loss: 0.4174, train/util_ratio: 0.6250, train/run_time: 0.1484, lr: 0.0001, train/prefecth_time: 0.0043 
[2025-02-22 01:23:25,996 INFO] 203520 iteration USE_EMA: False, train/sup_loss: 0.0002, train/unsup_loss: 0.0564, train/total_loss: 0.0566, train/util_ratio: 0.7500, train/run_time: 0.1483, lr: 0.0001, train/prefecth_time: 0.0042 
[2025-02-22 01:24:11,273 INFO] 203776 iteration USE_EMA: False, train/sup_loss: 0.0001, train/unsup_loss: 0.4175, train/total_loss: 0.4176, train/util_ratio: 0.8750, train/run_time: 0.1472, lr: 0.0001, train/prefecth_time: 0.0041 
[2025-02-22 01:24:57,068 INFO] 204032 iteration USE_EMA: False, train/sup_loss: 0.0002, train/unsup_loss: 0.2951, train/total_loss: 0.2953, train/util_ratio: 0.7500, train/run_time: 0.1479, lr: 0.0001, train/prefecth_time: 0.0039 
[2025-02-22 01:25:42,349 INFO] 204288 iteration USE_EMA: False, train/sup_loss: 0.0006, train/unsup_loss: 0.0367, train/total_loss: 0.0374, train/util_ratio: 0.6250, train/run_time: 0.1491, lr: 0.0001, train/prefecth_time: 0.0042 
[2025-02-22 01:26:27,654 INFO] 204544 iteration USE_EMA: False, train/sup_loss: 0.0001, train/unsup_loss: 0.1698, train/total_loss: 0.1699, train/util_ratio: 0.6250, train/run_time: 0.1479, lr: 0.0001, train/prefecth_time: 0.0040 
[2025-02-22 01:27:12,994 INFO] validating...
/home/zakerian/miniconda3/envs/usb/lib/python3.8/site-packages/sklearn/metrics/_classification.py:1471: UndefinedMetricWarning: Precision is ill-defined and being set to 0.0 in labels with no predicted samples. Use `zero_division` parameter to control this behavior.
  _warn_prf(average, modifier, msg_start, len(result))
[2025-02-22 01:27:18,627 INFO] confusion matrix:
[[0.         0.         0.         ... 0.         0.         0.        ]
 [0.         0.         0.         ... 0.         0.         0.        ]
 [0.         0.         0.33333333 ... 0.         0.         0.        ]
 ...
 [0.         0.         0.         ... 0.14285714 0.         0.        ]
 [0.         0.         0.         ... 0.         0.         0.        ]
 [0.         0.         0.         ... 0.         0.         0.        ]]
[2025-02-22 01:27:20,560 INFO] model saved: ./saved_models/usb_cv/fixmatch_market1501_trainsplit/latest_model.pth
[2025-02-22 01:27:20,563 INFO] 204800 iteration, USE_EMA: False, train/sup_loss: 0.0000, train/unsup_loss: 0.7529, train/total_loss: 0.7530, train/util_ratio: 0.7500, train/run_time: 0.1475, eval/loss: 17.0256, eval/top-1-acc: 0.1685, eval/top-5-acc: 0.3044, eval/balanced_acc: 0.1750, eval/precision: 0.2773, eval/recall: 0.1750, eval/F1: 0.1862, lr: 0.0001, train/prefecth_time: 0.0041 BEST_EVAL_ACC: 0.1963, at 96256 iters
[2025-02-22 01:27:22,568 INFO] model saved: ./saved_models/usb_cv/fixmatch_market1501_trainsplit/latest_model.pth
[2025-02-22 01:27:22,576 INFO] Model result - eval/best_acc : 0.19625520110957004
[2025-02-22 01:27:22,577 INFO] Model result - eval/best_it : 96255
[2025-02-22 01:27:22,577 WARNING] GPU 0 training is FINISHED
