nohup: ignoring input
train.py:287: UserWarning: You have chosen to seed training. This will turn on the CUDNN deterministic setting, which can slow down your training considerably! You may see unexpected behavior when restarting from checkpoints.
  warnings.warn(
train.py:298: UserWarning: You have chosen a specific GPU. This will completely disable data parallelism.
  warnings.warn(
[2025-02-20 22:49:48,138 INFO] Use GPU: 0 for training
/home/zakerian/USB/Semi-supervised-learning/semilearn/core/algorithmbase.py:65: FutureWarning: `torch.cuda.amp.GradScaler(args...)` is deprecated. Please use `torch.amp.GradScaler('cuda', args...)` instead.
  self.loss_scaler = GradScaler()
[2025-02-20 22:49:48,590 INFO] unlabeled data number: 12936, labeled data number 751
[2025-02-20 22:49:48,590 INFO] Create train and test data loaders
[2025-02-20 22:49:48,590 INFO] [!] data loader keys: dict_keys(['train_lb', 'train_ulb', 'eval'])
[2025-02-20 22:49:49,211 INFO] Create optimizer and scheduler
[2025-02-20 22:49:49,214 INFO] Number of Trainable Params: 25046831
[2025-02-20 22:49:49,408 INFO] Arguments: Namespace(T=0.5, algorithm='fixmatch', amp=False, batch_size=8, c='config/usb_cv/fixmatch/fixmatch_market1501.yaml', clip=0.0, clip_grad=0, crop_ratio=0.875, data_dir='./data', dataset='market1501', dist_backend='gloo', dist_url='tcp://127.0.0.1:26808', distributed=False, ema_m=0.0, epoch=200, eval_batch_size=16, gpu=0, hard_label=True, imb_algorithm=None, img_size='(384, 128)', include_lb_to_ulb=True, layer_decay=0.95, lb_dest_len=751, lb_imb_ratio=1, load_path='./saved_models/usb_cv/fixmatch_market1501/latest_model.pth', lr=0.0005, max_length=512, max_length_seconds=4.0, momentum=0.9, multiprocessing_distributed=False, net='resnet50', net_from_name=False, num_classes=751, num_eval_iter=2048, num_labels=751, num_log_iter=256, num_train_iter=204800, num_warmup_iter=5120, num_workers=4, optim='AdamW', overwrite=True, p_cutoff=0.95, pretrain_path='./resnet50-19c8e357.pth', rank=0, resume=False, sample_rate=16000, save_dir='./saved_models/usb_cv/', save_name='fixmatch_market1501', seed=0, train_sampler='RandomSampler', ulb_dest_len=12936, ulb_imb_ratio=1, ulb_loss_ratio=1.0, ulb_num_labels=None, uratio=1, use_aim=False, use_cat=True, use_pretrain=True, use_tensorboard=True, use_wandb=False, weight_decay=0.0005, world_size=1)
[2025-02-20 22:49:49,408 INFO] Resume load path ./saved_models/usb_cv/fixmatch_market1501/latest_model.pth does not exist
[2025-02-20 22:49:49,408 INFO] Model training
(384, 128) 0.875
(384, 128) 0.875
[2025-02-20 22:50:44,734 INFO] 256 iteration USE_EMA: False, train/sup_loss: 6.8922, train/unsup_loss: 0.0000, train/total_loss: 6.8922, train/util_ratio: 0.0000, train/run_time: 0.1486, lr: 0.0000, train/prefecth_time: 0.0042 
[2025-02-20 22:51:30,019 INFO] 512 iteration USE_EMA: False, train/sup_loss: 6.5891, train/unsup_loss: 0.0000, train/total_loss: 6.5891, train/util_ratio: 0.0000, train/run_time: 0.1481, lr: 0.0001, train/prefecth_time: 0.0040 
[2025-02-20 22:52:15,255 INFO] 768 iteration USE_EMA: False, train/sup_loss: 6.3058, train/unsup_loss: 0.0000, train/total_loss: 6.3058, train/util_ratio: 0.0000, train/run_time: 0.1485, lr: 0.0001, train/prefecth_time: 0.0043 
[2025-02-20 22:53:00,536 INFO] 1024 iteration USE_EMA: False, train/sup_loss: 6.4352, train/unsup_loss: 0.0000, train/total_loss: 6.4352, train/util_ratio: 0.0000, train/run_time: 0.1479, lr: 0.0001, train/prefecth_time: 0.0039 
[2025-02-20 22:53:46,201 INFO] 1280 iteration USE_EMA: False, train/sup_loss: 6.4172, train/unsup_loss: 0.0000, train/total_loss: 6.4172, train/util_ratio: 0.0000, train/run_time: 0.1477, lr: 0.0001, train/prefecth_time: 0.0041 
[2025-02-20 22:54:31,517 INFO] 1536 iteration USE_EMA: False, train/sup_loss: 5.5408, train/unsup_loss: 0.0000, train/total_loss: 5.5408, train/util_ratio: 0.0000, train/run_time: 0.1489, lr: 0.0001, train/prefecth_time: 0.0036 
[2025-02-20 22:55:16,866 INFO] 1792 iteration USE_EMA: False, train/sup_loss: 4.4243, train/unsup_loss: 0.0000, train/total_loss: 4.4243, train/util_ratio: 0.0000, train/run_time: 0.1483, lr: 0.0002, train/prefecth_time: 0.0040 
[2025-02-20 22:56:02,109 INFO] validating...
/home/zakerian/miniconda3/envs/usb/lib/python3.8/site-packages/sklearn/metrics/_classification.py:1471: UndefinedMetricWarning: Precision is ill-defined and being set to 0.0 in labels with no predicted samples. Use `zero_division` parameter to control this behavior.
  _warn_prf(average, modifier, msg_start, len(result))
[2025-02-20 22:56:33,671 INFO] confusion matrix:
[[0.         0.         0.00428878 ... 0.         0.         0.0003574 ]
 [0.         0.         0.         ... 0.         0.         0.        ]
 [0.         0.         0.         ... 0.         0.         0.        ]
 ...
 [0.         0.         0.         ... 0.         0.         0.        ]
 [0.         0.         0.         ... 0.         0.         0.        ]
 [0.         0.         0.         ... 0.         0.         0.        ]]
[2025-02-20 22:56:34,161 INFO] model saved: ./saved_models/usb_cv/fixmatch_market1501/latest_model.pth
[2025-02-20 22:56:34,557 INFO] model saved: ./saved_models/usb_cv/fixmatch_market1501/model_best.pth
[2025-02-20 22:56:34,557 INFO] 2048 iteration, USE_EMA: False, train/sup_loss: 5.6927, train/unsup_loss: 0.0000, train/total_loss: 5.6927, train/util_ratio: 0.0000, train/run_time: 0.1473, eval/loss: 9.9745, eval/top-1-acc: 0.0011, eval/top-5-acc: 0.0053, eval/balanced_acc: 0.0014, eval/precision: 0.0005, eval/recall: 0.0014, eval/F1: 0.0005, lr: 0.0002, train/prefecth_time: 0.0037 BEST_EVAL_ACC: 0.0011, at 2048 iters
[2025-02-20 22:57:20,474 INFO] 2304 iteration USE_EMA: False, train/sup_loss: 3.6753, train/unsup_loss: 0.0000, train/total_loss: 3.6753, train/util_ratio: 0.0000, train/run_time: 0.1479, lr: 0.0002, train/prefecth_time: 0.0046 
[2025-02-20 22:58:05,757 INFO] 2560 iteration USE_EMA: False, train/sup_loss: 3.7701, train/unsup_loss: 0.0000, train/total_loss: 3.7701, train/util_ratio: 0.0000, train/run_time: 0.1486, lr: 0.0003, train/prefecth_time: 0.0051 
[2025-02-20 22:58:51,055 INFO] 2816 iteration USE_EMA: False, train/sup_loss: 3.8930, train/unsup_loss: 0.0000, train/total_loss: 3.8930, train/util_ratio: 0.0000, train/run_time: 0.1486, lr: 0.0003, train/prefecth_time: 0.0051 
[2025-02-20 22:59:36,359 INFO] 3072 iteration USE_EMA: False, train/sup_loss: 4.7004, train/unsup_loss: 0.0000, train/total_loss: 4.7004, train/util_ratio: 0.0000, train/run_time: 0.1483, lr: 0.0003, train/prefecth_time: 0.0037 
[2025-02-20 23:00:22,257 INFO] 3328 iteration USE_EMA: False, train/sup_loss: 3.5962, train/unsup_loss: 0.0000, train/total_loss: 3.5962, train/util_ratio: 0.0000, train/run_time: 0.1489, lr: 0.0003, train/prefecth_time: 0.0039 
[2025-02-20 23:01:07,639 INFO] 3584 iteration USE_EMA: False, train/sup_loss: 3.1106, train/unsup_loss: 0.0000, train/total_loss: 3.1106, train/util_ratio: 0.0000, train/run_time: 0.1485, lr: 0.0003, train/prefecth_time: 0.0040 
[2025-02-20 23:01:53,076 INFO] 3840 iteration USE_EMA: False, train/sup_loss: 1.5967, train/unsup_loss: 0.0000, train/total_loss: 1.5967, train/util_ratio: 0.0000, train/run_time: 0.1483, lr: 0.0004, train/prefecth_time: 0.0042 
[2025-02-20 23:02:38,538 INFO] validating...
/home/zakerian/miniconda3/envs/usb/lib/python3.8/site-packages/sklearn/metrics/_classification.py:1471: UndefinedMetricWarning: Precision is ill-defined and being set to 0.0 in labels with no predicted samples. Use `zero_division` parameter to control this behavior.
  _warn_prf(average, modifier, msg_start, len(result))
[2025-02-20 23:03:08,499 INFO] confusion matrix:
[[0.0003574  0.00142959 0.0007148  ... 0.         0.         0.        ]
 [0.         0.         0.         ... 0.         0.         0.        ]
 [0.         0.         0.         ... 0.         0.         0.        ]
 ...
 [0.         0.         0.         ... 0.         0.         0.        ]
 [0.         0.         0.         ... 0.         0.         0.        ]
 [0.         0.         0.         ... 0.         0.         0.        ]]
[2025-02-20 23:03:10,524 INFO] model saved: ./saved_models/usb_cv/fixmatch_market1501/latest_model.pth
[2025-02-20 23:03:10,526 INFO] 4096 iteration, USE_EMA: False, train/sup_loss: 1.8281, train/unsup_loss: 0.0000, train/total_loss: 1.8281, train/util_ratio: 0.0000, train/run_time: 0.1471, eval/loss: 17.1652, eval/top-1-acc: 0.0008, eval/top-5-acc: 0.0060, eval/balanced_acc: 0.0009, eval/precision: 0.0012, eval/recall: 0.0009, eval/F1: 0.0007, lr: 0.0004, train/prefecth_time: 0.0040 BEST_EVAL_ACC: 0.0011, at 2048 iters
[2025-02-20 23:03:56,499 INFO] 4352 iteration USE_EMA: False, train/sup_loss: 2.0408, train/unsup_loss: 0.0000, train/total_loss: 2.0408, train/util_ratio: 0.0000, train/run_time: 0.1484, lr: 0.0004, train/prefecth_time: 0.0041 
[2025-02-20 23:04:41,992 INFO] 4608 iteration USE_EMA: False, train/sup_loss: 1.4434, train/unsup_loss: 0.0000, train/total_loss: 1.4434, train/util_ratio: 0.0000, train/run_time: 0.1487, lr: 0.0005, train/prefecth_time: 0.0041 
[2025-02-20 23:05:27,452 INFO] 4864 iteration USE_EMA: False, train/sup_loss: 1.5458, train/unsup_loss: 0.0000, train/total_loss: 1.5458, train/util_ratio: 0.0000, train/run_time: 0.1487, lr: 0.0005, train/prefecth_time: 0.0039 
[2025-02-20 23:06:12,848 INFO] 5120 iteration USE_EMA: False, train/sup_loss: 1.7057, train/unsup_loss: 0.0000, train/total_loss: 1.7057, train/util_ratio: 0.0000, train/run_time: 0.1474, lr: 0.0005, train/prefecth_time: 0.0040 
[2025-02-20 23:06:58,814 INFO] 5376 iteration USE_EMA: False, train/sup_loss: 0.8638, train/unsup_loss: 0.0000, train/total_loss: 0.8638, train/util_ratio: 0.0000, train/run_time: 0.1486, lr: 0.0005, train/prefecth_time: 0.0045 
[2025-02-20 23:07:44,178 INFO] 5632 iteration USE_EMA: False, train/sup_loss: 1.0581, train/unsup_loss: 0.0000, train/total_loss: 1.0581, train/util_ratio: 0.0000, train/run_time: 0.1482, lr: 0.0005, train/prefecth_time: 0.0042 
[2025-02-20 23:08:29,482 INFO] 5888 iteration USE_EMA: False, train/sup_loss: 0.8117, train/unsup_loss: 0.0000, train/total_loss: 0.8117, train/util_ratio: 0.0000, train/run_time: 0.1489, lr: 0.0005, train/prefecth_time: 0.0041 
[2025-02-20 23:09:14,840 INFO] validating...
/home/zakerian/miniconda3/envs/usb/lib/python3.8/site-packages/sklearn/metrics/_classification.py:1471: UndefinedMetricWarning: Precision is ill-defined and being set to 0.0 in labels with no predicted samples. Use `zero_division` parameter to control this behavior.
  _warn_prf(average, modifier, msg_start, len(result))
[2025-02-20 23:09:44,654 INFO] confusion matrix:
[[0.0003574  0.         0.0003574  ... 0.00107219 0.         0.0007148 ]
 [0.         0.         0.         ... 0.         0.         0.        ]
 [0.         0.         0.         ... 0.         0.         0.        ]
 ...
 [0.         0.         0.         ... 0.         0.         0.        ]
 [0.         0.         0.         ... 0.         0.         0.        ]
 [0.         0.         0.         ... 0.         0.         0.        ]]
[2025-02-20 23:09:46,641 INFO] model saved: ./saved_models/usb_cv/fixmatch_market1501/latest_model.pth
[2025-02-20 23:09:46,643 INFO] 6144 iteration, USE_EMA: False, train/sup_loss: 0.5251, train/unsup_loss: 0.0000, train/total_loss: 0.5251, train/util_ratio: 0.0000, train/run_time: 0.1482, eval/loss: 18.4131, eval/top-1-acc: 0.0009, eval/top-5-acc: 0.0067, eval/balanced_acc: 0.0007, eval/precision: 0.0004, eval/recall: 0.0007, eval/F1: 0.0004, lr: 0.0005, train/prefecth_time: 0.0042 BEST_EVAL_ACC: 0.0011, at 2048 iters
[2025-02-20 23:10:32,726 INFO] 6400 iteration USE_EMA: False, train/sup_loss: 0.2109, train/unsup_loss: 0.0000, train/total_loss: 0.2109, train/util_ratio: 0.0000, train/run_time: 0.1483, lr: 0.0005, train/prefecth_time: 0.0044 
[2025-02-20 23:11:18,237 INFO] 6656 iteration USE_EMA: False, train/sup_loss: 0.3941, train/unsup_loss: 1.2517, train/total_loss: 1.6458, train/util_ratio: 0.1250, train/run_time: 0.1488, lr: 0.0005, train/prefecth_time: 0.0045 
[2025-02-20 23:12:03,697 INFO] 6912 iteration USE_EMA: False, train/sup_loss: 0.0481, train/unsup_loss: 0.0000, train/total_loss: 0.0481, train/util_ratio: 0.0000, train/run_time: 0.1490, lr: 0.0005, train/prefecth_time: 0.0045 
[2025-02-20 23:12:49,238 INFO] 7168 iteration USE_EMA: False, train/sup_loss: 1.0824, train/unsup_loss: 2.8636, train/total_loss: 3.9460, train/util_ratio: 0.2500, train/run_time: 0.1479, lr: 0.0005, train/prefecth_time: 0.0040 
[2025-02-20 23:13:35,185 INFO] 7424 iteration USE_EMA: False, train/sup_loss: 0.5718, train/unsup_loss: 1.1982, train/total_loss: 1.7699, train/util_ratio: 0.1250, train/run_time: 0.1486, lr: 0.0005, train/prefecth_time: 0.0045 
[2025-02-20 23:14:20,668 INFO] 7680 iteration USE_EMA: False, train/sup_loss: 0.4033, train/unsup_loss: 0.0000, train/total_loss: 0.4033, train/util_ratio: 0.0000, train/run_time: 0.1488, lr: 0.0005, train/prefecth_time: 0.0041 
[2025-02-20 23:15:06,044 INFO] 7936 iteration USE_EMA: False, train/sup_loss: 0.9090, train/unsup_loss: 0.6228, train/total_loss: 1.5319, train/util_ratio: 0.2500, train/run_time: 0.1484, lr: 0.0005, train/prefecth_time: 0.0042 
[2025-02-20 23:15:51,419 INFO] validating...
/home/zakerian/miniconda3/envs/usb/lib/python3.8/site-packages/sklearn/metrics/_classification.py:1471: UndefinedMetricWarning: Precision is ill-defined and being set to 0.0 in labels with no predicted samples. Use `zero_division` parameter to control this behavior.
  _warn_prf(average, modifier, msg_start, len(result))
[2025-02-20 23:16:21,408 INFO] confusion matrix:
[[0.         0.         0.00178699 ... 0.         0.         0.0007148 ]
 [0.         0.         0.         ... 0.01694915 0.         0.        ]
 [0.         0.         0.         ... 0.         0.         0.        ]
 ...
 [0.         0.         0.         ... 0.         0.         0.        ]
 [0.         0.         0.         ... 0.         0.         0.        ]
 [0.         0.         0.         ... 0.         0.         0.        ]]
[2025-02-20 23:16:23,413 INFO] model saved: ./saved_models/usb_cv/fixmatch_market1501/latest_model.pth
[2025-02-20 23:16:23,415 INFO] 8192 iteration, USE_EMA: False, train/sup_loss: 1.0450, train/unsup_loss: 0.9198, train/total_loss: 1.9648, train/util_ratio: 0.1250, train/run_time: 0.1472, eval/loss: 19.5518, eval/top-1-acc: 0.0009, eval/top-5-acc: 0.0049, eval/balanced_acc: 0.0012, eval/precision: 0.0008, eval/recall: 0.0012, eval/F1: 0.0007, lr: 0.0005, train/prefecth_time: 0.0038 BEST_EVAL_ACC: 0.0011, at 2048 iters
[2025-02-20 23:17:09,496 INFO] 8448 iteration USE_EMA: False, train/sup_loss: 0.4079, train/unsup_loss: 0.9676, train/total_loss: 1.3755, train/util_ratio: 0.2500, train/run_time: 0.1482, lr: 0.0005, train/prefecth_time: 0.0044 
[2025-02-20 23:17:55,005 INFO] 8704 iteration USE_EMA: False, train/sup_loss: 0.6012, train/unsup_loss: 0.0000, train/total_loss: 0.6012, train/util_ratio: 0.0000, train/run_time: 0.1495, lr: 0.0005, train/prefecth_time: 0.0045 
[2025-02-20 23:18:40,438 INFO] 8960 iteration USE_EMA: False, train/sup_loss: 0.2469, train/unsup_loss: 0.0000, train/total_loss: 0.2469, train/util_ratio: 0.0000, train/run_time: 0.1491, lr: 0.0005, train/prefecth_time: 0.0044 
[2025-02-20 23:19:25,871 INFO] 9216 iteration USE_EMA: False, train/sup_loss: 0.4860, train/unsup_loss: 1.5269, train/total_loss: 2.0129, train/util_ratio: 0.2500, train/run_time: 0.1477, lr: 0.0005, train/prefecth_time: 0.0041 
[2025-02-20 23:20:11,851 INFO] 9472 iteration USE_EMA: False, train/sup_loss: 0.5664, train/unsup_loss: 0.4494, train/total_loss: 1.0158, train/util_ratio: 0.1250, train/run_time: 0.1492, lr: 0.0005, train/prefecth_time: 0.0040 
[2025-02-20 23:20:57,230 INFO] 9728 iteration USE_EMA: False, train/sup_loss: 0.1216, train/unsup_loss: 0.0040, train/total_loss: 0.1256, train/util_ratio: 0.1250, train/run_time: 0.1489, lr: 0.0005, train/prefecth_time: 0.0043 
[2025-02-20 23:21:42,613 INFO] 9984 iteration USE_EMA: False, train/sup_loss: 0.2106, train/unsup_loss: 1.3467, train/total_loss: 1.5573, train/util_ratio: 0.2500, train/run_time: 0.1487, lr: 0.0005, train/prefecth_time: 0.0042 
[2025-02-20 23:22:28,059 INFO] validating...
/home/zakerian/miniconda3/envs/usb/lib/python3.8/site-packages/sklearn/metrics/_classification.py:1471: UndefinedMetricWarning: Precision is ill-defined and being set to 0.0 in labels with no predicted samples. Use `zero_division` parameter to control this behavior.
  _warn_prf(average, modifier, msg_start, len(result))
[2025-02-20 23:22:57,893 INFO] confusion matrix:
[[0.        0.0003574 0.        ... 0.        0.        0.       ]
 [0.        0.        0.        ... 0.        0.        0.       ]
 [0.        0.        0.        ... 0.        0.        0.       ]
 ...
 [0.        0.        0.        ... 0.        0.        0.       ]
 [0.        0.        0.        ... 0.        0.        0.       ]
 [0.        0.        0.        ... 0.        0.        0.       ]]
[2025-02-20 23:22:59,929 INFO] model saved: ./saved_models/usb_cv/fixmatch_market1501/latest_model.pth
[2025-02-20 23:23:01,889 INFO] model saved: ./saved_models/usb_cv/fixmatch_market1501/model_best.pth
[2025-02-20 23:23:01,891 INFO] 10240 iteration, USE_EMA: False, train/sup_loss: 0.6819, train/unsup_loss: 1.2326, train/total_loss: 1.9145, train/util_ratio: 0.2500, train/run_time: 0.1476, eval/loss: 18.7381, eval/top-1-acc: 0.0014, eval/top-5-acc: 0.0058, eval/balanced_acc: 0.0016, eval/precision: 0.0005, eval/recall: 0.0016, eval/F1: 0.0004, lr: 0.0005, train/prefecth_time: 0.0038 BEST_EVAL_ACC: 0.0014, at 10240 iters
[2025-02-20 23:23:47,862 INFO] 10496 iteration USE_EMA: False, train/sup_loss: 0.2615, train/unsup_loss: 0.4676, train/total_loss: 0.7291, train/util_ratio: 0.1250, train/run_time: 0.1486, lr: 0.0005, train/prefecth_time: 0.0042 
[2025-02-20 23:24:33,231 INFO] 10752 iteration USE_EMA: False, train/sup_loss: 0.3312, train/unsup_loss: 0.4026, train/total_loss: 0.7337, train/util_ratio: 0.2500, train/run_time: 0.1484, lr: 0.0005, train/prefecth_time: 0.0041 
[2025-02-20 23:25:18,574 INFO] 11008 iteration USE_EMA: False, train/sup_loss: 0.1789, train/unsup_loss: 0.4768, train/total_loss: 0.6557, train/util_ratio: 0.1250, train/run_time: 0.1485, lr: 0.0005, train/prefecth_time: 0.0039 
[2025-02-20 23:26:03,928 INFO] 11264 iteration USE_EMA: False, train/sup_loss: 0.1458, train/unsup_loss: 1.0513, train/total_loss: 1.1971, train/util_ratio: 0.1250, train/run_time: 0.1481, lr: 0.0005, train/prefecth_time: 0.0042 
[2025-02-20 23:26:49,907 INFO] 11520 iteration USE_EMA: False, train/sup_loss: 0.0502, train/unsup_loss: 0.9935, train/total_loss: 1.0436, train/util_ratio: 0.1250, train/run_time: 0.1487, lr: 0.0005, train/prefecth_time: 0.0046 
[2025-02-20 23:27:35,442 INFO] 11776 iteration USE_EMA: False, train/sup_loss: 0.0486, train/unsup_loss: 0.0000, train/total_loss: 0.0486, train/util_ratio: 0.0000, train/run_time: 0.1488, lr: 0.0005, train/prefecth_time: 0.0043 
[2025-02-20 23:28:20,796 INFO] 12032 iteration USE_EMA: False, train/sup_loss: 0.0706, train/unsup_loss: 0.0786, train/total_loss: 0.1493, train/util_ratio: 0.1250, train/run_time: 0.1490, lr: 0.0005, train/prefecth_time: 0.0047 
[2025-02-20 23:29:06,307 INFO] validating...
/home/zakerian/miniconda3/envs/usb/lib/python3.8/site-packages/sklearn/metrics/_classification.py:1471: UndefinedMetricWarning: Precision is ill-defined and being set to 0.0 in labels with no predicted samples. Use `zero_division` parameter to control this behavior.
  _warn_prf(average, modifier, msg_start, len(result))
[2025-02-20 23:29:36,065 INFO] confusion matrix:
[[0.0003574 0.        0.        ... 0.        0.        0.0003574]
 [0.        0.        0.        ... 0.        0.        0.       ]
 [0.        0.        0.        ... 0.        0.        0.       ]
 ...
 [0.        0.        0.        ... 0.        0.        0.       ]
 [0.        0.        0.        ... 0.        0.        0.       ]
 [0.        0.        0.        ... 0.        0.        0.       ]]
[2025-02-20 23:29:38,090 INFO] model saved: ./saved_models/usb_cv/fixmatch_market1501/latest_model.pth
[2025-02-20 23:29:38,093 INFO] 12288 iteration, USE_EMA: False, train/sup_loss: 0.2365, train/unsup_loss: 0.0000, train/total_loss: 0.2365, train/util_ratio: 0.0000, train/run_time: 0.1476, eval/loss: 19.5333, eval/top-1-acc: 0.0012, eval/top-5-acc: 0.0053, eval/balanced_acc: 0.0020, eval/precision: 0.0012, eval/recall: 0.0020, eval/F1: 0.0011, lr: 0.0005, train/prefecth_time: 0.0038 BEST_EVAL_ACC: 0.0014, at 10240 iters
[2025-02-20 23:30:24,184 INFO] 12544 iteration USE_EMA: False, train/sup_loss: 0.2906, train/unsup_loss: 1.7881, train/total_loss: 2.0787, train/util_ratio: 0.2500, train/run_time: 0.1484, lr: 0.0005, train/prefecth_time: 0.0042 
[2025-02-20 23:31:09,586 INFO] 12800 iteration USE_EMA: False, train/sup_loss: 0.3120, train/unsup_loss: 0.8337, train/total_loss: 1.1457, train/util_ratio: 0.2500, train/run_time: 0.1483, lr: 0.0005, train/prefecth_time: 0.0044 
[2025-02-20 23:31:55,024 INFO] 13056 iteration USE_EMA: False, train/sup_loss: 0.0091, train/unsup_loss: 0.0000, train/total_loss: 0.0091, train/util_ratio: 0.0000, train/run_time: 0.1483, lr: 0.0005, train/prefecth_time: 0.0042 
[2025-02-20 23:32:40,418 INFO] 13312 iteration USE_EMA: False, train/sup_loss: 0.1159, train/unsup_loss: 0.7044, train/total_loss: 0.8203, train/util_ratio: 0.1250, train/run_time: 0.1480, lr: 0.0005, train/prefecth_time: 0.0040 
[2025-02-20 23:33:26,420 INFO] 13568 iteration USE_EMA: False, train/sup_loss: 0.0473, train/unsup_loss: 1.4059, train/total_loss: 1.4532, train/util_ratio: 0.2500, train/run_time: 0.1482, lr: 0.0005, train/prefecth_time: 0.0043 
[2025-02-20 23:34:11,860 INFO] 13824 iteration USE_EMA: False, train/sup_loss: 0.1500, train/unsup_loss: 0.4939, train/total_loss: 0.6439, train/util_ratio: 0.1250, train/run_time: 0.1485, lr: 0.0005, train/prefecth_time: 0.0045 
[2025-02-20 23:34:57,301 INFO] 14080 iteration USE_EMA: False, train/sup_loss: 1.0835, train/unsup_loss: 0.5324, train/total_loss: 1.6159, train/util_ratio: 0.1250, train/run_time: 0.1484, lr: 0.0005, train/prefecth_time: 0.0042 
[2025-02-20 23:35:42,672 INFO] validating...
/home/zakerian/miniconda3/envs/usb/lib/python3.8/site-packages/sklearn/metrics/_classification.py:1471: UndefinedMetricWarning: Precision is ill-defined and being set to 0.0 in labels with no predicted samples. Use `zero_division` parameter to control this behavior.
  _warn_prf(average, modifier, msg_start, len(result))
[2025-02-20 23:36:12,323 INFO] confusion matrix:
[[0. 0. 0. ... 0. 0. 0.]
 [0. 0. 0. ... 0. 0. 0.]
 [0. 0. 0. ... 0. 0. 0.]
 ...
 [0. 0. 0. ... 0. 0. 0.]
 [0. 0. 0. ... 0. 0. 0.]
 [0. 0. 0. ... 0. 0. 0.]]
[2025-02-20 23:36:14,344 INFO] model saved: ./saved_models/usb_cv/fixmatch_market1501/latest_model.pth
[2025-02-20 23:36:14,346 INFO] 14336 iteration, USE_EMA: False, train/sup_loss: 0.0958, train/unsup_loss: 0.0000, train/total_loss: 0.0958, train/util_ratio: 0.0000, train/run_time: 0.1481, eval/loss: 18.5298, eval/top-1-acc: 0.0014, eval/top-5-acc: 0.0061, eval/balanced_acc: 0.0014, eval/precision: 0.0007, eval/recall: 0.0014, eval/F1: 0.0006, lr: 0.0005, train/prefecth_time: 0.0037 BEST_EVAL_ACC: 0.0014, at 10240 iters
[2025-02-20 23:37:00,404 INFO] 14592 iteration USE_EMA: False, train/sup_loss: 0.0405, train/unsup_loss: 0.0000, train/total_loss: 0.0405, train/util_ratio: 0.0000, train/run_time: 0.1493, lr: 0.0005, train/prefecth_time: 0.0053 
[2025-02-20 23:37:45,940 INFO] 14848 iteration USE_EMA: False, train/sup_loss: 0.2167, train/unsup_loss: 0.0000, train/total_loss: 0.2167, train/util_ratio: 0.0000, train/run_time: 0.1502, lr: 0.0005, train/prefecth_time: 0.0055 
[2025-02-20 23:38:31,423 INFO] 15104 iteration USE_EMA: False, train/sup_loss: 0.0400, train/unsup_loss: 0.8680, train/total_loss: 0.9080, train/util_ratio: 0.1250, train/run_time: 0.1484, lr: 0.0005, train/prefecth_time: 0.0043 
[2025-02-20 23:39:16,917 INFO] 15360 iteration USE_EMA: False, train/sup_loss: 0.0071, train/unsup_loss: 3.8185, train/total_loss: 3.8256, train/util_ratio: 0.3750, train/run_time: 0.1478, lr: 0.0005, train/prefecth_time: 0.0040 
[2025-02-20 23:40:02,840 INFO] 15616 iteration USE_EMA: False, train/sup_loss: 0.1172, train/unsup_loss: 0.6286, train/total_loss: 0.7458, train/util_ratio: 0.1250, train/run_time: 0.1485, lr: 0.0005, train/prefecth_time: 0.0053 
[2025-02-20 23:40:48,297 INFO] 15872 iteration USE_EMA: False, train/sup_loss: 0.0702, train/unsup_loss: 0.8061, train/total_loss: 0.8763, train/util_ratio: 0.1250, train/run_time: 0.1489, lr: 0.0005, train/prefecth_time: 0.0046 
[2025-02-20 23:41:33,724 INFO] 16128 iteration USE_EMA: False, train/sup_loss: 0.0174, train/unsup_loss: 0.0190, train/total_loss: 0.0364, train/util_ratio: 0.1250, train/run_time: 0.1487, lr: 0.0005, train/prefecth_time: 0.0045 
[2025-02-20 23:42:19,082 INFO] validating...
/home/zakerian/miniconda3/envs/usb/lib/python3.8/site-packages/sklearn/metrics/_classification.py:1471: UndefinedMetricWarning: Precision is ill-defined and being set to 0.0 in labels with no predicted samples. Use `zero_division` parameter to control this behavior.
  _warn_prf(average, modifier, msg_start, len(result))
[2025-02-20 23:42:48,896 INFO] confusion matrix:
[[0.         0.         0.00178699 ... 0.0007148  0.00107219 0.        ]
 [0.         0.         0.         ... 0.         0.01694915 0.        ]
 [0.         0.         0.         ... 0.         0.         0.        ]
 ...
 [0.         0.         0.         ... 0.         0.         0.        ]
 [0.         0.         0.         ... 0.         0.04347826 0.        ]
 [0.         0.         0.         ... 0.         0.         0.        ]]
[2025-02-20 23:42:50,932 INFO] model saved: ./saved_models/usb_cv/fixmatch_market1501/latest_model.pth
[2025-02-20 23:42:50,935 INFO] 16384 iteration, USE_EMA: False, train/sup_loss: 0.0648, train/unsup_loss: 0.2534, train/total_loss: 0.3182, train/util_ratio: 0.1250, train/run_time: 0.1483, eval/loss: 18.9137, eval/top-1-acc: 0.0009, eval/top-5-acc: 0.0052, eval/balanced_acc: 0.0009, eval/precision: 0.0016, eval/recall: 0.0009, eval/F1: 0.0010, lr: 0.0005, train/prefecth_time: 0.0038 BEST_EVAL_ACC: 0.0014, at 10240 iters
[2025-02-20 23:43:36,981 INFO] 16640 iteration USE_EMA: False, train/sup_loss: 0.0551, train/unsup_loss: 0.0000, train/total_loss: 0.0551, train/util_ratio: 0.0000, train/run_time: 0.1493, lr: 0.0005, train/prefecth_time: 0.0046 
[2025-02-20 23:44:22,358 INFO] 16896 iteration USE_EMA: False, train/sup_loss: 0.0120, train/unsup_loss: 0.0000, train/total_loss: 0.0120, train/util_ratio: 0.0000, train/run_time: 0.1500, lr: 0.0005, train/prefecth_time: 0.0053 
[2025-02-20 23:45:07,745 INFO] 17152 iteration USE_EMA: False, train/sup_loss: 0.0845, train/unsup_loss: 1.1832, train/total_loss: 1.2677, train/util_ratio: 0.2500, train/run_time: 0.1496, lr: 0.0005, train/prefecth_time: 0.0055 
[2025-02-20 23:45:53,185 INFO] 17408 iteration USE_EMA: False, train/sup_loss: 0.0336, train/unsup_loss: 0.0000, train/total_loss: 0.0336, train/util_ratio: 0.0000, train/run_time: 0.1476, lr: 0.0005, train/prefecth_time: 0.0042 
[2025-02-20 23:46:39,101 INFO] 17664 iteration USE_EMA: False, train/sup_loss: 0.0291, train/unsup_loss: 0.1674, train/total_loss: 0.1965, train/util_ratio: 0.1250, train/run_time: 0.1484, lr: 0.0005, train/prefecth_time: 0.0043 
[2025-02-20 23:47:24,549 INFO] 17920 iteration USE_EMA: False, train/sup_loss: 0.0435, train/unsup_loss: 0.3518, train/total_loss: 0.3953, train/util_ratio: 0.3750, train/run_time: 0.1484, lr: 0.0005, train/prefecth_time: 0.0040 
[2025-02-20 23:48:09,940 INFO] 18176 iteration USE_EMA: False, train/sup_loss: 0.4476, train/unsup_loss: 0.0203, train/total_loss: 0.4679, train/util_ratio: 0.1250, train/run_time: 0.1482, lr: 0.0005, train/prefecth_time: 0.0039 
[2025-02-20 23:48:55,351 INFO] validating...
/home/zakerian/miniconda3/envs/usb/lib/python3.8/site-packages/sklearn/metrics/_classification.py:1471: UndefinedMetricWarning: Precision is ill-defined and being set to 0.0 in labels with no predicted samples. Use `zero_division` parameter to control this behavior.
  _warn_prf(average, modifier, msg_start, len(result))
[2025-02-20 23:49:24,958 INFO] confusion matrix:
[[0.         0.         0.         ... 0.         0.00107219 0.        ]
 [0.         0.         0.         ... 0.         0.         0.        ]
 [0.         0.         0.         ... 0.         0.         0.        ]
 ...
 [0.         0.         0.         ... 0.         0.         0.        ]
 [0.         0.         0.         ... 0.         0.         0.        ]
 [0.         0.         0.         ... 0.         0.         0.        ]]
[2025-02-20 23:49:26,978 INFO] model saved: ./saved_models/usb_cv/fixmatch_market1501/latest_model.pth
[2025-02-20 23:49:26,981 INFO] 18432 iteration, USE_EMA: False, train/sup_loss: 0.0587, train/unsup_loss: 0.0000, train/total_loss: 0.0587, train/util_ratio: 0.0000, train/run_time: 0.1481, eval/loss: 19.4017, eval/top-1-acc: 0.0013, eval/top-5-acc: 0.0067, eval/balanced_acc: 0.0016, eval/precision: 0.0013, eval/recall: 0.0016, eval/F1: 0.0009, lr: 0.0005, train/prefecth_time: 0.0040 BEST_EVAL_ACC: 0.0014, at 10240 iters
[2025-02-20 23:50:13,017 INFO] 18688 iteration USE_EMA: False, train/sup_loss: 0.0356, train/unsup_loss: 1.2770, train/total_loss: 1.3126, train/util_ratio: 0.2500, train/run_time: 0.1491, lr: 0.0005, train/prefecth_time: 0.0040 
[2025-02-20 23:50:58,485 INFO] 18944 iteration USE_EMA: False, train/sup_loss: 0.0557, train/unsup_loss: 0.8685, train/total_loss: 0.9242, train/util_ratio: 0.1250, train/run_time: 0.1486, lr: 0.0005, train/prefecth_time: 0.0042 
[2025-02-20 23:51:43,874 INFO] 19200 iteration USE_EMA: False, train/sup_loss: 0.0073, train/unsup_loss: 0.5758, train/total_loss: 0.5831, train/util_ratio: 0.1250, train/run_time: 0.1481, lr: 0.0005, train/prefecth_time: 0.0042 
[2025-02-20 23:52:29,186 INFO] 19456 iteration USE_EMA: False, train/sup_loss: 0.2077, train/unsup_loss: 0.0055, train/total_loss: 0.2133, train/util_ratio: 0.1250, train/run_time: 0.1482, lr: 0.0005, train/prefecth_time: 0.0038 
[2025-02-20 23:53:15,219 INFO] 19712 iteration USE_EMA: False, train/sup_loss: 0.1676, train/unsup_loss: 1.4977, train/total_loss: 1.6653, train/util_ratio: 0.3750, train/run_time: 0.1484, lr: 0.0005, train/prefecth_time: 0.0041 
[2025-02-20 23:54:00,620 INFO] 19968 iteration USE_EMA: False, train/sup_loss: 0.0057, train/unsup_loss: 0.3549, train/total_loss: 0.3606, train/util_ratio: 0.1250, train/run_time: 0.1482, lr: 0.0005, train/prefecth_time: 0.0040 
[2025-02-20 23:54:46,037 INFO] 20224 iteration USE_EMA: False, train/sup_loss: 0.0158, train/unsup_loss: 0.0000, train/total_loss: 0.0158, train/util_ratio: 0.0000, train/run_time: 0.1481, lr: 0.0005, train/prefecth_time: 0.0043 
[2025-02-20 23:55:31,431 INFO] validating...
/home/zakerian/miniconda3/envs/usb/lib/python3.8/site-packages/sklearn/metrics/_classification.py:1471: UndefinedMetricWarning: Precision is ill-defined and being set to 0.0 in labels with no predicted samples. Use `zero_division` parameter to control this behavior.
  _warn_prf(average, modifier, msg_start, len(result))
[2025-02-20 23:56:01,473 INFO] confusion matrix:
[[0.0003574 0.        0.        ... 0.0003574 0.        0.       ]
 [0.        0.        0.        ... 0.        0.        0.       ]
 [0.        0.        0.        ... 0.        0.        0.       ]
 ...
 [0.        0.        0.        ... 0.        0.        0.       ]
 [0.        0.        0.        ... 0.        0.        0.       ]
 [0.        0.        0.        ... 0.        0.        0.       ]]
[2025-02-20 23:56:03,534 INFO] model saved: ./saved_models/usb_cv/fixmatch_market1501/latest_model.pth
[2025-02-20 23:56:03,537 INFO] 20480 iteration, USE_EMA: False, train/sup_loss: 0.1923, train/unsup_loss: 0.0000, train/total_loss: 0.1923, train/util_ratio: 0.0000, train/run_time: 0.1478, eval/loss: 18.8708, eval/top-1-acc: 0.0008, eval/top-5-acc: 0.0058, eval/balanced_acc: 0.0013, eval/precision: 0.0014, eval/recall: 0.0013, eval/F1: 0.0005, lr: 0.0005, train/prefecth_time: 0.0039 BEST_EVAL_ACC: 0.0014, at 10240 iters
[2025-02-20 23:56:49,664 INFO] 20736 iteration USE_EMA: False, train/sup_loss: 0.1356, train/unsup_loss: 0.0000, train/total_loss: 0.1356, train/util_ratio: 0.0000, train/run_time: 0.1489, lr: 0.0005, train/prefecth_time: 0.0043 
[2025-02-20 23:57:35,107 INFO] 20992 iteration USE_EMA: False, train/sup_loss: 0.0502, train/unsup_loss: 0.6616, train/total_loss: 0.7118, train/util_ratio: 0.2500, train/run_time: 0.1483, lr: 0.0005, train/prefecth_time: 0.0041 
[2025-02-20 23:58:20,578 INFO] 21248 iteration USE_EMA: False, train/sup_loss: 0.0095, train/unsup_loss: 1.5304, train/total_loss: 1.5400, train/util_ratio: 0.5000, train/run_time: 0.1485, lr: 0.0005, train/prefecth_time: 0.0042 
[2025-02-20 23:59:06,096 INFO] 21504 iteration USE_EMA: False, train/sup_loss: 0.0598, train/unsup_loss: 0.0201, train/total_loss: 0.0799, train/util_ratio: 0.1250, train/run_time: 0.1481, lr: 0.0005, train/prefecth_time: 0.0039 
[2025-02-20 23:59:51,981 INFO] 21760 iteration USE_EMA: False, train/sup_loss: 0.2655, train/unsup_loss: 0.7527, train/total_loss: 1.0182, train/util_ratio: 0.2500, train/run_time: 0.1499, lr: 0.0005, train/prefecth_time: 0.0044 
[2025-02-21 00:00:37,445 INFO] 22016 iteration USE_EMA: False, train/sup_loss: 0.0356, train/unsup_loss: 0.0540, train/total_loss: 0.0896, train/util_ratio: 0.1250, train/run_time: 0.1484, lr: 0.0005, train/prefecth_time: 0.0042 
[2025-02-21 00:01:22,875 INFO] 22272 iteration USE_EMA: False, train/sup_loss: 0.0235, train/unsup_loss: 0.0904, train/total_loss: 0.1139, train/util_ratio: 0.2500, train/run_time: 0.1483, lr: 0.0005, train/prefecth_time: 0.0042 
[2025-02-21 00:02:08,250 INFO] validating...
/home/zakerian/miniconda3/envs/usb/lib/python3.8/site-packages/sklearn/metrics/_classification.py:1471: UndefinedMetricWarning: Precision is ill-defined and being set to 0.0 in labels with no predicted samples. Use `zero_division` parameter to control this behavior.
  _warn_prf(average, modifier, msg_start, len(result))
[2025-02-21 00:02:37,953 INFO] confusion matrix:
[[0.         0.         0.         ... 0.00250179 0.         0.03145104]
 [0.         0.         0.         ... 0.         0.         0.03389831]
 [0.         0.         0.         ... 0.         0.         0.        ]
 ...
 [0.         0.         0.         ... 0.         0.         0.        ]
 [0.         0.         0.         ... 0.         0.         0.        ]
 [0.         0.         0.         ... 0.         0.         0.125     ]]
[2025-02-21 00:02:39,978 INFO] model saved: ./saved_models/usb_cv/fixmatch_market1501/latest_model.pth
[2025-02-21 00:02:39,981 INFO] 22528 iteration, USE_EMA: False, train/sup_loss: 0.0094, train/unsup_loss: 0.0000, train/total_loss: 0.0094, train/util_ratio: 0.0000, train/run_time: 0.1474, eval/loss: 18.8461, eval/top-1-acc: 0.0014, eval/top-5-acc: 0.0062, eval/balanced_acc: 0.0020, eval/precision: 0.0010, eval/recall: 0.0020, eval/F1: 0.0010, lr: 0.0005, train/prefecth_time: 0.0039 BEST_EVAL_ACC: 0.0014, at 10240 iters
[2025-02-21 00:03:26,044 INFO] 22784 iteration USE_EMA: False, train/sup_loss: 0.0166, train/unsup_loss: 0.0002, train/total_loss: 0.0167, train/util_ratio: 0.1250, train/run_time: 0.1492, lr: 0.0005, train/prefecth_time: 0.0056 
[2025-02-21 00:04:11,529 INFO] 23040 iteration USE_EMA: False, train/sup_loss: 0.0042, train/unsup_loss: 0.9672, train/total_loss: 0.9714, train/util_ratio: 0.3750, train/run_time: 0.1484, lr: 0.0005, train/prefecth_time: 0.0043 
[2025-02-21 00:04:56,890 INFO] 23296 iteration USE_EMA: False, train/sup_loss: 0.0172, train/unsup_loss: 0.1583, train/total_loss: 0.1755, train/util_ratio: 0.1250, train/run_time: 0.1485, lr: 0.0005, train/prefecth_time: 0.0042 
[2025-02-21 00:05:42,249 INFO] 23552 iteration USE_EMA: False, train/sup_loss: 0.0069, train/unsup_loss: 1.1386, train/total_loss: 1.1455, train/util_ratio: 0.3750, train/run_time: 0.1472, lr: 0.0005, train/prefecth_time: 0.0042 
[2025-02-21 00:06:28,213 INFO] 23808 iteration USE_EMA: False, train/sup_loss: 0.0049, train/unsup_loss: 1.2017, train/total_loss: 1.2066, train/util_ratio: 0.3750, train/run_time: 0.1483, lr: 0.0005, train/prefecth_time: 0.0043 
[2025-02-21 00:07:13,721 INFO] 24064 iteration USE_EMA: False, train/sup_loss: 0.0306, train/unsup_loss: 0.0000, train/total_loss: 0.0306, train/util_ratio: 0.0000, train/run_time: 0.1484, lr: 0.0005, train/prefecth_time: 0.0042 
[2025-02-21 00:07:59,128 INFO] 24320 iteration USE_EMA: False, train/sup_loss: 0.0663, train/unsup_loss: 1.8730, train/total_loss: 1.9393, train/util_ratio: 0.2500, train/run_time: 0.1478, lr: 0.0005, train/prefecth_time: 0.0041 
[2025-02-21 00:08:44,629 INFO] validating...
/home/zakerian/miniconda3/envs/usb/lib/python3.8/site-packages/sklearn/metrics/_classification.py:1471: UndefinedMetricWarning: Precision is ill-defined and being set to 0.0 in labels with no predicted samples. Use `zero_division` parameter to control this behavior.
  _warn_prf(average, modifier, msg_start, len(result))
[2025-02-21 00:09:14,276 INFO] confusion matrix:
[[0.         0.0003574  0.         ... 0.         0.         0.00142959]
 [0.         0.         0.         ... 0.         0.         0.        ]
 [0.         0.         0.         ... 0.         0.         0.        ]
 ...
 [0.         0.         0.         ... 0.         0.         0.        ]
 [0.         0.         0.         ... 0.         0.         0.        ]
 [0.         0.         0.         ... 0.         0.         0.        ]]
[2025-02-21 00:09:16,274 INFO] model saved: ./saved_models/usb_cv/fixmatch_market1501/latest_model.pth
[2025-02-21 00:09:16,277 INFO] 24576 iteration, USE_EMA: False, train/sup_loss: 0.0763, train/unsup_loss: 2.6016, train/total_loss: 2.6779, train/util_ratio: 0.2500, train/run_time: 0.1478, eval/loss: 18.5240, eval/top-1-acc: 0.0007, eval/top-5-acc: 0.0048, eval/balanced_acc: 0.0012, eval/precision: 0.0007, eval/recall: 0.0012, eval/F1: 0.0007, lr: 0.0005, train/prefecth_time: 0.0038 BEST_EVAL_ACC: 0.0014, at 10240 iters
[2025-02-21 00:10:02,271 INFO] 24832 iteration USE_EMA: False, train/sup_loss: 0.0194, train/unsup_loss: 0.7297, train/total_loss: 0.7491, train/util_ratio: 0.2500, train/run_time: 0.1486, lr: 0.0005, train/prefecth_time: 0.0045 
[2025-02-21 00:10:47,731 INFO] 25088 iteration USE_EMA: False, train/sup_loss: 0.0052, train/unsup_loss: 2.2908, train/total_loss: 2.2960, train/util_ratio: 0.1250, train/run_time: 0.1479, lr: 0.0005, train/prefecth_time: 0.0040 
[2025-02-21 00:11:33,183 INFO] 25344 iteration USE_EMA: False, train/sup_loss: 0.0127, train/unsup_loss: 1.0608, train/total_loss: 1.0735, train/util_ratio: 0.3750, train/run_time: 0.1482, lr: 0.0005, train/prefecth_time: 0.0043 
[2025-02-21 00:12:18,662 INFO] 25600 iteration USE_EMA: False, train/sup_loss: 0.0025, train/unsup_loss: 0.0000, train/total_loss: 0.0025, train/util_ratio: 0.0000, train/run_time: 0.1483, lr: 0.0005, train/prefecth_time: 0.0041 
[2025-02-21 00:13:04,678 INFO] 25856 iteration USE_EMA: False, train/sup_loss: 0.1041, train/unsup_loss: 0.4615, train/total_loss: 0.5656, train/util_ratio: 0.1250, train/run_time: 0.1479, lr: 0.0005, train/prefecth_time: 0.0041 
[2025-02-21 00:13:50,077 INFO] 26112 iteration USE_EMA: False, train/sup_loss: 0.3415, train/unsup_loss: 0.0000, train/total_loss: 0.3415, train/util_ratio: 0.0000, train/run_time: 0.1481, lr: 0.0005, train/prefecth_time: 0.0045 
[2025-02-21 00:14:35,402 INFO] 26368 iteration USE_EMA: False, train/sup_loss: 0.0059, train/unsup_loss: 1.7347, train/total_loss: 1.7406, train/util_ratio: 0.3750, train/run_time: 0.1479, lr: 0.0005, train/prefecth_time: 0.0043 
[2025-02-21 00:15:20,784 INFO] validating...
/home/zakerian/miniconda3/envs/usb/lib/python3.8/site-packages/sklearn/metrics/_classification.py:1471: UndefinedMetricWarning: Precision is ill-defined and being set to 0.0 in labels with no predicted samples. Use `zero_division` parameter to control this behavior.
  _warn_prf(average, modifier, msg_start, len(result))
[2025-02-21 00:15:50,504 INFO] confusion matrix:
[[0.        0.        0.        ... 0.0003574 0.        0.0007148]
 [0.        0.        0.        ... 0.        0.        0.       ]
 [0.        0.        0.        ... 0.        0.        0.       ]
 ...
 [0.        0.        0.        ... 0.        0.        0.       ]
 [0.        0.        0.        ... 0.        0.        0.       ]
 [0.        0.        0.        ... 0.        0.        0.       ]]
[2025-02-21 00:15:52,545 INFO] model saved: ./saved_models/usb_cv/fixmatch_market1501/latest_model.pth
[2025-02-21 00:15:52,547 INFO] 26624 iteration, USE_EMA: False, train/sup_loss: 0.0034, train/unsup_loss: 0.0000, train/total_loss: 0.0034, train/util_ratio: 0.0000, train/run_time: 0.1479, eval/loss: 17.4857, eval/top-1-acc: 0.0014, eval/top-5-acc: 0.0052, eval/balanced_acc: 0.0019, eval/precision: 0.0015, eval/recall: 0.0019, eval/F1: 0.0013, lr: 0.0005, train/prefecth_time: 0.0039 BEST_EVAL_ACC: 0.0014, at 10240 iters
[2025-02-21 00:16:38,556 INFO] 26880 iteration USE_EMA: False, train/sup_loss: 0.3506, train/unsup_loss: 0.0000, train/total_loss: 0.3506, train/util_ratio: 0.0000, train/run_time: 0.1481, lr: 0.0005, train/prefecth_time: 0.0043 
[2025-02-21 00:17:23,997 INFO] 27136 iteration USE_EMA: False, train/sup_loss: 0.0028, train/unsup_loss: 0.0000, train/total_loss: 0.0028, train/util_ratio: 0.0000, train/run_time: 0.1485, lr: 0.0005, train/prefecth_time: 0.0047 
[2025-02-21 00:18:09,493 INFO] 27392 iteration USE_EMA: False, train/sup_loss: 0.2521, train/unsup_loss: 0.0007, train/total_loss: 0.2528, train/util_ratio: 0.1250, train/run_time: 0.1494, lr: 0.0005, train/prefecth_time: 0.0043 
[2025-02-21 00:18:54,934 INFO] 27648 iteration USE_EMA: False, train/sup_loss: 0.0137, train/unsup_loss: 0.0001, train/total_loss: 0.0138, train/util_ratio: 0.1250, train/run_time: 0.1480, lr: 0.0005, train/prefecth_time: 0.0044 
[2025-02-21 00:19:41,007 INFO] 27904 iteration USE_EMA: False, train/sup_loss: 0.1098, train/unsup_loss: 0.9082, train/total_loss: 1.0180, train/util_ratio: 0.2500, train/run_time: 0.1483, lr: 0.0005, train/prefecth_time: 0.0044 
[2025-02-21 00:20:26,455 INFO] 28160 iteration USE_EMA: False, train/sup_loss: 0.0065, train/unsup_loss: 0.0388, train/total_loss: 0.0454, train/util_ratio: 0.1250, train/run_time: 0.1479, lr: 0.0005, train/prefecth_time: 0.0041 
[2025-02-21 00:21:11,938 INFO] 28416 iteration USE_EMA: False, train/sup_loss: 0.0416, train/unsup_loss: 0.2594, train/total_loss: 0.3010, train/util_ratio: 0.2500, train/run_time: 0.1492, lr: 0.0005, train/prefecth_time: 0.0041 
[2025-02-21 00:21:57,498 INFO] validating...
/home/zakerian/miniconda3/envs/usb/lib/python3.8/site-packages/sklearn/metrics/_classification.py:1471: UndefinedMetricWarning: Precision is ill-defined and being set to 0.0 in labels with no predicted samples. Use `zero_division` parameter to control this behavior.
  _warn_prf(average, modifier, msg_start, len(result))
[2025-02-21 00:22:27,254 INFO] confusion matrix:
[[0.         0.         0.         ... 0.         0.00142959 0.        ]
 [0.         0.         0.         ... 0.         0.         0.        ]
 [0.         0.         0.         ... 0.         0.         0.        ]
 ...
 [0.         0.         0.         ... 0.         0.         0.        ]
 [0.         0.         0.         ... 0.         0.         0.        ]
 [0.         0.         0.         ... 0.         0.         0.        ]]
[2025-02-21 00:22:29,259 INFO] model saved: ./saved_models/usb_cv/fixmatch_market1501/latest_model.pth
[2025-02-21 00:22:29,261 INFO] 28672 iteration, USE_EMA: False, train/sup_loss: 0.0118, train/unsup_loss: 0.1147, train/total_loss: 0.1265, train/util_ratio: 0.2500, train/run_time: 0.1478, eval/loss: 18.3620, eval/top-1-acc: 0.0013, eval/top-5-acc: 0.0065, eval/balanced_acc: 0.0011, eval/precision: 0.0010, eval/recall: 0.0011, eval/F1: 0.0009, lr: 0.0005, train/prefecth_time: 0.0040 BEST_EVAL_ACC: 0.0014, at 10240 iters
[2025-02-21 00:23:15,302 INFO] 28928 iteration USE_EMA: False, train/sup_loss: 0.0011, train/unsup_loss: 0.0000, train/total_loss: 0.0011, train/util_ratio: 0.0000, train/run_time: 0.1490, lr: 0.0005, train/prefecth_time: 0.0044 
[2025-02-21 00:24:00,694 INFO] 29184 iteration USE_EMA: False, train/sup_loss: 0.2037, train/unsup_loss: 0.0000, train/total_loss: 0.2037, train/util_ratio: 0.0000, train/run_time: 0.1490, lr: 0.0005, train/prefecth_time: 0.0040 
[2025-02-21 00:24:46,140 INFO] 29440 iteration USE_EMA: False, train/sup_loss: 0.0225, train/unsup_loss: 0.5093, train/total_loss: 0.5319, train/util_ratio: 0.1250, train/run_time: 0.1480, lr: 0.0005, train/prefecth_time: 0.0039 
[2025-02-21 00:25:31,600 INFO] 29696 iteration USE_EMA: False, train/sup_loss: 0.0564, train/unsup_loss: 0.0000, train/total_loss: 0.0564, train/util_ratio: 0.0000, train/run_time: 0.1472, lr: 0.0005, train/prefecth_time: 0.0041 
[2025-02-21 00:26:17,434 INFO] 29952 iteration USE_EMA: False, train/sup_loss: 0.0141, train/unsup_loss: 0.0824, train/total_loss: 0.0965, train/util_ratio: 0.2500, train/run_time: 0.1486, lr: 0.0005, train/prefecth_time: 0.0041 
[2025-02-21 00:27:02,769 INFO] 30208 iteration USE_EMA: False, train/sup_loss: 0.0498, train/unsup_loss: 0.1273, train/total_loss: 0.1772, train/util_ratio: 0.2500, train/run_time: 0.1480, lr: 0.0005, train/prefecth_time: 0.0043 
[2025-02-21 00:27:48,191 INFO] 30464 iteration USE_EMA: False, train/sup_loss: 0.0061, train/unsup_loss: 0.8938, train/total_loss: 0.8999, train/util_ratio: 0.3750, train/run_time: 0.1485, lr: 0.0005, train/prefecth_time: 0.0041 
[2025-02-21 00:28:33,530 INFO] validating...
/home/zakerian/miniconda3/envs/usb/lib/python3.8/site-packages/sklearn/metrics/_classification.py:1471: UndefinedMetricWarning: Precision is ill-defined and being set to 0.0 in labels with no predicted samples. Use `zero_division` parameter to control this behavior.
  _warn_prf(average, modifier, msg_start, len(result))
[2025-02-21 00:29:03,233 INFO] confusion matrix:
[[0.         0.         0.         ... 0.         0.         0.        ]
 [0.         0.         0.         ... 0.         0.         0.        ]
 [0.         0.         0.         ... 0.         0.         0.        ]
 ...
 [0.         0.         0.         ... 0.         0.         0.        ]
 [0.         0.         0.         ... 0.         0.04347826 0.        ]
 [0.         0.         0.         ... 0.         0.         0.        ]]
[2025-02-21 00:29:05,301 INFO] model saved: ./saved_models/usb_cv/fixmatch_market1501/latest_model.pth
[2025-02-21 00:29:07,272 INFO] model saved: ./saved_models/usb_cv/fixmatch_market1501/model_best.pth
[2025-02-21 00:29:07,273 INFO] 30720 iteration, USE_EMA: False, train/sup_loss: 0.0793, train/unsup_loss: 0.0066, train/total_loss: 0.0858, train/util_ratio: 0.1250, train/run_time: 0.1477, eval/loss: 18.8461, eval/top-1-acc: 0.0016, eval/top-5-acc: 0.0053, eval/balanced_acc: 0.0027, eval/precision: 0.0012, eval/recall: 0.0027, eval/F1: 0.0011, lr: 0.0005, train/prefecth_time: 0.0037 BEST_EVAL_ACC: 0.0016, at 30720 iters
[2025-02-21 00:29:53,307 INFO] 30976 iteration USE_EMA: False, train/sup_loss: 0.0339, train/unsup_loss: 0.8828, train/total_loss: 0.9168, train/util_ratio: 0.2500, train/run_time: 0.1486, lr: 0.0005, train/prefecth_time: 0.0044 
[2025-02-21 00:30:38,721 INFO] 31232 iteration USE_EMA: False, train/sup_loss: 0.0612, train/unsup_loss: 1.7139, train/total_loss: 1.7751, train/util_ratio: 0.2500, train/run_time: 0.1486, lr: 0.0005, train/prefecth_time: 0.0041 
[2025-02-21 00:31:24,162 INFO] 31488 iteration USE_EMA: False, train/sup_loss: 0.0043, train/unsup_loss: 0.0000, train/total_loss: 0.0043, train/util_ratio: 0.0000, train/run_time: 0.1480, lr: 0.0005, train/prefecth_time: 0.0043 
[2025-02-21 00:32:09,639 INFO] 31744 iteration USE_EMA: False, train/sup_loss: 0.0134, train/unsup_loss: 0.0350, train/total_loss: 0.0484, train/util_ratio: 0.2500, train/run_time: 0.1481, lr: 0.0005, train/prefecth_time: 0.0037 
[2025-02-21 00:32:55,556 INFO] 32000 iteration USE_EMA: False, train/sup_loss: 0.0048, train/unsup_loss: 0.6621, train/total_loss: 0.6670, train/util_ratio: 0.1250, train/run_time: 0.1489, lr: 0.0005, train/prefecth_time: 0.0044 
[2025-02-21 00:33:41,048 INFO] 32256 iteration USE_EMA: False, train/sup_loss: 0.0487, train/unsup_loss: 0.0021, train/total_loss: 0.0508, train/util_ratio: 0.1250, train/run_time: 0.1480, lr: 0.0005, train/prefecth_time: 0.0045 
[2025-02-21 00:34:26,559 INFO] 32512 iteration USE_EMA: False, train/sup_loss: 0.0060, train/unsup_loss: 0.8208, train/total_loss: 0.8267, train/util_ratio: 0.1250, train/run_time: 0.1481, lr: 0.0005, train/prefecth_time: 0.0040 
[2025-02-21 00:35:11,953 INFO] validating...
/home/zakerian/miniconda3/envs/usb/lib/python3.8/site-packages/sklearn/metrics/_classification.py:1471: UndefinedMetricWarning: Precision is ill-defined and being set to 0.0 in labels with no predicted samples. Use `zero_division` parameter to control this behavior.
  _warn_prf(average, modifier, msg_start, len(result))
[2025-02-21 00:35:41,971 INFO] confusion matrix:
[[0.         0.0003574  0.         ... 0.01143674 0.00428878 0.01322373]
 [0.         0.         0.         ... 0.01694915 0.         0.        ]
 [0.         0.         0.         ... 0.         0.         0.        ]
 ...
 [0.         0.         0.         ... 0.         0.         0.        ]
 [0.         0.         0.         ... 0.         0.04347826 0.        ]
 [0.         0.         0.         ... 0.         0.         0.        ]]
[2025-02-21 00:35:43,986 INFO] model saved: ./saved_models/usb_cv/fixmatch_market1501/latest_model.pth
[2025-02-21 00:35:43,988 INFO] 32768 iteration, USE_EMA: False, train/sup_loss: 0.0638, train/unsup_loss: 1.2224, train/total_loss: 1.2862, train/util_ratio: 0.5000, train/run_time: 0.1476, eval/loss: 19.8618, eval/top-1-acc: 0.0013, eval/top-5-acc: 0.0047, eval/balanced_acc: 0.0012, eval/precision: 0.0013, eval/recall: 0.0012, eval/F1: 0.0009, lr: 0.0005, train/prefecth_time: 0.0037 BEST_EVAL_ACC: 0.0016, at 30720 iters
[2025-02-21 00:36:30,044 INFO] 33024 iteration USE_EMA: False, train/sup_loss: 0.0496, train/unsup_loss: 0.9747, train/total_loss: 1.0244, train/util_ratio: 0.2500, train/run_time: 0.1496, lr: 0.0005, train/prefecth_time: 0.0055 
[2025-02-21 00:37:15,493 INFO] 33280 iteration USE_EMA: False, train/sup_loss: 0.0040, train/unsup_loss: 0.5916, train/total_loss: 0.5956, train/util_ratio: 0.2500, train/run_time: 0.1483, lr: 0.0005, train/prefecth_time: 0.0042 
[2025-02-21 00:38:00,953 INFO] 33536 iteration USE_EMA: False, train/sup_loss: 0.0098, train/unsup_loss: 0.0756, train/total_loss: 0.0854, train/util_ratio: 0.1250, train/run_time: 0.1486, lr: 0.0005, train/prefecth_time: 0.0043 
[2025-02-21 00:38:46,333 INFO] 33792 iteration USE_EMA: False, train/sup_loss: 0.0126, train/unsup_loss: 0.1896, train/total_loss: 0.2022, train/util_ratio: 0.1250, train/run_time: 0.1478, lr: 0.0005, train/prefecth_time: 0.0040 
[2025-02-21 00:39:32,338 INFO] 34048 iteration USE_EMA: False, train/sup_loss: 0.0339, train/unsup_loss: 1.0220, train/total_loss: 1.0558, train/util_ratio: 0.3750, train/run_time: 0.1489, lr: 0.0005, train/prefecth_time: 0.0058 
[2025-02-21 00:40:17,734 INFO] 34304 iteration USE_EMA: False, train/sup_loss: 0.0017, train/unsup_loss: 0.2551, train/total_loss: 0.2569, train/util_ratio: 0.1250, train/run_time: 0.1481, lr: 0.0005, train/prefecth_time: 0.0045 
[2025-02-21 00:41:03,108 INFO] 34560 iteration USE_EMA: False, train/sup_loss: 0.1841, train/unsup_loss: 0.2472, train/total_loss: 0.4313, train/util_ratio: 0.1250, train/run_time: 0.1483, lr: 0.0005, train/prefecth_time: 0.0046 
[2025-02-21 00:41:48,613 INFO] validating...
/home/zakerian/miniconda3/envs/usb/lib/python3.8/site-packages/sklearn/metrics/_classification.py:1471: UndefinedMetricWarning: Precision is ill-defined and being set to 0.0 in labels with no predicted samples. Use `zero_division` parameter to control this behavior.
  _warn_prf(average, modifier, msg_start, len(result))
[2025-02-21 00:42:18,276 INFO] confusion matrix:
[[0.         0.0003574  0.0003574  ... 0.00714796 0.0007148  0.        ]
 [0.         0.         0.         ... 0.         0.         0.        ]
 [0.         0.         0.         ... 0.         0.         0.        ]
 ...
 [0.         0.         0.         ... 0.         0.         0.        ]
 [0.         0.         0.         ... 0.         0.         0.        ]
 [0.         0.         0.         ... 0.         0.         0.        ]]
[2025-02-21 00:42:20,284 INFO] model saved: ./saved_models/usb_cv/fixmatch_market1501/latest_model.pth
[2025-02-21 00:42:20,287 INFO] 34816 iteration, USE_EMA: False, train/sup_loss: 0.0044, train/unsup_loss: 0.3180, train/total_loss: 0.3223, train/util_ratio: 0.1250, train/run_time: 0.1479, eval/loss: 19.8224, eval/top-1-acc: 0.0016, eval/top-5-acc: 0.0065, eval/balanced_acc: 0.0028, eval/precision: 0.0013, eval/recall: 0.0028, eval/F1: 0.0014, lr: 0.0005, train/prefecth_time: 0.0037 BEST_EVAL_ACC: 0.0016, at 30720 iters
[2025-02-21 00:43:06,377 INFO] 35072 iteration USE_EMA: False, train/sup_loss: 0.0059, train/unsup_loss: 0.0000, train/total_loss: 0.0059, train/util_ratio: 0.0000, train/run_time: 0.1483, lr: 0.0005, train/prefecth_time: 0.0046 
[2025-02-21 00:43:51,825 INFO] 35328 iteration USE_EMA: False, train/sup_loss: 0.0151, train/unsup_loss: 0.5581, train/total_loss: 0.5732, train/util_ratio: 0.2500, train/run_time: 0.1485, lr: 0.0005, train/prefecth_time: 0.0044 
[2025-02-21 00:44:37,180 INFO] 35584 iteration USE_EMA: False, train/sup_loss: 0.0113, train/unsup_loss: 0.0000, train/total_loss: 0.0113, train/util_ratio: 0.0000, train/run_time: 0.1483, lr: 0.0005, train/prefecth_time: 0.0043 
[2025-02-21 00:45:22,516 INFO] 35840 iteration USE_EMA: False, train/sup_loss: 0.0114, train/unsup_loss: 0.1004, train/total_loss: 0.1119, train/util_ratio: 0.2500, train/run_time: 0.1476, lr: 0.0005, train/prefecth_time: 0.0043 
[2025-02-21 00:46:08,434 INFO] 36096 iteration USE_EMA: False, train/sup_loss: 0.0184, train/unsup_loss: 0.8442, train/total_loss: 0.8626, train/util_ratio: 0.3750, train/run_time: 0.1480, lr: 0.0005, train/prefecth_time: 0.0045 
[2025-02-21 00:46:53,823 INFO] 36352 iteration USE_EMA: False, train/sup_loss: 0.0896, train/unsup_loss: 0.0096, train/total_loss: 0.0992, train/util_ratio: 0.1250, train/run_time: 0.1482, lr: 0.0005, train/prefecth_time: 0.0042 
[2025-02-21 00:47:39,238 INFO] 36608 iteration USE_EMA: False, train/sup_loss: 0.0029, train/unsup_loss: 0.0000, train/total_loss: 0.0029, train/util_ratio: 0.0000, train/run_time: 0.1488, lr: 0.0005, train/prefecth_time: 0.0058 
[2025-02-21 00:48:24,614 INFO] validating...
/home/zakerian/miniconda3/envs/usb/lib/python3.8/site-packages/sklearn/metrics/_classification.py:1471: UndefinedMetricWarning: Precision is ill-defined and being set to 0.0 in labels with no predicted samples. Use `zero_division` parameter to control this behavior.
  _warn_prf(average, modifier, msg_start, len(result))
[2025-02-21 00:48:54,447 INFO] confusion matrix:
[[0.        0.        0.        ... 0.0003574 0.        0.0003574]
 [0.        0.        0.        ... 0.        0.        0.       ]
 [0.        0.        0.        ... 0.        0.        0.       ]
 ...
 [0.        0.        0.        ... 0.        0.        0.       ]
 [0.        0.        0.        ... 0.        0.        0.       ]
 [0.        0.        0.        ... 0.        0.        0.       ]]
[2025-02-21 00:48:56,454 INFO] model saved: ./saved_models/usb_cv/fixmatch_market1501/latest_model.pth
[2025-02-21 00:48:56,456 INFO] 36864 iteration, USE_EMA: False, train/sup_loss: 0.0194, train/unsup_loss: 0.7966, train/total_loss: 0.8160, train/util_ratio: 0.2500, train/run_time: 0.1475, eval/loss: 19.1125, eval/top-1-acc: 0.0010, eval/top-5-acc: 0.0051, eval/balanced_acc: 0.0010, eval/precision: 0.0010, eval/recall: 0.0010, eval/F1: 0.0008, lr: 0.0005, train/prefecth_time: 0.0039 BEST_EVAL_ACC: 0.0016, at 30720 iters
[2025-02-21 00:49:42,513 INFO] 37120 iteration USE_EMA: False, train/sup_loss: 0.0119, train/unsup_loss: 0.7086, train/total_loss: 0.7205, train/util_ratio: 0.2500, train/run_time: 0.1493, lr: 0.0005, train/prefecth_time: 0.0040 
[2025-02-21 00:50:27,983 INFO] 37376 iteration USE_EMA: False, train/sup_loss: 0.0189, train/unsup_loss: 0.1016, train/total_loss: 0.1205, train/util_ratio: 0.2500, train/run_time: 0.1483, lr: 0.0005, train/prefecth_time: 0.0041 
[2025-02-21 00:51:13,364 INFO] 37632 iteration USE_EMA: False, train/sup_loss: 0.0124, train/unsup_loss: 0.6145, train/total_loss: 0.6269, train/util_ratio: 0.2500, train/run_time: 0.1482, lr: 0.0005, train/prefecth_time: 0.0043 
[2025-02-21 00:51:58,840 INFO] 37888 iteration USE_EMA: False, train/sup_loss: 0.0016, train/unsup_loss: 0.6278, train/total_loss: 0.6294, train/util_ratio: 0.2500, train/run_time: 0.1483, lr: 0.0005, train/prefecth_time: 0.0034 
[2025-02-21 00:52:44,707 INFO] 38144 iteration USE_EMA: False, train/sup_loss: 0.0033, train/unsup_loss: 0.6795, train/total_loss: 0.6828, train/util_ratio: 0.2500, train/run_time: 0.1482, lr: 0.0005, train/prefecth_time: 0.0045 
[2025-02-21 00:53:30,110 INFO] 38400 iteration USE_EMA: False, train/sup_loss: 0.0027, train/unsup_loss: 0.7631, train/total_loss: 0.7658, train/util_ratio: 0.3750, train/run_time: 0.1492, lr: 0.0005, train/prefecth_time: 0.0045 
[2025-02-21 00:54:15,581 INFO] 38656 iteration USE_EMA: False, train/sup_loss: 0.0167, train/unsup_loss: 0.1161, train/total_loss: 0.1328, train/util_ratio: 0.2500, train/run_time: 0.1483, lr: 0.0005, train/prefecth_time: 0.0044 
[2025-02-21 00:55:00,973 INFO] validating...
/home/zakerian/miniconda3/envs/usb/lib/python3.8/site-packages/sklearn/metrics/_classification.py:1471: UndefinedMetricWarning: Precision is ill-defined and being set to 0.0 in labels with no predicted samples. Use `zero_division` parameter to control this behavior.
  _warn_prf(average, modifier, msg_start, len(result))
[2025-02-21 00:55:30,683 INFO] confusion matrix:
[[0.        0.0003574 0.        ... 0.        0.        0.0003574]
 [0.        0.        0.        ... 0.        0.        0.       ]
 [0.        0.        0.        ... 0.        0.        0.       ]
 ...
 [0.        0.        0.        ... 0.        0.        0.       ]
 [0.        0.        0.        ... 0.        0.        0.       ]
 [0.        0.        0.        ... 0.        0.        0.       ]]
[2025-02-21 00:55:32,632 INFO] model saved: ./saved_models/usb_cv/fixmatch_market1501/latest_model.pth
[2025-02-21 00:55:32,635 INFO] 38912 iteration, USE_EMA: False, train/sup_loss: 0.0005, train/unsup_loss: 0.4473, train/total_loss: 0.4478, train/util_ratio: 0.2500, train/run_time: 0.1481, eval/loss: 20.4114, eval/top-1-acc: 0.0012, eval/top-5-acc: 0.0063, eval/balanced_acc: 0.0014, eval/precision: 0.0011, eval/recall: 0.0014, eval/F1: 0.0009, lr: 0.0005, train/prefecth_time: 0.0040 BEST_EVAL_ACC: 0.0016, at 30720 iters
[2025-02-21 00:56:18,760 INFO] 39168 iteration USE_EMA: False, train/sup_loss: 0.0123, train/unsup_loss: 0.5817, train/total_loss: 0.5941, train/util_ratio: 0.1250, train/run_time: 0.1484, lr: 0.0005, train/prefecth_time: 0.0041 
[2025-02-21 00:57:04,270 INFO] 39424 iteration USE_EMA: False, train/sup_loss: 0.0259, train/unsup_loss: 0.0551, train/total_loss: 0.0810, train/util_ratio: 0.1250, train/run_time: 0.1482, lr: 0.0005, train/prefecth_time: 0.0046 
[2025-02-21 00:57:49,664 INFO] 39680 iteration USE_EMA: False, train/sup_loss: 0.0022, train/unsup_loss: 2.3783, train/total_loss: 2.3805, train/util_ratio: 0.5000, train/run_time: 0.1481, lr: 0.0005, train/prefecth_time: 0.0039 
[2025-02-21 00:58:35,124 INFO] 39936 iteration USE_EMA: False, train/sup_loss: 0.0011, train/unsup_loss: 1.0169, train/total_loss: 1.0180, train/util_ratio: 0.3750, train/run_time: 0.1477, lr: 0.0005, train/prefecth_time: 0.0039 
[2025-02-21 00:59:21,080 INFO] 40192 iteration USE_EMA: False, train/sup_loss: 0.0120, train/unsup_loss: 0.0000, train/total_loss: 0.0120, train/util_ratio: 0.0000, train/run_time: 0.1481, lr: 0.0005, train/prefecth_time: 0.0046 
[2025-02-21 01:00:06,508 INFO] 40448 iteration USE_EMA: False, train/sup_loss: 0.0090, train/unsup_loss: 0.2907, train/total_loss: 0.2997, train/util_ratio: 0.1250, train/run_time: 0.1479, lr: 0.0005, train/prefecth_time: 0.0042 
[2025-02-21 01:00:51,990 INFO] 40704 iteration USE_EMA: False, train/sup_loss: 0.0040, train/unsup_loss: 0.7520, train/total_loss: 0.7560, train/util_ratio: 0.2500, train/run_time: 0.1485, lr: 0.0005, train/prefecth_time: 0.0043 
[2025-02-21 01:01:37,430 INFO] validating...
/home/zakerian/miniconda3/envs/usb/lib/python3.8/site-packages/sklearn/metrics/_classification.py:1471: UndefinedMetricWarning: Precision is ill-defined and being set to 0.0 in labels with no predicted samples. Use `zero_division` parameter to control this behavior.
  _warn_prf(average, modifier, msg_start, len(result))
[2025-02-21 01:02:07,156 INFO] confusion matrix:
[[0.         0.         0.         ... 0.00214439 0.00178699 0.00107219]
 [0.         0.         0.         ... 0.06779661 0.         0.        ]
 [0.         0.         0.         ... 0.         0.         0.        ]
 ...
 [0.         0.         0.         ... 0.         0.         0.        ]
 [0.         0.         0.         ... 0.         0.         0.        ]
 [0.         0.         0.         ... 0.         0.         0.        ]]
[2025-02-21 01:02:09,234 INFO] model saved: ./saved_models/usb_cv/fixmatch_market1501/latest_model.pth
[2025-02-21 01:02:11,212 INFO] model saved: ./saved_models/usb_cv/fixmatch_market1501/model_best.pth
[2025-02-21 01:02:11,214 INFO] 40960 iteration, USE_EMA: False, train/sup_loss: 0.0051, train/unsup_loss: 0.4717, train/total_loss: 0.4768, train/util_ratio: 0.1250, train/run_time: 0.1473, eval/loss: 18.5788, eval/top-1-acc: 0.0025, eval/top-5-acc: 0.0085, eval/balanced_acc: 0.0024, eval/precision: 0.0023, eval/recall: 0.0024, eval/F1: 0.0015, lr: 0.0005, train/prefecth_time: 0.0041 BEST_EVAL_ACC: 0.0025, at 40960 iters
[2025-02-21 01:02:57,315 INFO] 41216 iteration USE_EMA: False, train/sup_loss: 0.0234, train/unsup_loss: 0.1886, train/total_loss: 0.2120, train/util_ratio: 0.1250, train/run_time: 0.1484, lr: 0.0005, train/prefecth_time: 0.0038 
[2025-02-21 01:03:42,845 INFO] 41472 iteration USE_EMA: False, train/sup_loss: 0.0036, train/unsup_loss: 0.0000, train/total_loss: 0.0036, train/util_ratio: 0.0000, train/run_time: 0.1490, lr: 0.0005, train/prefecth_time: 0.0041 
[2025-02-21 01:04:28,265 INFO] 41728 iteration USE_EMA: False, train/sup_loss: 0.0011, train/unsup_loss: 0.2013, train/total_loss: 0.2024, train/util_ratio: 0.1250, train/run_time: 0.1484, lr: 0.0005, train/prefecth_time: 0.0060 
[2025-02-21 01:05:13,606 INFO] 41984 iteration USE_EMA: False, train/sup_loss: 0.0339, train/unsup_loss: 0.5393, train/total_loss: 0.5732, train/util_ratio: 0.1250, train/run_time: 0.1478, lr: 0.0005, train/prefecth_time: 0.0038 
[2025-02-21 01:05:59,561 INFO] 42240 iteration USE_EMA: False, train/sup_loss: 0.0566, train/unsup_loss: 1.3677, train/total_loss: 1.4243, train/util_ratio: 0.3750, train/run_time: 0.1482, lr: 0.0005, train/prefecth_time: 0.0041 
[2025-02-21 01:06:45,057 INFO] 42496 iteration USE_EMA: False, train/sup_loss: 0.0114, train/unsup_loss: 0.6450, train/total_loss: 0.6564, train/util_ratio: 0.3750, train/run_time: 0.1488, lr: 0.0005, train/prefecth_time: 0.0043 
[2025-02-21 01:07:30,580 INFO] 42752 iteration USE_EMA: False, train/sup_loss: 0.0097, train/unsup_loss: 0.5408, train/total_loss: 0.5505, train/util_ratio: 0.3750, train/run_time: 0.1490, lr: 0.0005, train/prefecth_time: 0.0044 
[2025-02-21 01:08:16,043 INFO] validating...
/home/zakerian/miniconda3/envs/usb/lib/python3.8/site-packages/sklearn/metrics/_classification.py:1471: UndefinedMetricWarning: Precision is ill-defined and being set to 0.0 in labels with no predicted samples. Use `zero_division` parameter to control this behavior.
  _warn_prf(average, modifier, msg_start, len(result))
[2025-02-21 01:08:45,843 INFO] confusion matrix:
[[0.         0.         0.         ... 0.00464618 0.         0.00786276]
 [0.         0.         0.         ... 0.01694915 0.         0.01694915]
 [0.         0.         0.         ... 0.         0.         0.        ]
 ...
 [0.         0.         0.         ... 0.         0.         0.        ]
 [0.         0.         0.         ... 0.         0.         0.        ]
 [0.         0.         0.         ... 0.         0.         0.        ]]
[2025-02-21 01:08:47,854 INFO] model saved: ./saved_models/usb_cv/fixmatch_market1501/latest_model.pth
[2025-02-21 01:08:47,856 INFO] 43008 iteration, USE_EMA: False, train/sup_loss: 0.0026, train/unsup_loss: 0.4889, train/total_loss: 0.4915, train/util_ratio: 0.1250, train/run_time: 0.1474, eval/loss: 20.8945, eval/top-1-acc: 0.0015, eval/top-5-acc: 0.0074, eval/balanced_acc: 0.0024, eval/precision: 0.0014, eval/recall: 0.0024, eval/F1: 0.0011, lr: 0.0005, train/prefecth_time: 0.0039 BEST_EVAL_ACC: 0.0025, at 40960 iters
[2025-02-21 01:09:34,022 INFO] 43264 iteration USE_EMA: False, train/sup_loss: 0.0072, train/unsup_loss: 0.0912, train/total_loss: 0.0984, train/util_ratio: 0.1250, train/run_time: 0.1499, lr: 0.0005, train/prefecth_time: 0.0043 
[2025-02-21 01:10:19,590 INFO] 43520 iteration USE_EMA: False, train/sup_loss: 0.0116, train/unsup_loss: 0.0000, train/total_loss: 0.0116, train/util_ratio: 0.0000, train/run_time: 0.1492, lr: 0.0005, train/prefecth_time: 0.0045 
[2025-02-21 01:11:05,116 INFO] 43776 iteration USE_EMA: False, train/sup_loss: 0.0089, train/unsup_loss: 0.0023, train/total_loss: 0.0112, train/util_ratio: 0.1250, train/run_time: 0.1484, lr: 0.0005, train/prefecth_time: 0.0042 
[2025-02-21 01:11:50,558 INFO] 44032 iteration USE_EMA: False, train/sup_loss: 0.0120, train/unsup_loss: 0.0085, train/total_loss: 0.0205, train/util_ratio: 0.1250, train/run_time: 0.1479, lr: 0.0005, train/prefecth_time: 0.0037 
[2025-02-21 01:12:36,446 INFO] 44288 iteration USE_EMA: False, train/sup_loss: 0.0025, train/unsup_loss: 0.5382, train/total_loss: 0.5407, train/util_ratio: 0.1250, train/run_time: 0.1483, lr: 0.0005, train/prefecth_time: 0.0042 
[2025-02-21 01:13:21,850 INFO] 44544 iteration USE_EMA: False, train/sup_loss: 0.0081, train/unsup_loss: 0.5690, train/total_loss: 0.5771, train/util_ratio: 0.1250, train/run_time: 0.1485, lr: 0.0005, train/prefecth_time: 0.0042 
[2025-02-21 01:14:07,273 INFO] 44800 iteration USE_EMA: False, train/sup_loss: 0.0014, train/unsup_loss: 0.8764, train/total_loss: 0.8778, train/util_ratio: 0.2500, train/run_time: 0.1486, lr: 0.0005, train/prefecth_time: 0.0043 
[2025-02-21 01:14:52,697 INFO] validating...
/home/zakerian/miniconda3/envs/usb/lib/python3.8/site-packages/sklearn/metrics/_classification.py:1471: UndefinedMetricWarning: Precision is ill-defined and being set to 0.0 in labels with no predicted samples. Use `zero_division` parameter to control this behavior.
  _warn_prf(average, modifier, msg_start, len(result))
[2025-02-21 01:15:22,502 INFO] confusion matrix:
[[0.         0.         0.         ... 0.         0.00214439 0.        ]
 [0.         0.         0.         ... 0.         0.         0.        ]
 [0.         0.         0.         ... 0.         0.         0.        ]
 ...
 [0.         0.         0.         ... 0.         0.         0.        ]
 [0.         0.         0.         ... 0.         0.         0.        ]
 [0.         0.         0.         ... 0.         0.         0.        ]]
[2025-02-21 01:15:24,513 INFO] model saved: ./saved_models/usb_cv/fixmatch_market1501/latest_model.pth
[2025-02-21 01:15:24,515 INFO] 45056 iteration, USE_EMA: False, train/sup_loss: 0.0102, train/unsup_loss: 1.8182, train/total_loss: 1.8284, train/util_ratio: 0.3750, train/run_time: 0.1470, eval/loss: 21.1098, eval/top-1-acc: 0.0014, eval/top-5-acc: 0.0062, eval/balanced_acc: 0.0014, eval/precision: 0.0012, eval/recall: 0.0014, eval/F1: 0.0010, lr: 0.0005, train/prefecth_time: 0.0037 BEST_EVAL_ACC: 0.0025, at 40960 iters
[2025-02-21 01:16:10,610 INFO] 45312 iteration USE_EMA: False, train/sup_loss: 0.0010, train/unsup_loss: 0.3129, train/total_loss: 0.3139, train/util_ratio: 0.3750, train/run_time: 0.1485, lr: 0.0005, train/prefecth_time: 0.0040 
[2025-02-21 01:16:56,046 INFO] 45568 iteration USE_EMA: False, train/sup_loss: 0.0123, train/unsup_loss: 0.3311, train/total_loss: 0.3434, train/util_ratio: 0.1250, train/run_time: 0.1484, lr: 0.0005, train/prefecth_time: 0.0052 
[2025-02-21 01:17:41,489 INFO] 45824 iteration USE_EMA: False, train/sup_loss: 0.0038, train/unsup_loss: 0.0000, train/total_loss: 0.0038, train/util_ratio: 0.0000, train/run_time: 0.1491, lr: 0.0005, train/prefecth_time: 0.0041 
[2025-02-21 01:18:26,945 INFO] 46080 iteration USE_EMA: False, train/sup_loss: 0.0076, train/unsup_loss: 0.0100, train/total_loss: 0.0176, train/util_ratio: 0.2500, train/run_time: 0.1473, lr: 0.0005, train/prefecth_time: 0.0041 
[2025-02-21 01:19:12,895 INFO] 46336 iteration USE_EMA: False, train/sup_loss: 0.0064, train/unsup_loss: 0.0000, train/total_loss: 0.0064, train/util_ratio: 0.0000, train/run_time: 0.1486, lr: 0.0005, train/prefecth_time: 0.0055 
[2025-02-21 01:19:58,271 INFO] 46592 iteration USE_EMA: False, train/sup_loss: 0.0244, train/unsup_loss: 0.3322, train/total_loss: 0.3567, train/util_ratio: 0.3750, train/run_time: 0.1488, lr: 0.0005, train/prefecth_time: 0.0041 
[2025-02-21 01:20:43,661 INFO] 46848 iteration USE_EMA: False, train/sup_loss: 0.0046, train/unsup_loss: 0.8894, train/total_loss: 0.8939, train/util_ratio: 0.2500, train/run_time: 0.1487, lr: 0.0005, train/prefecth_time: 0.0039 
[2025-02-21 01:21:29,112 INFO] validating...
/home/zakerian/miniconda3/envs/usb/lib/python3.8/site-packages/sklearn/metrics/_classification.py:1471: UndefinedMetricWarning: Precision is ill-defined and being set to 0.0 in labels with no predicted samples. Use `zero_division` parameter to control this behavior.
  _warn_prf(average, modifier, msg_start, len(result))
[2025-02-21 01:21:58,922 INFO] confusion matrix:
[[0.0007148  0.         0.         ... 0.00214439 0.         0.00607577]
 [0.         0.         0.         ... 0.         0.         0.        ]
 [0.         0.         0.         ... 0.         0.         0.        ]
 ...
 [0.         0.         0.         ... 0.         0.         0.        ]
 [0.         0.         0.         ... 0.         0.         0.        ]
 [0.         0.         0.         ... 0.         0.         0.        ]]
[2025-02-21 01:22:01,002 INFO] model saved: ./saved_models/usb_cv/fixmatch_market1501/latest_model.pth
[2025-02-21 01:22:01,004 INFO] 47104 iteration, USE_EMA: False, train/sup_loss: 0.0067, train/unsup_loss: 0.0219, train/total_loss: 0.0286, train/util_ratio: 0.2500, train/run_time: 0.1476, eval/loss: 20.1112, eval/top-1-acc: 0.0019, eval/top-5-acc: 0.0077, eval/balanced_acc: 0.0020, eval/precision: 0.0006, eval/recall: 0.0020, eval/F1: 0.0008, lr: 0.0005, train/prefecth_time: 0.0049 BEST_EVAL_ACC: 0.0025, at 40960 iters
[2025-02-21 01:22:47,082 INFO] 47360 iteration USE_EMA: False, train/sup_loss: 0.0019, train/unsup_loss: 0.0000, train/total_loss: 0.0019, train/util_ratio: 0.0000, train/run_time: 0.1491, lr: 0.0005, train/prefecth_time: 0.0041 
[2025-02-21 01:23:32,516 INFO] 47616 iteration USE_EMA: False, train/sup_loss: 0.0017, train/unsup_loss: 0.0413, train/total_loss: 0.0430, train/util_ratio: 0.2500, train/run_time: 0.1486, lr: 0.0005, train/prefecth_time: 0.0040 
[2025-02-21 01:24:17,977 INFO] 47872 iteration USE_EMA: False, train/sup_loss: 0.0119, train/unsup_loss: 0.0023, train/total_loss: 0.0142, train/util_ratio: 0.1250, train/run_time: 0.1481, lr: 0.0005, train/prefecth_time: 0.0041 
[2025-02-21 01:25:03,441 INFO] 48128 iteration USE_EMA: False, train/sup_loss: 0.0781, train/unsup_loss: 0.0037, train/total_loss: 0.0817, train/util_ratio: 0.1250, train/run_time: 0.1474, lr: 0.0005, train/prefecth_time: 0.0038 
[2025-02-21 01:25:49,415 INFO] 48384 iteration USE_EMA: False, train/sup_loss: 0.0103, train/unsup_loss: 0.3708, train/total_loss: 0.3812, train/util_ratio: 0.3750, train/run_time: 0.1485, lr: 0.0005, train/prefecth_time: 0.0044 
[2025-02-21 01:26:34,767 INFO] 48640 iteration USE_EMA: False, train/sup_loss: 0.0015, train/unsup_loss: 0.0002, train/total_loss: 0.0016, train/util_ratio: 0.1250, train/run_time: 0.1479, lr: 0.0005, train/prefecth_time: 0.0039 
[2025-02-21 01:27:20,186 INFO] 48896 iteration USE_EMA: False, train/sup_loss: 0.0007, train/unsup_loss: 1.5055, train/total_loss: 1.5062, train/util_ratio: 0.2500, train/run_time: 0.1485, lr: 0.0005, train/prefecth_time: 0.0041 
[2025-02-21 01:28:05,636 INFO] validating...
/home/zakerian/miniconda3/envs/usb/lib/python3.8/site-packages/sklearn/metrics/_classification.py:1471: UndefinedMetricWarning: Precision is ill-defined and being set to 0.0 in labels with no predicted samples. Use `zero_division` parameter to control this behavior.
  _warn_prf(average, modifier, msg_start, len(result))
[2025-02-21 01:28:35,509 INFO] confusion matrix:
[[0.         0.         0.         ... 0.00750536 0.         0.00357398]
 [0.         0.         0.         ... 0.08474576 0.         0.        ]
 [0.         0.         0.         ... 0.         0.         0.        ]
 ...
 [0.         0.         0.         ... 0.         0.         0.        ]
 [0.         0.         0.         ... 0.         0.         0.        ]
 [0.         0.         0.         ... 0.         0.         0.        ]]
[2025-02-21 01:28:37,598 INFO] model saved: ./saved_models/usb_cv/fixmatch_market1501/latest_model.pth
[2025-02-21 01:28:37,601 INFO] 49152 iteration, USE_EMA: False, train/sup_loss: 0.0004, train/unsup_loss: 0.0000, train/total_loss: 0.0004, train/util_ratio: 0.1250, train/run_time: 0.1475, eval/loss: 20.4232, eval/top-1-acc: 0.0016, eval/top-5-acc: 0.0071, eval/balanced_acc: 0.0023, eval/precision: 0.0013, eval/recall: 0.0023, eval/F1: 0.0012, lr: 0.0005, train/prefecth_time: 0.0040 BEST_EVAL_ACC: 0.0025, at 40960 iters
[2025-02-21 01:29:23,557 INFO] 49408 iteration USE_EMA: False, train/sup_loss: 0.0367, train/unsup_loss: 1.8215, train/total_loss: 1.8582, train/util_ratio: 0.5000, train/run_time: 0.1482, lr: 0.0005, train/prefecth_time: 0.0043 
[2025-02-21 01:30:08,931 INFO] 49664 iteration USE_EMA: False, train/sup_loss: 0.0004, train/unsup_loss: 0.0902, train/total_loss: 0.0906, train/util_ratio: 0.2500, train/run_time: 0.1483, lr: 0.0005, train/prefecth_time: 0.0042 
[2025-02-21 01:30:54,305 INFO] 49920 iteration USE_EMA: False, train/sup_loss: 0.0542, train/unsup_loss: 0.3984, train/total_loss: 0.4526, train/util_ratio: 0.5000, train/run_time: 0.1486, lr: 0.0005, train/prefecth_time: 0.0042 
[2025-02-21 01:31:39,802 INFO] 50176 iteration USE_EMA: False, train/sup_loss: 0.0046, train/unsup_loss: 0.0000, train/total_loss: 0.0046, train/util_ratio: 0.0000, train/run_time: 0.1477, lr: 0.0005, train/prefecth_time: 0.0039 
[2025-02-21 01:32:25,761 INFO] 50432 iteration USE_EMA: False, train/sup_loss: 0.0013, train/unsup_loss: 0.5368, train/total_loss: 0.5381, train/util_ratio: 0.3750, train/run_time: 0.1480, lr: 0.0005, train/prefecth_time: 0.0044 
[2025-02-21 01:33:11,249 INFO] 50688 iteration USE_EMA: False, train/sup_loss: 0.0047, train/unsup_loss: 0.0001, train/total_loss: 0.0048, train/util_ratio: 0.1250, train/run_time: 0.1484, lr: 0.0005, train/prefecth_time: 0.0045 
[2025-02-21 01:33:56,814 INFO] 50944 iteration USE_EMA: False, train/sup_loss: 0.0231, train/unsup_loss: 0.8819, train/total_loss: 0.9050, train/util_ratio: 0.3750, train/run_time: 0.1484, lr: 0.0005, train/prefecth_time: 0.0041 
[2025-02-21 01:34:42,261 INFO] validating...
/home/zakerian/miniconda3/envs/usb/lib/python3.8/site-packages/sklearn/metrics/_classification.py:1471: UndefinedMetricWarning: Precision is ill-defined and being set to 0.0 in labels with no predicted samples. Use `zero_division` parameter to control this behavior.
  _warn_prf(average, modifier, msg_start, len(result))
[2025-02-21 01:35:12,032 INFO] confusion matrix:
[[0.0003574  0.         0.         ... 0.         0.0003574  0.00142959]
 [0.         0.         0.         ... 0.         0.         0.        ]
 [0.         0.         0.         ... 0.         0.         0.        ]
 ...
 [0.         0.         0.         ... 0.         0.         0.        ]
 [0.         0.         0.         ... 0.         0.         0.        ]
 [0.         0.         0.         ... 0.         0.         0.        ]]
[2025-02-21 01:35:14,046 INFO] model saved: ./saved_models/usb_cv/fixmatch_market1501/latest_model.pth
[2025-02-21 01:35:14,048 INFO] 51200 iteration, USE_EMA: False, train/sup_loss: 0.0059, train/unsup_loss: 0.6952, train/total_loss: 0.7011, train/util_ratio: 0.3750, train/run_time: 0.1476, eval/loss: 20.2273, eval/top-1-acc: 0.0023, eval/top-5-acc: 0.0074, eval/balanced_acc: 0.0027, eval/precision: 0.0019, eval/recall: 0.0027, eval/F1: 0.0014, lr: 0.0005, train/prefecth_time: 0.0039 BEST_EVAL_ACC: 0.0025, at 40960 iters
[2025-02-21 01:36:00,134 INFO] 51456 iteration USE_EMA: False, train/sup_loss: 0.0222, train/unsup_loss: 0.0000, train/total_loss: 0.0222, train/util_ratio: 0.0000, train/run_time: 0.1482, lr: 0.0005, train/prefecth_time: 0.0046 
[2025-02-21 01:36:45,603 INFO] 51712 iteration USE_EMA: False, train/sup_loss: 0.0008, train/unsup_loss: 0.6597, train/total_loss: 0.6605, train/util_ratio: 0.1250, train/run_time: 0.1484, lr: 0.0005, train/prefecth_time: 0.0042 
[2025-02-21 01:37:30,923 INFO] 51968 iteration USE_EMA: False, train/sup_loss: 0.5081, train/unsup_loss: 0.0000, train/total_loss: 0.5081, train/util_ratio: 0.0000, train/run_time: 0.1492, lr: 0.0005, train/prefecth_time: 0.0041 
[2025-02-21 01:38:16,268 INFO] 52224 iteration USE_EMA: False, train/sup_loss: 0.0191, train/unsup_loss: 0.1106, train/total_loss: 0.1297, train/util_ratio: 0.2500, train/run_time: 0.1476, lr: 0.0005, train/prefecth_time: 0.0041 
[2025-02-21 01:39:02,275 INFO] 52480 iteration USE_EMA: False, train/sup_loss: 0.0010, train/unsup_loss: 0.8147, train/total_loss: 0.8157, train/util_ratio: 0.2500, train/run_time: 0.1484, lr: 0.0005, train/prefecth_time: 0.0038 
[2025-02-21 01:39:47,775 INFO] 52736 iteration USE_EMA: False, train/sup_loss: 0.0138, train/unsup_loss: 0.2625, train/total_loss: 0.2763, train/util_ratio: 0.2500, train/run_time: 0.1491, lr: 0.0005, train/prefecth_time: 0.0041 
[2025-02-21 01:40:33,284 INFO] 52992 iteration USE_EMA: False, train/sup_loss: 0.0057, train/unsup_loss: 0.6903, train/total_loss: 0.6960, train/util_ratio: 0.6250, train/run_time: 0.1483, lr: 0.0005, train/prefecth_time: 0.0038 
[2025-02-21 01:41:18,713 INFO] validating...
/home/zakerian/miniconda3/envs/usb/lib/python3.8/site-packages/sklearn/metrics/_classification.py:1471: UndefinedMetricWarning: Precision is ill-defined and being set to 0.0 in labels with no predicted samples. Use `zero_division` parameter to control this behavior.
  _warn_prf(average, modifier, msg_start, len(result))
[2025-02-21 01:41:48,553 INFO] confusion matrix:
[[0.         0.         0.         ... 0.0007148  0.0003574  0.00428878]
 [0.         0.         0.         ... 0.         0.         0.        ]
 [0.         0.         0.         ... 0.         0.         0.        ]
 ...
 [0.         0.         0.         ... 0.         0.         0.        ]
 [0.         0.         0.         ... 0.         0.         0.        ]
 [0.         0.         0.         ... 0.         0.         0.        ]]
[2025-02-21 01:41:50,579 INFO] model saved: ./saved_models/usb_cv/fixmatch_market1501/latest_model.pth
[2025-02-21 01:41:50,581 INFO] 53248 iteration, USE_EMA: False, train/sup_loss: 0.0005, train/unsup_loss: 0.0408, train/total_loss: 0.0413, train/util_ratio: 0.2500, train/run_time: 0.1479, eval/loss: 21.0605, eval/top-1-acc: 0.0012, eval/top-5-acc: 0.0045, eval/balanced_acc: 0.0015, eval/precision: 0.0029, eval/recall: 0.0015, eval/F1: 0.0013, lr: 0.0005, train/prefecth_time: 0.0037 BEST_EVAL_ACC: 0.0025, at 40960 iters
[2025-02-21 01:42:36,651 INFO] 53504 iteration USE_EMA: False, train/sup_loss: 0.0113, train/unsup_loss: 0.5358, train/total_loss: 0.5471, train/util_ratio: 0.2500, train/run_time: 0.1485, lr: 0.0005, train/prefecth_time: 0.0042 
[2025-02-21 01:43:22,126 INFO] 53760 iteration USE_EMA: False, train/sup_loss: 0.0012, train/unsup_loss: 0.0000, train/total_loss: 0.0012, train/util_ratio: 0.0000, train/run_time: 0.1492, lr: 0.0005, train/prefecth_time: 0.0039 
[2025-02-21 01:44:07,649 INFO] 54016 iteration USE_EMA: False, train/sup_loss: 0.2491, train/unsup_loss: 1.3272, train/total_loss: 1.5762, train/util_ratio: 0.6250, train/run_time: 0.1492, lr: 0.0005, train/prefecth_time: 0.0042 
[2025-02-21 01:44:53,123 INFO] 54272 iteration USE_EMA: False, train/sup_loss: 0.0446, train/unsup_loss: 0.0911, train/total_loss: 0.1357, train/util_ratio: 0.1250, train/run_time: 0.1472, lr: 0.0005, train/prefecth_time: 0.0037 
[2025-02-21 01:45:39,080 INFO] 54528 iteration USE_EMA: False, train/sup_loss: 0.0013, train/unsup_loss: 0.1413, train/total_loss: 0.1426, train/util_ratio: 0.2500, train/run_time: 0.1488, lr: 0.0005, train/prefecth_time: 0.0043 
[2025-02-21 01:46:24,491 INFO] 54784 iteration USE_EMA: False, train/sup_loss: 0.0012, train/unsup_loss: 1.0632, train/total_loss: 1.0644, train/util_ratio: 0.3750, train/run_time: 0.1481, lr: 0.0005, train/prefecth_time: 0.0044 
[2025-02-21 01:47:09,917 INFO] 55040 iteration USE_EMA: False, train/sup_loss: 0.0016, train/unsup_loss: 0.0011, train/total_loss: 0.0027, train/util_ratio: 0.1250, train/run_time: 0.1489, lr: 0.0005, train/prefecth_time: 0.0046 
[2025-02-21 01:47:55,369 INFO] validating...
/home/zakerian/miniconda3/envs/usb/lib/python3.8/site-packages/sklearn/metrics/_classification.py:1471: UndefinedMetricWarning: Precision is ill-defined and being set to 0.0 in labels with no predicted samples. Use `zero_division` parameter to control this behavior.
  _warn_prf(average, modifier, msg_start, len(result))
[2025-02-21 01:48:24,982 INFO] confusion matrix:
[[0.0003574  0.         0.         ... 0.0003574  0.         0.00178699]
 [0.         0.         0.         ... 0.         0.         0.        ]
 [0.         0.         0.         ... 0.         0.         0.        ]
 ...
 [0.         0.         0.         ... 0.         0.         0.        ]
 [0.         0.         0.         ... 0.         0.         0.        ]
 [0.         0.         0.         ... 0.         0.         0.        ]]
[2025-02-21 01:48:27,009 INFO] model saved: ./saved_models/usb_cv/fixmatch_market1501/latest_model.pth
[2025-02-21 01:48:27,010 INFO] 55296 iteration, USE_EMA: False, train/sup_loss: 0.0010, train/unsup_loss: 0.3457, train/total_loss: 0.3466, train/util_ratio: 0.2500, train/run_time: 0.1477, eval/loss: 20.6566, eval/top-1-acc: 0.0010, eval/top-5-acc: 0.0052, eval/balanced_acc: 0.0011, eval/precision: 0.0019, eval/recall: 0.0011, eval/F1: 0.0013, lr: 0.0005, train/prefecth_time: 0.0042 BEST_EVAL_ACC: 0.0025, at 40960 iters
[2025-02-21 01:49:13,187 INFO] 55552 iteration USE_EMA: False, train/sup_loss: 0.0014, train/unsup_loss: 0.0018, train/total_loss: 0.0032, train/util_ratio: 0.1250, train/run_time: 0.1479, lr: 0.0005, train/prefecth_time: 0.0046 
[2025-02-21 01:49:58,711 INFO] 55808 iteration USE_EMA: False, train/sup_loss: 0.0008, train/unsup_loss: 0.1321, train/total_loss: 0.1330, train/util_ratio: 0.1250, train/run_time: 0.1490, lr: 0.0005, train/prefecth_time: 0.0037 
[2025-02-21 01:50:44,238 INFO] 56064 iteration USE_EMA: False, train/sup_loss: 0.0008, train/unsup_loss: 0.0000, train/total_loss: 0.0008, train/util_ratio: 0.0000, train/run_time: 0.1489, lr: 0.0005, train/prefecth_time: 0.0042 
[2025-02-21 01:51:29,722 INFO] 56320 iteration USE_EMA: False, train/sup_loss: 0.0005, train/unsup_loss: 0.0001, train/total_loss: 0.0006, train/util_ratio: 0.2500, train/run_time: 0.1476, lr: 0.0005, train/prefecth_time: 0.0038 
[2025-02-21 01:52:15,775 INFO] 56576 iteration USE_EMA: False, train/sup_loss: 0.0058, train/unsup_loss: 0.0180, train/total_loss: 0.0239, train/util_ratio: 0.1250, train/run_time: 0.1488, lr: 0.0005, train/prefecth_time: 0.0049 
[2025-02-21 01:53:01,280 INFO] 56832 iteration USE_EMA: False, train/sup_loss: 0.0094, train/unsup_loss: 0.0530, train/total_loss: 0.0624, train/util_ratio: 0.1250, train/run_time: 0.1487, lr: 0.0005, train/prefecth_time: 0.0042 
[2025-02-21 01:53:46,750 INFO] 57088 iteration USE_EMA: False, train/sup_loss: 0.0003, train/unsup_loss: 0.1753, train/total_loss: 0.1756, train/util_ratio: 0.1250, train/run_time: 0.1483, lr: 0.0005, train/prefecth_time: 0.0042 
[2025-02-21 01:54:32,168 INFO] validating...
/home/zakerian/miniconda3/envs/usb/lib/python3.8/site-packages/sklearn/metrics/_classification.py:1471: UndefinedMetricWarning: Precision is ill-defined and being set to 0.0 in labels with no predicted samples. Use `zero_division` parameter to control this behavior.
  _warn_prf(average, modifier, msg_start, len(result))
[2025-02-21 01:55:01,930 INFO] confusion matrix:
[[0.00214439 0.         0.         ... 0.         0.0003574  0.00786276]
 [0.         0.         0.         ... 0.         0.         0.01694915]
 [0.         0.         0.         ... 0.         0.         0.        ]
 ...
 [0.         0.         0.         ... 0.         0.         0.        ]
 [0.         0.         0.         ... 0.         0.         0.        ]
 [0.         0.         0.         ... 0.         0.         0.        ]]
[2025-02-21 01:55:04,000 INFO] model saved: ./saved_models/usb_cv/fixmatch_market1501/latest_model.pth
[2025-02-21 01:55:04,003 INFO] 57344 iteration, USE_EMA: False, train/sup_loss: 0.0073, train/unsup_loss: 0.0000, train/total_loss: 0.0073, train/util_ratio: 0.0000, train/run_time: 0.1475, eval/loss: 19.5335, eval/top-1-acc: 0.0017, eval/top-5-acc: 0.0093, eval/balanced_acc: 0.0012, eval/precision: 0.0007, eval/recall: 0.0012, eval/F1: 0.0006, lr: 0.0005, train/prefecth_time: 0.0039 BEST_EVAL_ACC: 0.0025, at 40960 iters
[2025-02-21 01:55:50,112 INFO] 57600 iteration USE_EMA: False, train/sup_loss: 0.0007, train/unsup_loss: 0.7811, train/total_loss: 0.7819, train/util_ratio: 0.6250, train/run_time: 0.1485, lr: 0.0005, train/prefecth_time: 0.0041 
[2025-02-21 01:56:35,623 INFO] 57856 iteration USE_EMA: False, train/sup_loss: 0.0027, train/unsup_loss: 0.4125, train/total_loss: 0.4152, train/util_ratio: 0.1250, train/run_time: 0.1495, lr: 0.0005, train/prefecth_time: 0.0046 
[2025-02-21 01:57:21,064 INFO] 58112 iteration USE_EMA: False, train/sup_loss: 0.0009, train/unsup_loss: 0.1470, train/total_loss: 0.1478, train/util_ratio: 0.1250, train/run_time: 0.1483, lr: 0.0005, train/prefecth_time: 0.0042 
[2025-02-21 01:58:06,520 INFO] 58368 iteration USE_EMA: False, train/sup_loss: 0.0914, train/unsup_loss: 0.0218, train/total_loss: 0.1132, train/util_ratio: 0.1250, train/run_time: 0.1476, lr: 0.0005, train/prefecth_time: 0.0037 
[2025-02-21 01:58:52,498 INFO] 58624 iteration USE_EMA: False, train/sup_loss: 0.0018, train/unsup_loss: 0.0000, train/total_loss: 0.0018, train/util_ratio: 0.0000, train/run_time: 0.1491, lr: 0.0005, train/prefecth_time: 0.0041 
[2025-02-21 01:59:38,063 INFO] 58880 iteration USE_EMA: False, train/sup_loss: 0.0122, train/unsup_loss: 0.0455, train/total_loss: 0.0577, train/util_ratio: 0.1250, train/run_time: 0.1498, lr: 0.0005, train/prefecth_time: 0.0056 
[2025-02-21 02:00:23,608 INFO] 59136 iteration USE_EMA: False, train/sup_loss: 0.0007, train/unsup_loss: 0.0169, train/total_loss: 0.0175, train/util_ratio: 0.1250, train/run_time: 0.1505, lr: 0.0005, train/prefecth_time: 0.0058 
[2025-02-21 02:01:09,005 INFO] validating...
/home/zakerian/miniconda3/envs/usb/lib/python3.8/site-packages/sklearn/metrics/_classification.py:1471: UndefinedMetricWarning: Precision is ill-defined and being set to 0.0 in labels with no predicted samples. Use `zero_division` parameter to control this behavior.
  _warn_prf(average, modifier, msg_start, len(result))
[2025-02-21 02:01:39,604 INFO] confusion matrix:
[[0.0003574  0.         0.0003574  ... 0.         0.0003574  0.00571837]
 [0.         0.         0.         ... 0.         0.         0.        ]
 [0.         0.         0.         ... 0.         0.         0.        ]
 ...
 [0.         0.         0.         ... 0.         0.         0.        ]
 [0.         0.         0.         ... 0.         0.         0.        ]
 [0.         0.         0.         ... 0.         0.         0.        ]]
[2025-02-21 02:01:41,626 INFO] model saved: ./saved_models/usb_cv/fixmatch_market1501/latest_model.pth
[2025-02-21 02:01:41,629 INFO] 59392 iteration, USE_EMA: False, train/sup_loss: 0.0035, train/unsup_loss: 0.0008, train/total_loss: 0.0042, train/util_ratio: 0.1250, train/run_time: 0.1482, eval/loss: 21.1869, eval/top-1-acc: 0.0014, eval/top-5-acc: 0.0072, eval/balanced_acc: 0.0012, eval/precision: 0.0012, eval/recall: 0.0012, eval/F1: 0.0010, lr: 0.0005, train/prefecth_time: 0.0040 BEST_EVAL_ACC: 0.0025, at 40960 iters
[2025-02-21 02:02:27,779 INFO] 59648 iteration USE_EMA: False, train/sup_loss: 0.0140, train/unsup_loss: 0.0272, train/total_loss: 0.0412, train/util_ratio: 0.1250, train/run_time: 0.1486, lr: 0.0005, train/prefecth_time: 0.0045 
[2025-02-21 02:03:13,187 INFO] 59904 iteration USE_EMA: False, train/sup_loss: 0.0016, train/unsup_loss: 0.1778, train/total_loss: 0.1793, train/util_ratio: 0.3750, train/run_time: 0.1484, lr: 0.0005, train/prefecth_time: 0.0042 
[2025-02-21 02:03:58,562 INFO] 60160 iteration USE_EMA: False, train/sup_loss: 0.0135, train/unsup_loss: 1.4228, train/total_loss: 1.4363, train/util_ratio: 0.2500, train/run_time: 0.1491, lr: 0.0005, train/prefecth_time: 0.0054 
[2025-02-21 02:04:43,913 INFO] 60416 iteration USE_EMA: False, train/sup_loss: 0.0005, train/unsup_loss: 0.0259, train/total_loss: 0.0263, train/util_ratio: 0.3750, train/run_time: 0.1482, lr: 0.0005, train/prefecth_time: 0.0041 
[2025-02-21 02:05:29,941 INFO] 60672 iteration USE_EMA: False, train/sup_loss: 0.0011, train/unsup_loss: 0.0049, train/total_loss: 0.0061, train/util_ratio: 0.1250, train/run_time: 0.1480, lr: 0.0005, train/prefecth_time: 0.0042 
[2025-02-21 02:06:15,478 INFO] 60928 iteration USE_EMA: False, train/sup_loss: 0.0101, train/unsup_loss: 0.0278, train/total_loss: 0.0379, train/util_ratio: 0.2500, train/run_time: 0.1486, lr: 0.0005, train/prefecth_time: 0.0039 
[2025-02-21 02:07:00,841 INFO] 61184 iteration USE_EMA: False, train/sup_loss: 0.0004, train/unsup_loss: 0.1260, train/total_loss: 0.1264, train/util_ratio: 0.3750, train/run_time: 0.1495, lr: 0.0005, train/prefecth_time: 0.0053 
[2025-02-21 02:07:46,232 INFO] validating...
/home/zakerian/miniconda3/envs/usb/lib/python3.8/site-packages/sklearn/metrics/_classification.py:1471: UndefinedMetricWarning: Precision is ill-defined and being set to 0.0 in labels with no predicted samples. Use `zero_division` parameter to control this behavior.
  _warn_prf(average, modifier, msg_start, len(result))
[2025-02-21 02:08:16,192 INFO] confusion matrix:
[[0.00142959 0.         0.00107219 ... 0.00607577 0.         0.00929235]
 [0.         0.         0.         ... 0.06779661 0.         0.        ]
 [0.         0.         0.         ... 0.         0.         0.        ]
 ...
 [0.         0.         0.03571429 ... 0.         0.         0.        ]
 [0.         0.         0.         ... 0.         0.         0.        ]
 [0.         0.         0.         ... 0.         0.         0.125     ]]
[2025-02-21 02:08:18,219 INFO] model saved: ./saved_models/usb_cv/fixmatch_market1501/latest_model.pth
[2025-02-21 02:08:18,221 INFO] 61440 iteration, USE_EMA: False, train/sup_loss: 0.0037, train/unsup_loss: 0.0293, train/total_loss: 0.0330, train/util_ratio: 0.2500, train/run_time: 0.1475, eval/loss: 22.2719, eval/top-1-acc: 0.0014, eval/top-5-acc: 0.0067, eval/balanced_acc: 0.0015, eval/precision: 0.0012, eval/recall: 0.0015, eval/F1: 0.0009, lr: 0.0005, train/prefecth_time: 0.0038 BEST_EVAL_ACC: 0.0025, at 40960 iters
[2025-02-21 02:09:04,201 INFO] 61696 iteration USE_EMA: False, train/sup_loss: 0.0011, train/unsup_loss: 0.4235, train/total_loss: 0.4246, train/util_ratio: 0.2500, train/run_time: 0.1489, lr: 0.0005, train/prefecth_time: 0.0045 
[2025-02-21 02:09:49,696 INFO] 61952 iteration USE_EMA: False, train/sup_loss: 0.0202, train/unsup_loss: 0.4243, train/total_loss: 0.4446, train/util_ratio: 0.1250, train/run_time: 0.1495, lr: 0.0005, train/prefecth_time: 0.0040 
[2025-02-21 02:10:35,187 INFO] 62208 iteration USE_EMA: False, train/sup_loss: 0.0019, train/unsup_loss: 0.0023, train/total_loss: 0.0043, train/util_ratio: 0.5000, train/run_time: 0.1482, lr: 0.0005, train/prefecth_time: 0.0042 
[2025-02-21 02:11:20,651 INFO] 62464 iteration USE_EMA: False, train/sup_loss: 0.0148, train/unsup_loss: 0.1482, train/total_loss: 0.1629, train/util_ratio: 0.2500, train/run_time: 0.1484, lr: 0.0005, train/prefecth_time: 0.0039 
[2025-02-21 02:12:06,551 INFO] 62720 iteration USE_EMA: False, train/sup_loss: 0.0033, train/unsup_loss: 0.0102, train/total_loss: 0.0135, train/util_ratio: 0.1250, train/run_time: 0.1490, lr: 0.0005, train/prefecth_time: 0.0042 
[2025-02-21 02:12:52,035 INFO] 62976 iteration USE_EMA: False, train/sup_loss: 0.0003, train/unsup_loss: 0.0000, train/total_loss: 0.0003, train/util_ratio: 0.0000, train/run_time: 0.1490, lr: 0.0005, train/prefecth_time: 0.0054 
[2025-02-21 02:13:37,544 INFO] 63232 iteration USE_EMA: False, train/sup_loss: 0.0030, train/unsup_loss: 0.2437, train/total_loss: 0.2467, train/util_ratio: 0.3750, train/run_time: 0.1486, lr: 0.0005, train/prefecth_time: 0.0043 
[2025-02-21 02:14:22,951 INFO] validating...
/home/zakerian/miniconda3/envs/usb/lib/python3.8/site-packages/sklearn/metrics/_classification.py:1471: UndefinedMetricWarning: Precision is ill-defined and being set to 0.0 in labels with no predicted samples. Use `zero_division` parameter to control this behavior.
  _warn_prf(average, modifier, msg_start, len(result))
[2025-02-21 02:14:52,814 INFO] confusion matrix:
[[0.         0.         0.0003574  ... 0.0003574  0.         0.00107219]
 [0.         0.         0.         ... 0.         0.         0.        ]
 [0.         0.         0.         ... 0.         0.         0.        ]
 ...
 [0.         0.         0.         ... 0.         0.         0.        ]
 [0.         0.         0.         ... 0.         0.         0.        ]
 [0.         0.         0.         ... 0.         0.         0.        ]]
[2025-02-21 02:14:54,817 INFO] model saved: ./saved_models/usb_cv/fixmatch_market1501/latest_model.pth
[2025-02-21 02:14:54,818 INFO] 63488 iteration, USE_EMA: False, train/sup_loss: 0.0129, train/unsup_loss: 0.2855, train/total_loss: 0.2984, train/util_ratio: 0.3750, train/run_time: 0.1477, eval/loss: 21.6549, eval/top-1-acc: 0.0008, eval/top-5-acc: 0.0055, eval/balanced_acc: 0.0014, eval/precision: 0.0014, eval/recall: 0.0014, eval/F1: 0.0010, lr: 0.0005, train/prefecth_time: 0.0040 BEST_EVAL_ACC: 0.0025, at 40960 iters
[2025-02-21 02:15:40,851 INFO] 63744 iteration USE_EMA: False, train/sup_loss: 0.0400, train/unsup_loss: 2.3248, train/total_loss: 2.3648, train/util_ratio: 0.3750, train/run_time: 0.1487, lr: 0.0005, train/prefecth_time: 0.0041 
[2025-02-21 02:16:26,270 INFO] 64000 iteration USE_EMA: False, train/sup_loss: 0.0406, train/unsup_loss: 1.3940, train/total_loss: 1.4345, train/util_ratio: 0.2500, train/run_time: 0.1494, lr: 0.0005, train/prefecth_time: 0.0044 
[2025-02-21 02:17:11,670 INFO] 64256 iteration USE_EMA: False, train/sup_loss: 0.0008, train/unsup_loss: 0.3424, train/total_loss: 0.3432, train/util_ratio: 0.3750, train/run_time: 0.1490, lr: 0.0005, train/prefecth_time: 0.0046 
[2025-02-21 02:17:57,031 INFO] 64512 iteration USE_EMA: False, train/sup_loss: 0.0006, train/unsup_loss: 0.0013, train/total_loss: 0.0019, train/util_ratio: 0.1250, train/run_time: 0.1472, lr: 0.0005, train/prefecth_time: 0.0041 
[2025-02-21 02:18:43,052 INFO] 64768 iteration USE_EMA: False, train/sup_loss: 0.2568, train/unsup_loss: 0.0006, train/total_loss: 0.2574, train/util_ratio: 0.1250, train/run_time: 0.1489, lr: 0.0005, train/prefecth_time: 0.0046 
[2025-02-21 02:19:28,424 INFO] 65024 iteration USE_EMA: False, train/sup_loss: 0.0009, train/unsup_loss: 0.2886, train/total_loss: 0.2895, train/util_ratio: 0.3750, train/run_time: 0.1488, lr: 0.0005, train/prefecth_time: 0.0045 
[2025-02-21 02:20:13,838 INFO] 65280 iteration USE_EMA: False, train/sup_loss: 0.0070, train/unsup_loss: 0.0131, train/total_loss: 0.0200, train/util_ratio: 0.1250, train/run_time: 0.1487, lr: 0.0005, train/prefecth_time: 0.0044 
[2025-02-21 02:20:59,233 INFO] validating...
/home/zakerian/miniconda3/envs/usb/lib/python3.8/site-packages/sklearn/metrics/_classification.py:1471: UndefinedMetricWarning: Precision is ill-defined and being set to 0.0 in labels with no predicted samples. Use `zero_division` parameter to control this behavior.
  _warn_prf(average, modifier, msg_start, len(result))
[2025-02-21 02:21:29,037 INFO] confusion matrix:
[[0.0003574  0.         0.         ... 0.0003574  0.0003574  0.00142959]
 [0.         0.         0.         ... 0.01694915 0.         0.        ]
 [0.         0.         0.         ... 0.         0.         0.        ]
 ...
 [0.         0.         0.         ... 0.         0.         0.        ]
 [0.         0.         0.         ... 0.         0.         0.        ]
 [0.         0.         0.         ... 0.         0.         0.        ]]
[2025-02-21 02:21:31,037 INFO] model saved: ./saved_models/usb_cv/fixmatch_market1501/latest_model.pth
[2025-02-21 02:21:31,039 INFO] 65536 iteration, USE_EMA: False, train/sup_loss: 0.0026, train/unsup_loss: 0.8206, train/total_loss: 0.8233, train/util_ratio: 0.2500, train/run_time: 0.1478, eval/loss: 20.7502, eval/top-1-acc: 0.0017, eval/top-5-acc: 0.0065, eval/balanced_acc: 0.0026, eval/precision: 0.0015, eval/recall: 0.0026, eval/F1: 0.0010, lr: 0.0005, train/prefecth_time: 0.0042 BEST_EVAL_ACC: 0.0025, at 40960 iters
[2025-02-21 02:22:17,117 INFO] 65792 iteration USE_EMA: False, train/sup_loss: 0.0108, train/unsup_loss: 0.0038, train/total_loss: 0.0146, train/util_ratio: 0.1250, train/run_time: 0.1488, lr: 0.0005, train/prefecth_time: 0.0044 
[2025-02-21 02:23:02,594 INFO] 66048 iteration USE_EMA: False, train/sup_loss: 0.0310, train/unsup_loss: 0.1788, train/total_loss: 0.2099, train/util_ratio: 0.2500, train/run_time: 0.1487, lr: 0.0005, train/prefecth_time: 0.0045 
[2025-02-21 02:23:48,007 INFO] 66304 iteration USE_EMA: False, train/sup_loss: 0.0649, train/unsup_loss: 0.0000, train/total_loss: 0.0649, train/util_ratio: 0.0000, train/run_time: 0.1486, lr: 0.0005, train/prefecth_time: 0.0043 
[2025-02-21 02:24:33,409 INFO] 66560 iteration USE_EMA: False, train/sup_loss: 0.0018, train/unsup_loss: 0.2753, train/total_loss: 0.2770, train/util_ratio: 0.3750, train/run_time: 0.1477, lr: 0.0005, train/prefecth_time: 0.0037 
[2025-02-21 02:25:19,395 INFO] 66816 iteration USE_EMA: False, train/sup_loss: 0.0750, train/unsup_loss: 0.4091, train/total_loss: 0.4841, train/util_ratio: 0.6250, train/run_time: 0.1485, lr: 0.0005, train/prefecth_time: 0.0045 
[2025-02-21 02:26:04,809 INFO] 67072 iteration USE_EMA: False, train/sup_loss: 0.0460, train/unsup_loss: 0.0085, train/total_loss: 0.0545, train/util_ratio: 0.1250, train/run_time: 0.1485, lr: 0.0005, train/prefecth_time: 0.0043 
[2025-02-21 02:26:50,190 INFO] 67328 iteration USE_EMA: False, train/sup_loss: 0.0012, train/unsup_loss: 0.7560, train/total_loss: 0.7571, train/util_ratio: 0.3750, train/run_time: 0.1483, lr: 0.0005, train/prefecth_time: 0.0044 
[2025-02-21 02:27:35,548 INFO] validating...
/home/zakerian/miniconda3/envs/usb/lib/python3.8/site-packages/sklearn/metrics/_classification.py:1471: UndefinedMetricWarning: Precision is ill-defined and being set to 0.0 in labels with no predicted samples. Use `zero_division` parameter to control this behavior.
  _warn_prf(average, modifier, msg_start, len(result))
[2025-02-21 02:28:05,412 INFO] confusion matrix:
[[0.        0.        0.        ... 0.        0.0007148 0.       ]
 [0.        0.        0.        ... 0.        0.        0.       ]
 [0.        0.        0.        ... 0.        0.        0.       ]
 ...
 [0.        0.        0.        ... 0.        0.        0.       ]
 [0.        0.        0.        ... 0.        0.        0.       ]
 [0.        0.        0.        ... 0.        0.        0.       ]]
[2025-02-21 02:28:07,422 INFO] model saved: ./saved_models/usb_cv/fixmatch_market1501/latest_model.pth
[2025-02-21 02:28:07,424 INFO] 67584 iteration, USE_EMA: False, train/sup_loss: 0.0021, train/unsup_loss: 0.1664, train/total_loss: 0.1685, train/util_ratio: 0.2500, train/run_time: 0.1478, eval/loss: 20.5538, eval/top-1-acc: 0.0010, eval/top-5-acc: 0.0053, eval/balanced_acc: 0.0012, eval/precision: 0.0007, eval/recall: 0.0012, eval/F1: 0.0006, lr: 0.0005, train/prefecth_time: 0.0038 BEST_EVAL_ACC: 0.0025, at 40960 iters
[2025-02-21 02:28:53,641 INFO] 67840 iteration USE_EMA: False, train/sup_loss: 0.0009, train/unsup_loss: 0.0068, train/total_loss: 0.0076, train/util_ratio: 0.3750, train/run_time: 0.1483, lr: 0.0005, train/prefecth_time: 0.0042 
[2025-02-21 02:29:39,178 INFO] 68096 iteration USE_EMA: False, train/sup_loss: 0.0017, train/unsup_loss: 0.2828, train/total_loss: 0.2845, train/util_ratio: 0.3750, train/run_time: 0.1486, lr: 0.0005, train/prefecth_time: 0.0042 
[2025-02-21 02:30:24,740 INFO] 68352 iteration USE_EMA: False, train/sup_loss: 0.1057, train/unsup_loss: 1.2871, train/total_loss: 1.3928, train/util_ratio: 0.2500, train/run_time: 0.1490, lr: 0.0005, train/prefecth_time: 0.0047 
[2025-02-21 02:31:10,200 INFO] 68608 iteration USE_EMA: False, train/sup_loss: 0.0185, train/unsup_loss: 0.6140, train/total_loss: 0.6325, train/util_ratio: 0.3750, train/run_time: 0.1475, lr: 0.0005, train/prefecth_time: 0.0038 
[2025-02-21 02:31:56,156 INFO] 68864 iteration USE_EMA: False, train/sup_loss: 0.0010, train/unsup_loss: 0.0050, train/total_loss: 0.0060, train/util_ratio: 0.1250, train/run_time: 0.1483, lr: 0.0005, train/prefecth_time: 0.0045 
[2025-02-21 02:32:41,625 INFO] 69120 iteration USE_EMA: False, train/sup_loss: 0.0019, train/unsup_loss: 0.5735, train/total_loss: 0.5753, train/util_ratio: 0.3750, train/run_time: 0.1496, lr: 0.0005, train/prefecth_time: 0.0043 
[2025-02-21 02:33:26,997 INFO] 69376 iteration USE_EMA: False, train/sup_loss: 0.0007, train/unsup_loss: 0.2397, train/total_loss: 0.2403, train/util_ratio: 0.2500, train/run_time: 0.1494, lr: 0.0005, train/prefecth_time: 0.0044 
[2025-02-21 02:34:12,399 INFO] validating...
/home/zakerian/miniconda3/envs/usb/lib/python3.8/site-packages/sklearn/metrics/_classification.py:1471: UndefinedMetricWarning: Precision is ill-defined and being set to 0.0 in labels with no predicted samples. Use `zero_division` parameter to control this behavior.
  _warn_prf(average, modifier, msg_start, len(result))
[2025-02-21 02:34:42,308 INFO] confusion matrix:
[[0.         0.         0.         ... 0.00393138 0.0007148  0.0003574 ]
 [0.         0.         0.         ... 0.         0.         0.        ]
 [0.         0.         0.         ... 0.         0.         0.        ]
 ...
 [0.         0.         0.         ... 0.         0.         0.        ]
 [0.         0.         0.         ... 0.         0.         0.        ]
 [0.         0.         0.         ... 0.         0.         0.        ]]
[2025-02-21 02:34:44,319 INFO] model saved: ./saved_models/usb_cv/fixmatch_market1501/latest_model.pth
[2025-02-21 02:34:44,320 INFO] 69632 iteration, USE_EMA: False, train/sup_loss: 0.0094, train/unsup_loss: 0.0034, train/total_loss: 0.0128, train/util_ratio: 0.2500, train/run_time: 0.1482, eval/loss: 22.2604, eval/top-1-acc: 0.0011, eval/top-5-acc: 0.0068, eval/balanced_acc: 0.0012, eval/precision: 0.0013, eval/recall: 0.0012, eval/F1: 0.0011, lr: 0.0005, train/prefecth_time: 0.0041 BEST_EVAL_ACC: 0.0025, at 40960 iters
[2025-02-21 02:35:30,356 INFO] 69888 iteration USE_EMA: False, train/sup_loss: 0.0031, train/unsup_loss: 0.0947, train/total_loss: 0.0977, train/util_ratio: 0.1250, train/run_time: 0.1488, lr: 0.0005, train/prefecth_time: 0.0059 
[2025-02-21 02:36:15,787 INFO] 70144 iteration USE_EMA: False, train/sup_loss: 0.0002, train/unsup_loss: 0.2944, train/total_loss: 0.2946, train/util_ratio: 0.3750, train/run_time: 0.1492, lr: 0.0005, train/prefecth_time: 0.0059 
[2025-02-21 02:37:01,214 INFO] 70400 iteration USE_EMA: False, train/sup_loss: 0.0285, train/unsup_loss: 0.0028, train/total_loss: 0.0313, train/util_ratio: 0.1250, train/run_time: 0.1481, lr: 0.0005, train/prefecth_time: 0.0043 
[2025-02-21 02:37:46,559 INFO] 70656 iteration USE_EMA: False, train/sup_loss: 0.1078, train/unsup_loss: 0.1492, train/total_loss: 0.2569, train/util_ratio: 0.2500, train/run_time: 0.1474, lr: 0.0004, train/prefecth_time: 0.0037 
[2025-02-21 02:38:32,622 INFO] 70912 iteration USE_EMA: False, train/sup_loss: 0.0070, train/unsup_loss: 0.2526, train/total_loss: 0.2595, train/util_ratio: 0.1250, train/run_time: 0.1487, lr: 0.0004, train/prefecth_time: 0.0040 
[2025-02-21 02:39:17,957 INFO] 71168 iteration USE_EMA: False, train/sup_loss: 0.0006, train/unsup_loss: 0.7465, train/total_loss: 0.7472, train/util_ratio: 0.3750, train/run_time: 0.1485, lr: 0.0004, train/prefecth_time: 0.0045 
[2025-02-21 02:40:03,267 INFO] 71424 iteration USE_EMA: False, train/sup_loss: 0.0044, train/unsup_loss: 0.5906, train/total_loss: 0.5950, train/util_ratio: 0.3750, train/run_time: 0.1487, lr: 0.0004, train/prefecth_time: 0.0043 
[2025-02-21 02:40:48,647 INFO] validating...
/home/zakerian/miniconda3/envs/usb/lib/python3.8/site-packages/sklearn/metrics/_classification.py:1471: UndefinedMetricWarning: Precision is ill-defined and being set to 0.0 in labels with no predicted samples. Use `zero_division` parameter to control this behavior.
  _warn_prf(average, modifier, msg_start, len(result))
[2025-02-21 02:41:18,568 INFO] confusion matrix:
[[0.         0.         0.         ... 0.00357398 0.00107219 0.00250179]
 [0.         0.         0.         ... 0.05084746 0.         0.        ]
 [0.         0.         0.         ... 0.         0.         0.        ]
 ...
 [0.         0.         0.         ... 0.         0.         0.        ]
 [0.         0.         0.         ... 0.         0.         0.        ]
 [0.         0.         0.         ... 0.         0.         0.        ]]
[2025-02-21 02:41:20,566 INFO] model saved: ./saved_models/usb_cv/fixmatch_market1501/latest_model.pth
[2025-02-21 02:41:20,567 INFO] 71680 iteration, USE_EMA: False, train/sup_loss: 0.0058, train/unsup_loss: 0.5000, train/total_loss: 0.5058, train/util_ratio: 0.1250, train/run_time: 0.1474, eval/loss: 21.6014, eval/top-1-acc: 0.0011, eval/top-5-acc: 0.0058, eval/balanced_acc: 0.0011, eval/precision: 0.0011, eval/recall: 0.0011, eval/F1: 0.0006, lr: 0.0004, train/prefecth_time: 0.0038 BEST_EVAL_ACC: 0.0025, at 40960 iters
[2025-02-21 02:42:06,698 INFO] 71936 iteration USE_EMA: False, train/sup_loss: 0.0272, train/unsup_loss: 0.3518, train/total_loss: 0.3790, train/util_ratio: 0.5000, train/run_time: 0.1484, lr: 0.0004, train/prefecth_time: 0.0043 
[2025-02-21 02:42:52,229 INFO] 72192 iteration USE_EMA: False, train/sup_loss: 0.0095, train/unsup_loss: 0.0000, train/total_loss: 0.0095, train/util_ratio: 0.0000, train/run_time: 0.1483, lr: 0.0004, train/prefecth_time: 0.0045 
[2025-02-21 02:43:37,794 INFO] 72448 iteration USE_EMA: False, train/sup_loss: 0.0005, train/unsup_loss: 0.8226, train/total_loss: 0.8230, train/util_ratio: 0.2500, train/run_time: 0.1485, lr: 0.0004, train/prefecth_time: 0.0041 
[2025-02-21 02:44:23,195 INFO] 72704 iteration USE_EMA: False, train/sup_loss: 0.0005, train/unsup_loss: 1.8156, train/total_loss: 1.8161, train/util_ratio: 0.6250, train/run_time: 0.1479, lr: 0.0004, train/prefecth_time: 0.0038 
[2025-02-21 02:45:09,126 INFO] 72960 iteration USE_EMA: False, train/sup_loss: 0.0434, train/unsup_loss: 0.1108, train/total_loss: 0.1542, train/util_ratio: 0.3750, train/run_time: 0.1485, lr: 0.0004, train/prefecth_time: 0.0042 
[2025-02-21 02:45:54,529 INFO] 73216 iteration USE_EMA: False, train/sup_loss: 0.0006, train/unsup_loss: 0.5923, train/total_loss: 0.5929, train/util_ratio: 0.3750, train/run_time: 0.1486, lr: 0.0004, train/prefecth_time: 0.0041 
[2025-02-21 02:46:39,994 INFO] 73472 iteration USE_EMA: False, train/sup_loss: 0.0026, train/unsup_loss: 0.0000, train/total_loss: 0.0026, train/util_ratio: 0.0000, train/run_time: 0.1489, lr: 0.0004, train/prefecth_time: 0.0041 
[2025-02-21 02:47:25,398 INFO] validating...
/home/zakerian/miniconda3/envs/usb/lib/python3.8/site-packages/sklearn/metrics/_classification.py:1471: UndefinedMetricWarning: Precision is ill-defined and being set to 0.0 in labels with no predicted samples. Use `zero_division` parameter to control this behavior.
  _warn_prf(average, modifier, msg_start, len(result))
[2025-02-21 02:47:55,456 INFO] confusion matrix:
[[0.         0.         0.         ... 0.0003574  0.00107219 0.0003574 ]
 [0.         0.         0.         ... 0.         0.         0.        ]
 [0.         0.         0.         ... 0.         0.         0.        ]
 ...
 [0.         0.         0.         ... 0.         0.         0.        ]
 [0.         0.         0.         ... 0.         0.         0.        ]
 [0.         0.         0.         ... 0.         0.         0.        ]]
[2025-02-21 02:47:57,459 INFO] model saved: ./saved_models/usb_cv/fixmatch_market1501/latest_model.pth
[2025-02-21 02:47:57,461 INFO] 73728 iteration, USE_EMA: False, train/sup_loss: 0.0002, train/unsup_loss: 0.3444, train/total_loss: 0.3446, train/util_ratio: 0.2500, train/run_time: 0.1479, eval/loss: 22.9332, eval/top-1-acc: 0.0024, eval/top-5-acc: 0.0067, eval/balanced_acc: 0.0026, eval/precision: 0.0017, eval/recall: 0.0026, eval/F1: 0.0015, lr: 0.0004, train/prefecth_time: 0.0038 BEST_EVAL_ACC: 0.0025, at 40960 iters
[2025-02-21 02:48:43,582 INFO] 73984 iteration USE_EMA: False, train/sup_loss: 0.0018, train/unsup_loss: 0.1571, train/total_loss: 0.1590, train/util_ratio: 0.1250, train/run_time: 0.1486, lr: 0.0004, train/prefecth_time: 0.0043 
[2025-02-21 02:49:29,028 INFO] 74240 iteration USE_EMA: False, train/sup_loss: 0.0018, train/unsup_loss: 0.5122, train/total_loss: 0.5140, train/util_ratio: 0.2500, train/run_time: 0.1485, lr: 0.0004, train/prefecth_time: 0.0037 
[2025-02-21 02:50:14,505 INFO] 74496 iteration USE_EMA: False, train/sup_loss: 0.0056, train/unsup_loss: 0.5845, train/total_loss: 0.5902, train/util_ratio: 0.3750, train/run_time: 0.1490, lr: 0.0004, train/prefecth_time: 0.0054 
[2025-02-21 02:50:59,957 INFO] 74752 iteration USE_EMA: False, train/sup_loss: 0.0043, train/unsup_loss: 0.0000, train/total_loss: 0.0043, train/util_ratio: 0.2500, train/run_time: 0.1474, lr: 0.0004, train/prefecth_time: 0.0034 
[2025-02-21 02:51:45,962 INFO] 75008 iteration USE_EMA: False, train/sup_loss: 0.0004, train/unsup_loss: 0.0064, train/total_loss: 0.0068, train/util_ratio: 0.3750, train/run_time: 0.1489, lr: 0.0004, train/prefecth_time: 0.0044 
[2025-02-21 02:52:31,333 INFO] 75264 iteration USE_EMA: False, train/sup_loss: 0.0019, train/unsup_loss: 1.0708, train/total_loss: 1.0727, train/util_ratio: 0.7500, train/run_time: 0.1495, lr: 0.0004, train/prefecth_time: 0.0045 
[2025-02-21 02:53:16,805 INFO] 75520 iteration USE_EMA: False, train/sup_loss: 0.0011, train/unsup_loss: 0.2523, train/total_loss: 0.2534, train/util_ratio: 0.3750, train/run_time: 0.1485, lr: 0.0004, train/prefecth_time: 0.0043 
[2025-02-21 02:54:02,329 INFO] validating...
/home/zakerian/miniconda3/envs/usb/lib/python3.8/site-packages/sklearn/metrics/_classification.py:1471: UndefinedMetricWarning: Precision is ill-defined and being set to 0.0 in labels with no predicted samples. Use `zero_division` parameter to control this behavior.
  _warn_prf(average, modifier, msg_start, len(result))
[2025-02-21 02:54:32,259 INFO] confusion matrix:
[[0.         0.         0.         ... 0.0003574  0.0007148  0.        ]
 [0.         0.         0.         ... 0.06779661 0.         0.        ]
 [0.         0.         0.         ... 0.         0.         0.        ]
 ...
 [0.         0.         0.         ... 0.         0.         0.        ]
 [0.         0.         0.         ... 0.         0.         0.        ]
 [0.         0.         0.         ... 0.         0.         0.        ]]
[2025-02-21 02:54:34,265 INFO] model saved: ./saved_models/usb_cv/fixmatch_market1501/latest_model.pth
[2025-02-21 02:54:36,243 INFO] model saved: ./saved_models/usb_cv/fixmatch_market1501/model_best.pth
[2025-02-21 02:54:36,243 INFO] 75776 iteration, USE_EMA: False, train/sup_loss: 0.0001, train/unsup_loss: 1.5813, train/total_loss: 1.5814, train/util_ratio: 0.8750, train/run_time: 0.1475, eval/loss: 24.4559, eval/top-1-acc: 0.0031, eval/top-5-acc: 0.0086, eval/balanced_acc: 0.0042, eval/precision: 0.0013, eval/recall: 0.0042, eval/F1: 0.0016, lr: 0.0004, train/prefecth_time: 0.0039 BEST_EVAL_ACC: 0.0031, at 75776 iters
[2025-02-21 02:55:22,361 INFO] 76032 iteration USE_EMA: False, train/sup_loss: 0.0009, train/unsup_loss: 0.1269, train/total_loss: 0.1278, train/util_ratio: 0.2500, train/run_time: 0.1488, lr: 0.0004, train/prefecth_time: 0.0048 
[2025-02-21 02:56:07,920 INFO] 76288 iteration USE_EMA: False, train/sup_loss: 0.0069, train/unsup_loss: 0.1589, train/total_loss: 0.1659, train/util_ratio: 0.2500, train/run_time: 0.1486, lr: 0.0004, train/prefecth_time: 0.0042 
[2025-02-21 02:56:53,396 INFO] 76544 iteration USE_EMA: False, train/sup_loss: 0.0004, train/unsup_loss: 0.1953, train/total_loss: 0.1956, train/util_ratio: 0.5000, train/run_time: 0.1490, lr: 0.0004, train/prefecth_time: 0.0056 
[2025-02-21 02:57:38,872 INFO] 76800 iteration USE_EMA: False, train/sup_loss: 0.0099, train/unsup_loss: 0.0487, train/total_loss: 0.0585, train/util_ratio: 0.3750, train/run_time: 0.1478, lr: 0.0004, train/prefecth_time: 0.0040 
[2025-02-21 02:58:24,863 INFO] 77056 iteration USE_EMA: False, train/sup_loss: 0.0035, train/unsup_loss: 1.8661, train/total_loss: 1.8696, train/util_ratio: 0.3750, train/run_time: 0.1490, lr: 0.0004, train/prefecth_time: 0.0043 
[2025-02-21 02:59:10,246 INFO] 77312 iteration USE_EMA: False, train/sup_loss: 0.0003, train/unsup_loss: 0.0001, train/total_loss: 0.0003, train/util_ratio: 0.1250, train/run_time: 0.1491, lr: 0.0004, train/prefecth_time: 0.0041 
[2025-02-21 02:59:55,592 INFO] 77568 iteration USE_EMA: False, train/sup_loss: 0.0128, train/unsup_loss: 0.7996, train/total_loss: 0.8124, train/util_ratio: 0.3750, train/run_time: 0.1482, lr: 0.0004, train/prefecth_time: 0.0043 
[2025-02-21 03:00:40,930 INFO] validating...
/home/zakerian/miniconda3/envs/usb/lib/python3.8/site-packages/sklearn/metrics/_classification.py:1471: UndefinedMetricWarning: Precision is ill-defined and being set to 0.0 in labels with no predicted samples. Use `zero_division` parameter to control this behavior.
  _warn_prf(average, modifier, msg_start, len(result))
[2025-02-21 03:01:10,827 INFO] confusion matrix:
[[0.        0.        0.        ... 0.        0.0007148 0.0007148]
 [0.        0.        0.        ... 0.        0.        0.       ]
 [0.        0.        0.        ... 0.        0.        0.       ]
 ...
 [0.        0.        0.        ... 0.        0.        0.       ]
 [0.        0.        0.        ... 0.        0.        0.       ]
 [0.        0.        0.        ... 0.        0.        0.       ]]
[2025-02-21 03:01:12,835 INFO] model saved: ./saved_models/usb_cv/fixmatch_market1501/latest_model.pth
[2025-02-21 03:01:12,836 INFO] 77824 iteration, USE_EMA: False, train/sup_loss: 0.0353, train/unsup_loss: 0.8637, train/total_loss: 0.8990, train/util_ratio: 0.2500, train/run_time: 0.1474, eval/loss: 22.1462, eval/top-1-acc: 0.0013, eval/top-5-acc: 0.0060, eval/balanced_acc: 0.0020, eval/precision: 0.0010, eval/recall: 0.0020, eval/F1: 0.0009, lr: 0.0004, train/prefecth_time: 0.0038 BEST_EVAL_ACC: 0.0031, at 75776 iters
[2025-02-21 03:01:58,825 INFO] 78080 iteration USE_EMA: False, train/sup_loss: 0.0005, train/unsup_loss: 0.0000, train/total_loss: 0.0006, train/util_ratio: 0.1250, train/run_time: 0.1492, lr: 0.0004, train/prefecth_time: 0.0045 
[2025-02-21 03:02:44,291 INFO] 78336 iteration USE_EMA: False, train/sup_loss: 0.0184, train/unsup_loss: 0.0010, train/total_loss: 0.0194, train/util_ratio: 0.2500, train/run_time: 0.1484, lr: 0.0004, train/prefecth_time: 0.0043 
[2025-02-21 03:03:29,820 INFO] 78592 iteration USE_EMA: False, train/sup_loss: 0.0008, train/unsup_loss: 0.0032, train/total_loss: 0.0041, train/util_ratio: 0.1250, train/run_time: 0.1484, lr: 0.0004, train/prefecth_time: 0.0045 
[2025-02-21 03:04:15,226 INFO] 78848 iteration USE_EMA: False, train/sup_loss: 0.0042, train/unsup_loss: 0.0000, train/total_loss: 0.0042, train/util_ratio: 0.0000, train/run_time: 0.1474, lr: 0.0004, train/prefecth_time: 0.0041 
[2025-02-21 03:05:01,175 INFO] 79104 iteration USE_EMA: False, train/sup_loss: 0.0006, train/unsup_loss: 0.0015, train/total_loss: 0.0020, train/util_ratio: 0.1250, train/run_time: 0.1485, lr: 0.0004, train/prefecth_time: 0.0045 
[2025-02-21 03:05:46,649 INFO] 79360 iteration USE_EMA: False, train/sup_loss: 0.0522, train/unsup_loss: 0.0309, train/total_loss: 0.0830, train/util_ratio: 0.2500, train/run_time: 0.1491, lr: 0.0004, train/prefecth_time: 0.0043 
[2025-02-21 03:06:32,009 INFO] 79616 iteration USE_EMA: False, train/sup_loss: 0.0014, train/unsup_loss: 0.3530, train/total_loss: 0.3544, train/util_ratio: 0.2500, train/run_time: 0.1491, lr: 0.0004, train/prefecth_time: 0.0045 
[2025-02-21 03:07:17,362 INFO] validating...
/home/zakerian/miniconda3/envs/usb/lib/python3.8/site-packages/sklearn/metrics/_classification.py:1471: UndefinedMetricWarning: Precision is ill-defined and being set to 0.0 in labels with no predicted samples. Use `zero_division` parameter to control this behavior.
  _warn_prf(average, modifier, msg_start, len(result))
[2025-02-21 03:07:47,291 INFO] confusion matrix:
[[0.         0.         0.         ... 0.00285919 0.0003574  0.        ]
 [0.         0.         0.         ... 0.05084746 0.         0.        ]
 [0.         0.         0.         ... 0.         0.         0.        ]
 ...
 [0.         0.         0.         ... 0.         0.         0.        ]
 [0.         0.         0.         ... 0.         0.         0.        ]
 [0.         0.         0.         ... 0.         0.         0.        ]]
[2025-02-21 03:07:49,288 INFO] model saved: ./saved_models/usb_cv/fixmatch_market1501/latest_model.pth
[2025-02-21 03:07:49,291 INFO] 79872 iteration, USE_EMA: False, train/sup_loss: 0.0001, train/unsup_loss: 0.0000, train/total_loss: 0.0001, train/util_ratio: 0.0000, train/run_time: 0.1476, eval/loss: 22.4157, eval/top-1-acc: 0.0011, eval/top-5-acc: 0.0050, eval/balanced_acc: 0.0013, eval/precision: 0.0010, eval/recall: 0.0013, eval/F1: 0.0010, lr: 0.0004, train/prefecth_time: 0.0042 BEST_EVAL_ACC: 0.0031, at 75776 iters
[2025-02-21 03:08:35,387 INFO] 80128 iteration USE_EMA: False, train/sup_loss: 0.0005, train/unsup_loss: 0.4717, train/total_loss: 0.4722, train/util_ratio: 0.3750, train/run_time: 0.1490, lr: 0.0004, train/prefecth_time: 0.0044 
[2025-02-21 03:09:20,807 INFO] 80384 iteration USE_EMA: False, train/sup_loss: 0.0039, train/unsup_loss: 0.2918, train/total_loss: 0.2957, train/util_ratio: 0.2500, train/run_time: 0.1486, lr: 0.0004, train/prefecth_time: 0.0043 
[2025-02-21 03:10:06,263 INFO] 80640 iteration USE_EMA: False, train/sup_loss: 0.0022, train/unsup_loss: 0.0130, train/total_loss: 0.0152, train/util_ratio: 0.2500, train/run_time: 0.1483, lr: 0.0004, train/prefecth_time: 0.0043 
[2025-02-21 03:10:51,699 INFO] 80896 iteration USE_EMA: False, train/sup_loss: 0.0011, train/unsup_loss: 0.0087, train/total_loss: 0.0098, train/util_ratio: 0.1250, train/run_time: 0.1478, lr: 0.0004, train/prefecth_time: 0.0039 
[2025-02-21 03:11:37,757 INFO] 81152 iteration USE_EMA: False, train/sup_loss: 0.0024, train/unsup_loss: 0.2943, train/total_loss: 0.2967, train/util_ratio: 0.3750, train/run_time: 0.1488, lr: 0.0004, train/prefecth_time: 0.0046 
[2025-02-21 03:12:23,233 INFO] 81408 iteration USE_EMA: False, train/sup_loss: 0.0009, train/unsup_loss: 0.2084, train/total_loss: 0.2093, train/util_ratio: 0.3750, train/run_time: 0.1486, lr: 0.0004, train/prefecth_time: 0.0044 
[2025-02-21 03:13:08,632 INFO] 81664 iteration USE_EMA: False, train/sup_loss: 0.0011, train/unsup_loss: 0.1567, train/total_loss: 0.1577, train/util_ratio: 0.5000, train/run_time: 0.1482, lr: 0.0004, train/prefecth_time: 0.0043 
[2025-02-21 03:13:53,981 INFO] validating...
/home/zakerian/miniconda3/envs/usb/lib/python3.8/site-packages/sklearn/metrics/_classification.py:1471: UndefinedMetricWarning: Precision is ill-defined and being set to 0.0 in labels with no predicted samples. Use `zero_division` parameter to control this behavior.
  _warn_prf(average, modifier, msg_start, len(result))
[2025-02-21 03:14:24,085 INFO] confusion matrix:
[[0.         0.         0.         ... 0.0003574  0.0003574  0.00178699]
 [0.         0.         0.         ... 0.01694915 0.         0.        ]
 [0.         0.         0.         ... 0.         0.         0.        ]
 ...
 [0.         0.         0.         ... 0.         0.         0.        ]
 [0.         0.         0.         ... 0.         0.         0.        ]
 [0.         0.         0.         ... 0.         0.         0.        ]]
[2025-02-21 03:14:26,088 INFO] model saved: ./saved_models/usb_cv/fixmatch_market1501/latest_model.pth
[2025-02-21 03:14:26,090 INFO] 81920 iteration, USE_EMA: False, train/sup_loss: 0.0011, train/unsup_loss: 0.8265, train/total_loss: 0.8275, train/util_ratio: 0.6250, train/run_time: 0.1478, eval/loss: 22.6973, eval/top-1-acc: 0.0016, eval/top-5-acc: 0.0066, eval/balanced_acc: 0.0023, eval/precision: 0.0007, eval/recall: 0.0023, eval/F1: 0.0008, lr: 0.0004, train/prefecth_time: 0.0041 BEST_EVAL_ACC: 0.0031, at 75776 iters
[2025-02-21 03:15:12,237 INFO] 82176 iteration USE_EMA: False, train/sup_loss: 0.0146, train/unsup_loss: 0.3544, train/total_loss: 0.3690, train/util_ratio: 0.3750, train/run_time: 0.1481, lr: 0.0004, train/prefecth_time: 0.0046 
[2025-02-21 03:15:57,589 INFO] 82432 iteration USE_EMA: False, train/sup_loss: 0.0022, train/unsup_loss: 0.0267, train/total_loss: 0.0289, train/util_ratio: 0.1250, train/run_time: 0.1481, lr: 0.0004, train/prefecth_time: 0.0040 
[2025-02-21 03:16:42,934 INFO] 82688 iteration USE_EMA: False, train/sup_loss: 0.0011, train/unsup_loss: 0.3335, train/total_loss: 0.3346, train/util_ratio: 0.2500, train/run_time: 0.1485, lr: 0.0004, train/prefecth_time: 0.0045 
[2025-02-21 03:17:28,350 INFO] 82944 iteration USE_EMA: False, train/sup_loss: 0.0119, train/unsup_loss: 0.0178, train/total_loss: 0.0297, train/util_ratio: 0.2500, train/run_time: 0.1472, lr: 0.0004, train/prefecth_time: 0.0039 
[2025-02-21 03:18:14,317 INFO] 83200 iteration USE_EMA: False, train/sup_loss: 0.0009, train/unsup_loss: 0.2991, train/total_loss: 0.3000, train/util_ratio: 0.3750, train/run_time: 0.1487, lr: 0.0004, train/prefecth_time: 0.0047 
[2025-02-21 03:18:59,686 INFO] 83456 iteration USE_EMA: False, train/sup_loss: 0.0019, train/unsup_loss: 0.0098, train/total_loss: 0.0117, train/util_ratio: 0.1250, train/run_time: 0.1487, lr: 0.0004, train/prefecth_time: 0.0042 
[2025-02-21 03:19:45,152 INFO] 83712 iteration USE_EMA: False, train/sup_loss: 0.0002, train/unsup_loss: 1.7733, train/total_loss: 1.7736, train/util_ratio: 0.7500, train/run_time: 0.1487, lr: 0.0004, train/prefecth_time: 0.0043 
[2025-02-21 03:20:30,469 INFO] validating...
/home/zakerian/miniconda3/envs/usb/lib/python3.8/site-packages/sklearn/metrics/_classification.py:1471: UndefinedMetricWarning: Precision is ill-defined and being set to 0.0 in labels with no predicted samples. Use `zero_division` parameter to control this behavior.
  _warn_prf(average, modifier, msg_start, len(result))
[2025-02-21 03:21:00,241 INFO] confusion matrix:
[[0.         0.         0.         ... 0.00857756 0.00142959 0.00107219]
 [0.         0.         0.         ... 0.08474576 0.         0.        ]
 [0.         0.         0.         ... 0.         0.         0.        ]
 ...
 [0.         0.         0.         ... 0.         0.         0.        ]
 [0.         0.         0.         ... 0.         0.         0.        ]
 [0.         0.         0.         ... 0.         0.         0.        ]]
[2025-02-21 03:21:02,246 INFO] model saved: ./saved_models/usb_cv/fixmatch_market1501/latest_model.pth
[2025-02-21 03:21:02,248 INFO] 83968 iteration, USE_EMA: False, train/sup_loss: 0.0002, train/unsup_loss: 0.7369, train/total_loss: 0.7371, train/util_ratio: 0.3750, train/run_time: 0.1476, eval/loss: 23.0019, eval/top-1-acc: 0.0019, eval/top-5-acc: 0.0068, eval/balanced_acc: 0.0032, eval/precision: 0.0008, eval/recall: 0.0032, eval/F1: 0.0011, lr: 0.0004, train/prefecth_time: 0.0040 BEST_EVAL_ACC: 0.0031, at 75776 iters
[2025-02-21 03:21:48,340 INFO] 84224 iteration USE_EMA: False, train/sup_loss: 0.0049, train/unsup_loss: 0.3947, train/total_loss: 0.3996, train/util_ratio: 0.3750, train/run_time: 0.1492, lr: 0.0004, train/prefecth_time: 0.0044 
[2025-02-21 03:22:33,829 INFO] 84480 iteration USE_EMA: False, train/sup_loss: 0.0047, train/unsup_loss: 0.4413, train/total_loss: 0.4460, train/util_ratio: 0.3750, train/run_time: 0.1490, lr: 0.0004, train/prefecth_time: 0.0043 
[2025-02-21 03:23:19,262 INFO] 84736 iteration USE_EMA: False, train/sup_loss: 0.0011, train/unsup_loss: 0.5846, train/total_loss: 0.5858, train/util_ratio: 0.6250, train/run_time: 0.1489, lr: 0.0004, train/prefecth_time: 0.0040 
[2025-02-21 03:24:04,694 INFO] 84992 iteration USE_EMA: False, train/sup_loss: 0.0070, train/unsup_loss: 0.0049, train/total_loss: 0.0119, train/util_ratio: 0.2500, train/run_time: 0.1478, lr: 0.0004, train/prefecth_time: 0.0041 
[2025-02-21 03:24:50,635 INFO] 85248 iteration USE_EMA: False, train/sup_loss: 0.0015, train/unsup_loss: 0.0001, train/total_loss: 0.0016, train/util_ratio: 0.1250, train/run_time: 0.1479, lr: 0.0004, train/prefecth_time: 0.0041 
[2025-02-21 03:25:35,999 INFO] 85504 iteration USE_EMA: False, train/sup_loss: 0.0027, train/unsup_loss: 0.0067, train/total_loss: 0.0094, train/util_ratio: 0.2500, train/run_time: 0.1480, lr: 0.0004, train/prefecth_time: 0.0042 
[2025-02-21 03:26:21,381 INFO] 85760 iteration USE_EMA: False, train/sup_loss: 0.0002, train/unsup_loss: 0.0070, train/total_loss: 0.0072, train/util_ratio: 0.2500, train/run_time: 0.1485, lr: 0.0004, train/prefecth_time: 0.0043 
[2025-02-21 03:27:06,799 INFO] validating...
/home/zakerian/miniconda3/envs/usb/lib/python3.8/site-packages/sklearn/metrics/_classification.py:1471: UndefinedMetricWarning: Precision is ill-defined and being set to 0.0 in labels with no predicted samples. Use `zero_division` parameter to control this behavior.
  _warn_prf(average, modifier, msg_start, len(result))
[2025-02-21 03:27:36,814 INFO] confusion matrix:
[[0.0003574  0.         0.         ... 0.00107219 0.00142959 0.        ]
 [0.         0.         0.         ... 0.03389831 0.         0.        ]
 [0.         0.         0.         ... 0.         0.         0.        ]
 ...
 [0.         0.         0.         ... 0.         0.         0.        ]
 [0.         0.         0.         ... 0.         0.         0.        ]
 [0.         0.         0.         ... 0.         0.         0.        ]]
[2025-02-21 03:27:38,828 INFO] model saved: ./saved_models/usb_cv/fixmatch_market1501/latest_model.pth
[2025-02-21 03:27:38,830 INFO] 86016 iteration, USE_EMA: False, train/sup_loss: 0.0022, train/unsup_loss: 0.1164, train/total_loss: 0.1186, train/util_ratio: 0.3750, train/run_time: 0.1477, eval/loss: 24.1041, eval/top-1-acc: 0.0016, eval/top-5-acc: 0.0071, eval/balanced_acc: 0.0018, eval/precision: 0.0009, eval/recall: 0.0018, eval/F1: 0.0008, lr: 0.0004, train/prefecth_time: 0.0037 BEST_EVAL_ACC: 0.0031, at 75776 iters
[2025-02-21 03:28:24,866 INFO] 86272 iteration USE_EMA: False, train/sup_loss: 0.0007, train/unsup_loss: 0.1172, train/total_loss: 0.1179, train/util_ratio: 0.3750, train/run_time: 0.1494, lr: 0.0004, train/prefecth_time: 0.0042 
[2025-02-21 03:29:10,303 INFO] 86528 iteration USE_EMA: False, train/sup_loss: 0.1453, train/unsup_loss: 0.2271, train/total_loss: 0.3724, train/util_ratio: 0.2500, train/run_time: 0.1484, lr: 0.0004, train/prefecth_time: 0.0042 
[2025-02-21 03:29:55,820 INFO] 86784 iteration USE_EMA: False, train/sup_loss: 0.0022, train/unsup_loss: 0.0675, train/total_loss: 0.0698, train/util_ratio: 0.2500, train/run_time: 0.1491, lr: 0.0004, train/prefecth_time: 0.0042 
[2025-02-21 03:30:41,250 INFO] 87040 iteration USE_EMA: False, train/sup_loss: 0.0010, train/unsup_loss: 0.5426, train/total_loss: 0.5435, train/util_ratio: 0.3750, train/run_time: 0.1480, lr: 0.0004, train/prefecth_time: 0.0041 
[2025-02-21 03:31:27,299 INFO] 87296 iteration USE_EMA: False, train/sup_loss: 0.0075, train/unsup_loss: 0.1346, train/total_loss: 0.1421, train/util_ratio: 0.2500, train/run_time: 0.1493, lr: 0.0004, train/prefecth_time: 0.0041 
[2025-02-21 03:32:12,767 INFO] 87552 iteration USE_EMA: False, train/sup_loss: 0.0005, train/unsup_loss: 0.3932, train/total_loss: 0.3937, train/util_ratio: 0.5000, train/run_time: 0.1491, lr: 0.0004, train/prefecth_time: 0.0055 
[2025-02-21 03:32:58,208 INFO] 87808 iteration USE_EMA: False, train/sup_loss: 0.0019, train/unsup_loss: 0.0025, train/total_loss: 0.0044, train/util_ratio: 0.2500, train/run_time: 0.1492, lr: 0.0004, train/prefecth_time: 0.0044 
[2025-02-21 03:33:43,594 INFO] validating...
/home/zakerian/miniconda3/envs/usb/lib/python3.8/site-packages/sklearn/metrics/_classification.py:1471: UndefinedMetricWarning: Precision is ill-defined and being set to 0.0 in labels with no predicted samples. Use `zero_division` parameter to control this behavior.
  _warn_prf(average, modifier, msg_start, len(result))
[2025-02-21 03:34:13,447 INFO] confusion matrix:
[[0.         0.         0.00142959 ... 0.0007148  0.00107219 0.0003574 ]
 [0.         0.         0.         ... 0.         0.         0.        ]
 [0.         0.         0.         ... 0.         0.         0.        ]
 ...
 [0.         0.         0.07142857 ... 0.         0.         0.        ]
 [0.         0.         0.04347826 ... 0.         0.         0.        ]
 [0.         0.         0.         ... 0.         0.         0.        ]]
[2025-02-21 03:34:15,469 INFO] model saved: ./saved_models/usb_cv/fixmatch_market1501/latest_model.pth
[2025-02-21 03:34:15,471 INFO] 88064 iteration, USE_EMA: False, train/sup_loss: 0.0003, train/unsup_loss: 0.0972, train/total_loss: 0.0975, train/util_ratio: 0.1250, train/run_time: 0.1477, eval/loss: 22.5963, eval/top-1-acc: 0.0013, eval/top-5-acc: 0.0071, eval/balanced_acc: 0.0015, eval/precision: 0.0012, eval/recall: 0.0015, eval/F1: 0.0008, lr: 0.0004, train/prefecth_time: 0.0039 BEST_EVAL_ACC: 0.0031, at 75776 iters
[2025-02-21 03:35:01,561 INFO] 88320 iteration USE_EMA: False, train/sup_loss: 0.0002, train/unsup_loss: 0.0112, train/total_loss: 0.0114, train/util_ratio: 0.1250, train/run_time: 0.1494, lr: 0.0004, train/prefecth_time: 0.0044 
[2025-02-21 03:35:47,000 INFO] 88576 iteration USE_EMA: False, train/sup_loss: 0.0026, train/unsup_loss: 0.0004, train/total_loss: 0.0030, train/util_ratio: 0.1250, train/run_time: 0.1492, lr: 0.0004, train/prefecth_time: 0.0053 
[2025-02-21 03:36:32,508 INFO] 88832 iteration USE_EMA: False, train/sup_loss: 0.0043, train/unsup_loss: 0.3297, train/total_loss: 0.3340, train/util_ratio: 0.3750, train/run_time: 0.1485, lr: 0.0004, train/prefecth_time: 0.0041 
[2025-02-21 03:37:17,895 INFO] 89088 iteration USE_EMA: False, train/sup_loss: 0.0022, train/unsup_loss: 1.8253, train/total_loss: 1.8275, train/util_ratio: 0.6250, train/run_time: 0.1479, lr: 0.0004, train/prefecth_time: 0.0041 
[2025-02-21 03:38:03,847 INFO] 89344 iteration USE_EMA: False, train/sup_loss: 0.0018, train/unsup_loss: 0.4997, train/total_loss: 0.5015, train/util_ratio: 0.2500, train/run_time: 0.1482, lr: 0.0004, train/prefecth_time: 0.0045 
[2025-02-21 03:38:49,202 INFO] 89600 iteration USE_EMA: False, train/sup_loss: 0.0007, train/unsup_loss: 0.0298, train/total_loss: 0.0305, train/util_ratio: 0.3750, train/run_time: 0.1487, lr: 0.0004, train/prefecth_time: 0.0041 
[2025-02-21 03:39:34,540 INFO] 89856 iteration USE_EMA: False, train/sup_loss: 0.0508, train/unsup_loss: 0.7613, train/total_loss: 0.8121, train/util_ratio: 0.3750, train/run_time: 0.1492, lr: 0.0004, train/prefecth_time: 0.0041 
[2025-02-21 03:40:19,877 INFO] validating...
/home/zakerian/miniconda3/envs/usb/lib/python3.8/site-packages/sklearn/metrics/_classification.py:1471: UndefinedMetricWarning: Precision is ill-defined and being set to 0.0 in labels with no predicted samples. Use `zero_division` parameter to control this behavior.
  _warn_prf(average, modifier, msg_start, len(result))
[2025-02-21 03:40:49,760 INFO] confusion matrix:
[[0.         0.         0.         ... 0.00178699 0.         0.0007148 ]
 [0.         0.         0.         ... 0.03389831 0.         0.        ]
 [0.         0.         0.         ... 0.         0.         0.        ]
 ...
 [0.         0.         0.         ... 0.         0.         0.        ]
 [0.         0.         0.         ... 0.         0.         0.        ]
 [0.         0.         0.         ... 0.         0.         0.        ]]
[2025-02-21 03:40:51,783 INFO] model saved: ./saved_models/usb_cv/fixmatch_market1501/latest_model.pth
[2025-02-21 03:40:51,785 INFO] 90112 iteration, USE_EMA: False, train/sup_loss: 0.0002, train/unsup_loss: 0.3651, train/total_loss: 0.3652, train/util_ratio: 0.3750, train/run_time: 0.1476, eval/loss: 23.3595, eval/top-1-acc: 0.0013, eval/top-5-acc: 0.0062, eval/balanced_acc: 0.0019, eval/precision: 0.0010, eval/recall: 0.0019, eval/F1: 0.0010, lr: 0.0004, train/prefecth_time: 0.0039 BEST_EVAL_ACC: 0.0031, at 75776 iters
[2025-02-21 03:41:37,832 INFO] 90368 iteration USE_EMA: False, train/sup_loss: 0.0018, train/unsup_loss: 0.3493, train/total_loss: 0.3511, train/util_ratio: 0.5000, train/run_time: 0.1482, lr: 0.0004, train/prefecth_time: 0.0043 
[2025-02-21 03:42:23,281 INFO] 90624 iteration USE_EMA: False, train/sup_loss: 0.1775, train/unsup_loss: 0.0476, train/total_loss: 0.2251, train/util_ratio: 0.2500, train/run_time: 0.1488, lr: 0.0004, train/prefecth_time: 0.0044 
[2025-02-21 03:43:08,876 INFO] 90880 iteration USE_EMA: False, train/sup_loss: 0.0010, train/unsup_loss: 0.3277, train/total_loss: 0.3287, train/util_ratio: 0.2500, train/run_time: 0.1486, lr: 0.0004, train/prefecth_time: 0.0041 
[2025-02-21 03:43:54,246 INFO] 91136 iteration USE_EMA: False, train/sup_loss: 0.0105, train/unsup_loss: 0.2017, train/total_loss: 0.2123, train/util_ratio: 0.1250, train/run_time: 0.1479, lr: 0.0004, train/prefecth_time: 0.0040 
[2025-02-21 03:44:40,058 INFO] 91392 iteration USE_EMA: False, train/sup_loss: 0.0002, train/unsup_loss: 0.0561, train/total_loss: 0.0563, train/util_ratio: 0.3750, train/run_time: 0.1486, lr: 0.0004, train/prefecth_time: 0.0044 
[2025-02-21 03:45:25,585 INFO] 91648 iteration USE_EMA: False, train/sup_loss: 0.0009, train/unsup_loss: 0.4089, train/total_loss: 0.4098, train/util_ratio: 0.2500, train/run_time: 0.1489, lr: 0.0004, train/prefecth_time: 0.0043 
[2025-02-21 03:46:11,070 INFO] 91904 iteration USE_EMA: False, train/sup_loss: 0.0005, train/unsup_loss: 0.5294, train/total_loss: 0.5299, train/util_ratio: 0.3750, train/run_time: 0.1497, lr: 0.0004, train/prefecth_time: 0.0044 
[2025-02-21 03:46:56,469 INFO] validating...
/home/zakerian/miniconda3/envs/usb/lib/python3.8/site-packages/sklearn/metrics/_classification.py:1471: UndefinedMetricWarning: Precision is ill-defined and being set to 0.0 in labels with no predicted samples. Use `zero_division` parameter to control this behavior.
  _warn_prf(average, modifier, msg_start, len(result))
[2025-02-21 03:47:26,355 INFO] confusion matrix:
[[0.         0.         0.0003574  ... 0.00893495 0.         0.        ]
 [0.         0.         0.         ... 0.05084746 0.         0.        ]
 [0.         0.         0.         ... 0.         0.         0.        ]
 ...
 [0.         0.         0.         ... 0.         0.         0.        ]
 [0.         0.         0.         ... 0.         0.         0.        ]
 [0.         0.         0.         ... 0.         0.         0.        ]]
[2025-02-21 03:47:28,358 INFO] model saved: ./saved_models/usb_cv/fixmatch_market1501/latest_model.pth
[2025-02-21 03:47:28,361 INFO] 92160 iteration, USE_EMA: False, train/sup_loss: 0.0098, train/unsup_loss: 0.0007, train/total_loss: 0.0105, train/util_ratio: 0.1250, train/run_time: 0.1487, eval/loss: 24.3589, eval/top-1-acc: 0.0011, eval/top-5-acc: 0.0060, eval/balanced_acc: 0.0013, eval/precision: 0.0008, eval/recall: 0.0013, eval/F1: 0.0008, lr: 0.0004, train/prefecth_time: 0.0039 BEST_EVAL_ACC: 0.0031, at 75776 iters
[2025-02-21 03:48:14,530 INFO] 92416 iteration USE_EMA: False, train/sup_loss: 0.0008, train/unsup_loss: 0.0111, train/total_loss: 0.0118, train/util_ratio: 0.2500, train/run_time: 0.1489, lr: 0.0004, train/prefecth_time: 0.0044 
[2025-02-21 03:49:00,037 INFO] 92672 iteration USE_EMA: False, train/sup_loss: 0.0195, train/unsup_loss: 1.2453, train/total_loss: 1.2648, train/util_ratio: 0.5000, train/run_time: 0.1489, lr: 0.0004, train/prefecth_time: 0.0046 
[2025-02-21 03:49:45,602 INFO] 92928 iteration USE_EMA: False, train/sup_loss: 0.0024, train/unsup_loss: 0.0976, train/total_loss: 0.1000, train/util_ratio: 0.2500, train/run_time: 0.1486, lr: 0.0004, train/prefecth_time: 0.0046 
[2025-02-21 03:50:31,121 INFO] 93184 iteration USE_EMA: False, train/sup_loss: 0.0018, train/unsup_loss: 0.0677, train/total_loss: 0.0695, train/util_ratio: 0.5000, train/run_time: 0.1474, lr: 0.0004, train/prefecth_time: 0.0039 
[2025-02-21 03:51:17,006 INFO] 93440 iteration USE_EMA: False, train/sup_loss: 0.0082, train/unsup_loss: 1.5390, train/total_loss: 1.5473, train/util_ratio: 0.5000, train/run_time: 0.1485, lr: 0.0004, train/prefecth_time: 0.0042 
[2025-02-21 03:52:02,418 INFO] 93696 iteration USE_EMA: False, train/sup_loss: 0.0028, train/unsup_loss: 0.9807, train/total_loss: 0.9835, train/util_ratio: 0.2500, train/run_time: 0.1487, lr: 0.0004, train/prefecth_time: 0.0043 
[2025-02-21 03:52:47,893 INFO] 93952 iteration USE_EMA: False, train/sup_loss: 0.0027, train/unsup_loss: 0.0008, train/total_loss: 0.0035, train/util_ratio: 0.1250, train/run_time: 0.1494, lr: 0.0004, train/prefecth_time: 0.0053 
[2025-02-21 03:53:33,277 INFO] validating...
/home/zakerian/miniconda3/envs/usb/lib/python3.8/site-packages/sklearn/metrics/_classification.py:1471: UndefinedMetricWarning: Precision is ill-defined and being set to 0.0 in labels with no predicted samples. Use `zero_division` parameter to control this behavior.
  _warn_prf(average, modifier, msg_start, len(result))
[2025-02-21 03:54:03,051 INFO] confusion matrix:
[[0.         0.         0.         ... 0.00178699 0.0003574  0.        ]
 [0.         0.         0.         ... 0.         0.         0.        ]
 [0.         0.         0.         ... 0.         0.         0.        ]
 ...
 [0.         0.         0.03571429 ... 0.         0.         0.        ]
 [0.         0.         0.         ... 0.         0.         0.        ]
 [0.         0.         0.         ... 0.         0.         0.        ]]
[2025-02-21 03:54:05,064 INFO] model saved: ./saved_models/usb_cv/fixmatch_market1501/latest_model.pth
[2025-02-21 03:54:05,066 INFO] 94208 iteration, USE_EMA: False, train/sup_loss: 0.1507, train/unsup_loss: 0.3800, train/total_loss: 0.5307, train/util_ratio: 0.7500, train/run_time: 0.1477, eval/loss: 25.1361, eval/top-1-acc: 0.0011, eval/top-5-acc: 0.0062, eval/balanced_acc: 0.0009, eval/precision: 0.0017, eval/recall: 0.0009, eval/F1: 0.0006, lr: 0.0004, train/prefecth_time: 0.0040 BEST_EVAL_ACC: 0.0031, at 75776 iters
[2025-02-21 03:54:51,156 INFO] 94464 iteration USE_EMA: False, train/sup_loss: 0.0006, train/unsup_loss: 0.1684, train/total_loss: 0.1690, train/util_ratio: 0.3750, train/run_time: 0.1486, lr: 0.0004, train/prefecth_time: 0.0042 
[2025-02-21 03:55:36,687 INFO] 94720 iteration USE_EMA: False, train/sup_loss: 0.0101, train/unsup_loss: 0.5433, train/total_loss: 0.5534, train/util_ratio: 0.3750, train/run_time: 0.1483, lr: 0.0004, train/prefecth_time: 0.0041 
[2025-02-21 03:56:22,124 INFO] 94976 iteration USE_EMA: False, train/sup_loss: 0.0003, train/unsup_loss: 0.0501, train/total_loss: 0.0503, train/util_ratio: 0.2500, train/run_time: 0.1488, lr: 0.0004, train/prefecth_time: 0.0044 
[2025-02-21 03:57:07,627 INFO] 95232 iteration USE_EMA: False, train/sup_loss: 0.0006, train/unsup_loss: 0.0550, train/total_loss: 0.0556, train/util_ratio: 0.2500, train/run_time: 0.1481, lr: 0.0004, train/prefecth_time: 0.0037 
[2025-02-21 03:57:53,664 INFO] 95488 iteration USE_EMA: False, train/sup_loss: 0.0291, train/unsup_loss: 0.8115, train/total_loss: 0.8406, train/util_ratio: 0.6250, train/run_time: 0.1486, lr: 0.0004, train/prefecth_time: 0.0044 
[2025-02-21 03:58:39,076 INFO] 95744 iteration USE_EMA: False, train/sup_loss: 0.0022, train/unsup_loss: 0.0071, train/total_loss: 0.0093, train/util_ratio: 0.5000, train/run_time: 0.1490, lr: 0.0004, train/prefecth_time: 0.0043 
[2025-02-21 03:59:24,502 INFO] 96000 iteration USE_EMA: False, train/sup_loss: 0.0003, train/unsup_loss: 0.4704, train/total_loss: 0.4707, train/util_ratio: 0.2500, train/run_time: 0.1491, lr: 0.0004, train/prefecth_time: 0.0044 
[2025-02-21 04:00:09,856 INFO] validating...
/home/zakerian/miniconda3/envs/usb/lib/python3.8/site-packages/sklearn/metrics/_classification.py:1471: UndefinedMetricWarning: Precision is ill-defined and being set to 0.0 in labels with no predicted samples. Use `zero_division` parameter to control this behavior.
  _warn_prf(average, modifier, msg_start, len(result))
[2025-02-21 04:00:39,814 INFO] confusion matrix:
[[0.         0.         0.0003574  ... 0.0003574  0.         0.        ]
 [0.         0.         0.         ... 0.01694915 0.         0.        ]
 [0.         0.         0.         ... 0.         0.         0.        ]
 ...
 [0.         0.         0.         ... 0.         0.         0.        ]
 [0.         0.         0.         ... 0.         0.         0.        ]
 [0.         0.         0.         ... 0.         0.         0.        ]]
[2025-02-21 04:00:41,834 INFO] model saved: ./saved_models/usb_cv/fixmatch_market1501/latest_model.pth
[2025-02-21 04:00:41,836 INFO] 96256 iteration, USE_EMA: False, train/sup_loss: 0.0007, train/unsup_loss: 0.7341, train/total_loss: 0.7348, train/util_ratio: 0.6250, train/run_time: 0.1484, eval/loss: 27.0849, eval/top-1-acc: 0.0010, eval/top-5-acc: 0.0060, eval/balanced_acc: 0.0011, eval/precision: 0.0015, eval/recall: 0.0011, eval/F1: 0.0010, lr: 0.0004, train/prefecth_time: 0.0036 BEST_EVAL_ACC: 0.0031, at 75776 iters
[2025-02-21 04:01:28,112 INFO] 96512 iteration USE_EMA: False, train/sup_loss: 0.0613, train/unsup_loss: 0.4621, train/total_loss: 0.5234, train/util_ratio: 0.2500, train/run_time: 0.1492, lr: 0.0004, train/prefecth_time: 0.0059 
[2025-02-21 04:02:13,671 INFO] 96768 iteration USE_EMA: False, train/sup_loss: 0.0034, train/unsup_loss: 0.6290, train/total_loss: 0.6324, train/util_ratio: 0.3750, train/run_time: 0.1485, lr: 0.0004, train/prefecth_time: 0.0044 
[2025-02-21 04:02:59,248 INFO] 97024 iteration USE_EMA: False, train/sup_loss: 0.0003, train/unsup_loss: 0.7215, train/total_loss: 0.7218, train/util_ratio: 0.3750, train/run_time: 0.1492, lr: 0.0004, train/prefecth_time: 0.0044 
[2025-02-21 04:03:44,641 INFO] 97280 iteration USE_EMA: False, train/sup_loss: 0.0015, train/unsup_loss: 0.0426, train/total_loss: 0.0441, train/util_ratio: 0.2500, train/run_time: 0.1484, lr: 0.0004, train/prefecth_time: 0.0042 
[2025-02-21 04:04:30,586 INFO] 97536 iteration USE_EMA: False, train/sup_loss: 0.0032, train/unsup_loss: 0.0000, train/total_loss: 0.0032, train/util_ratio: 0.0000, train/run_time: 0.1487, lr: 0.0004, train/prefecth_time: 0.0044 
[2025-02-21 04:05:15,920 INFO] 97792 iteration USE_EMA: False, train/sup_loss: 0.0011, train/unsup_loss: 0.6584, train/total_loss: 0.6595, train/util_ratio: 0.2500, train/run_time: 0.1493, lr: 0.0004, train/prefecth_time: 0.0038 
[2025-02-21 04:06:01,356 INFO] 98048 iteration USE_EMA: False, train/sup_loss: 0.0004, train/unsup_loss: 1.3668, train/total_loss: 1.3672, train/util_ratio: 0.6250, train/run_time: 0.1484, lr: 0.0004, train/prefecth_time: 0.0042 
[2025-02-21 04:06:46,714 INFO] validating...
/home/zakerian/miniconda3/envs/usb/lib/python3.8/site-packages/sklearn/metrics/_classification.py:1471: UndefinedMetricWarning: Precision is ill-defined and being set to 0.0 in labels with no predicted samples. Use `zero_division` parameter to control this behavior.
  _warn_prf(average, modifier, msg_start, len(result))
[2025-02-21 04:07:16,689 INFO] confusion matrix:
[[0.         0.         0.0007148  ... 0.00107219 0.0003574  0.        ]
 [0.         0.         0.         ... 0.06779661 0.         0.        ]
 [0.         0.         0.         ... 0.         0.         0.        ]
 ...
 [0.         0.         0.         ... 0.         0.         0.        ]
 [0.         0.         0.         ... 0.         0.         0.        ]
 [0.         0.         0.         ... 0.         0.         0.        ]]
[2025-02-21 04:07:18,703 INFO] model saved: ./saved_models/usb_cv/fixmatch_market1501/latest_model.pth
[2025-02-21 04:07:18,706 INFO] 98304 iteration, USE_EMA: False, train/sup_loss: 0.0019, train/unsup_loss: 0.0081, train/total_loss: 0.0100, train/util_ratio: 0.2500, train/run_time: 0.1475, eval/loss: 25.1613, eval/top-1-acc: 0.0014, eval/top-5-acc: 0.0070, eval/balanced_acc: 0.0021, eval/precision: 0.0018, eval/recall: 0.0021, eval/F1: 0.0012, lr: 0.0004, train/prefecth_time: 0.0038 BEST_EVAL_ACC: 0.0031, at 75776 iters
[2025-02-21 04:08:04,863 INFO] 98560 iteration USE_EMA: False, train/sup_loss: 0.0001, train/unsup_loss: 0.3756, train/total_loss: 0.3757, train/util_ratio: 0.3750, train/run_time: 0.1491, lr: 0.0004, train/prefecth_time: 0.0042 
[2025-02-21 04:08:50,232 INFO] 98816 iteration USE_EMA: False, train/sup_loss: 0.0007, train/unsup_loss: 0.8909, train/total_loss: 0.8916, train/util_ratio: 0.3750, train/run_time: 0.1490, lr: 0.0004, train/prefecth_time: 0.0042 
[2025-02-21 04:09:35,699 INFO] 99072 iteration USE_EMA: False, train/sup_loss: 0.0076, train/unsup_loss: 0.0000, train/total_loss: 0.0076, train/util_ratio: 0.0000, train/run_time: 0.1482, lr: 0.0004, train/prefecth_time: 0.0043 
[2025-02-21 04:10:21,017 INFO] 99328 iteration USE_EMA: False, train/sup_loss: 0.0069, train/unsup_loss: 0.0237, train/total_loss: 0.0306, train/util_ratio: 0.6250, train/run_time: 0.1483, lr: 0.0004, train/prefecth_time: 0.0037 
[2025-02-21 04:11:07,158 INFO] 99584 iteration USE_EMA: False, train/sup_loss: 0.0022, train/unsup_loss: 0.1084, train/total_loss: 0.1106, train/util_ratio: 0.5000, train/run_time: 0.1485, lr: 0.0004, train/prefecth_time: 0.0058 
[2025-02-21 04:11:52,582 INFO] 99840 iteration USE_EMA: False, train/sup_loss: 0.0003, train/unsup_loss: 0.0667, train/total_loss: 0.0670, train/util_ratio: 0.3750, train/run_time: 0.1485, lr: 0.0004, train/prefecth_time: 0.0042 
[2025-02-21 04:12:38,031 INFO] 100096 iteration USE_EMA: False, train/sup_loss: 0.0054, train/unsup_loss: 0.0000, train/total_loss: 0.0054, train/util_ratio: 0.0000, train/run_time: 0.1497, lr: 0.0004, train/prefecth_time: 0.0053 
[2025-02-21 04:13:23,595 INFO] validating...
/home/zakerian/miniconda3/envs/usb/lib/python3.8/site-packages/sklearn/metrics/_classification.py:1471: UndefinedMetricWarning: Precision is ill-defined and being set to 0.0 in labels with no predicted samples. Use `zero_division` parameter to control this behavior.
  _warn_prf(average, modifier, msg_start, len(result))
[2025-02-21 04:13:53,547 INFO] confusion matrix:
[[0.         0.         0.         ... 0.0003574  0.0007148  0.        ]
 [0.         0.         0.         ... 0.01694915 0.         0.        ]
 [0.         0.         0.         ... 0.         0.         0.        ]
 ...
 [0.         0.         0.         ... 0.         0.         0.        ]
 [0.         0.         0.         ... 0.         0.         0.        ]
 [0.         0.         0.         ... 0.         0.         0.        ]]
[2025-02-21 04:13:55,557 INFO] model saved: ./saved_models/usb_cv/fixmatch_market1501/latest_model.pth
[2025-02-21 04:13:55,559 INFO] 100352 iteration, USE_EMA: False, train/sup_loss: 0.0003, train/unsup_loss: 0.1443, train/total_loss: 0.1446, train/util_ratio: 0.2500, train/run_time: 0.1477, eval/loss: 24.8526, eval/top-1-acc: 0.0013, eval/top-5-acc: 0.0060, eval/balanced_acc: 0.0015, eval/precision: 0.0009, eval/recall: 0.0015, eval/F1: 0.0008, lr: 0.0004, train/prefecth_time: 0.0035 BEST_EVAL_ACC: 0.0031, at 75776 iters
[2025-02-21 04:14:41,500 INFO] 100608 iteration USE_EMA: False, train/sup_loss: 0.0027, train/unsup_loss: 0.8503, train/total_loss: 0.8530, train/util_ratio: 0.3750, train/run_time: 0.1484, lr: 0.0004, train/prefecth_time: 0.0041 
[2025-02-21 04:15:26,949 INFO] 100864 iteration USE_EMA: False, train/sup_loss: 0.0003, train/unsup_loss: 0.3596, train/total_loss: 0.3599, train/util_ratio: 0.6250, train/run_time: 0.1485, lr: 0.0004, train/prefecth_time: 0.0040 
[2025-02-21 04:16:12,379 INFO] 101120 iteration USE_EMA: False, train/sup_loss: 0.0007, train/unsup_loss: 0.0796, train/total_loss: 0.0803, train/util_ratio: 0.3750, train/run_time: 0.1484, lr: 0.0004, train/prefecth_time: 0.0044 
[2025-02-21 04:16:57,796 INFO] 101376 iteration USE_EMA: False, train/sup_loss: 0.0018, train/unsup_loss: 0.2651, train/total_loss: 0.2669, train/util_ratio: 0.2500, train/run_time: 0.1476, lr: 0.0004, train/prefecth_time: 0.0038 
[2025-02-21 04:17:43,723 INFO] 101632 iteration USE_EMA: False, train/sup_loss: 0.0008, train/unsup_loss: 0.6617, train/total_loss: 0.6624, train/util_ratio: 0.6250, train/run_time: 0.1482, lr: 0.0004, train/prefecth_time: 0.0045 
[2025-02-21 04:18:29,223 INFO] 101888 iteration USE_EMA: False, train/sup_loss: 0.0009, train/unsup_loss: 0.1373, train/total_loss: 0.1382, train/util_ratio: 0.5000, train/run_time: 0.1480, lr: 0.0004, train/prefecth_time: 0.0044 
[2025-02-21 04:19:14,689 INFO] 102144 iteration USE_EMA: False, train/sup_loss: 0.0830, train/unsup_loss: 0.3554, train/total_loss: 0.4384, train/util_ratio: 0.3750, train/run_time: 0.1486, lr: 0.0004, train/prefecth_time: 0.0044 
[2025-02-21 04:20:00,052 INFO] validating...
/home/zakerian/miniconda3/envs/usb/lib/python3.8/site-packages/sklearn/metrics/_classification.py:1471: UndefinedMetricWarning: Precision is ill-defined and being set to 0.0 in labels with no predicted samples. Use `zero_division` parameter to control this behavior.
  _warn_prf(average, modifier, msg_start, len(result))
[2025-02-21 04:20:29,956 INFO] confusion matrix:
[[0.         0.         0.         ... 0.00142959 0.0007148  0.        ]
 [0.         0.         0.         ... 0.10169492 0.         0.        ]
 [0.         0.         0.         ... 0.         0.         0.        ]
 ...
 [0.         0.         0.         ... 0.         0.         0.        ]
 [0.         0.         0.         ... 0.         0.         0.        ]
 [0.         0.         0.         ... 0.         0.         0.        ]]
[2025-02-21 04:20:31,964 INFO] model saved: ./saved_models/usb_cv/fixmatch_market1501/latest_model.pth
[2025-02-21 04:20:31,967 INFO] 102400 iteration, USE_EMA: False, train/sup_loss: 0.0005, train/unsup_loss: 0.1292, train/total_loss: 0.1297, train/util_ratio: 0.6250, train/run_time: 0.1489, eval/loss: 24.5710, eval/top-1-acc: 0.0008, eval/top-5-acc: 0.0059, eval/balanced_acc: 0.0009, eval/precision: 0.0007, eval/recall: 0.0009, eval/F1: 0.0005, lr: 0.0004, train/prefecth_time: 0.0040 BEST_EVAL_ACC: 0.0031, at 75776 iters
[2025-02-21 04:21:18,006 INFO] 102656 iteration USE_EMA: False, train/sup_loss: 0.0012, train/unsup_loss: 0.2913, train/total_loss: 0.2924, train/util_ratio: 0.6250, train/run_time: 0.1483, lr: 0.0004, train/prefecth_time: 0.0045 
[2025-02-21 04:22:03,513 INFO] 102912 iteration USE_EMA: False, train/sup_loss: 0.0145, train/unsup_loss: 0.4999, train/total_loss: 0.5145, train/util_ratio: 0.3750, train/run_time: 0.1489, lr: 0.0004, train/prefecth_time: 0.0046 
[2025-02-21 04:22:49,002 INFO] 103168 iteration USE_EMA: False, train/sup_loss: 0.0005, train/unsup_loss: 0.0002, train/total_loss: 0.0007, train/util_ratio: 0.2500, train/run_time: 0.1486, lr: 0.0004, train/prefecth_time: 0.0042 
[2025-02-21 04:23:34,383 INFO] 103424 iteration USE_EMA: False, train/sup_loss: 0.0014, train/unsup_loss: 0.2165, train/total_loss: 0.2179, train/util_ratio: 0.2500, train/run_time: 0.1473, lr: 0.0004, train/prefecth_time: 0.0041 
[2025-02-21 04:24:20,396 INFO] 103680 iteration USE_EMA: False, train/sup_loss: 0.0001, train/unsup_loss: 0.0066, train/total_loss: 0.0067, train/util_ratio: 0.1250, train/run_time: 0.1487, lr: 0.0004, train/prefecth_time: 0.0042 
[2025-02-21 04:25:05,857 INFO] 103936 iteration USE_EMA: False, train/sup_loss: 0.0024, train/unsup_loss: 0.3468, train/total_loss: 0.3491, train/util_ratio: 0.3750, train/run_time: 0.1485, lr: 0.0004, train/prefecth_time: 0.0045 
[2025-02-21 04:25:51,336 INFO] 104192 iteration USE_EMA: False, train/sup_loss: 0.0010, train/unsup_loss: 0.0238, train/total_loss: 0.0248, train/util_ratio: 0.2500, train/run_time: 0.1483, lr: 0.0004, train/prefecth_time: 0.0043 
[2025-02-21 04:26:36,808 INFO] validating...
/home/zakerian/miniconda3/envs/usb/lib/python3.8/site-packages/sklearn/metrics/_classification.py:1471: UndefinedMetricWarning: Precision is ill-defined and being set to 0.0 in labels with no predicted samples. Use `zero_division` parameter to control this behavior.
  _warn_prf(average, modifier, msg_start, len(result))
[2025-02-21 04:27:06,819 INFO] confusion matrix:
[[0.         0.         0.         ... 0.         0.00142959 0.        ]
 [0.         0.         0.         ... 0.         0.         0.        ]
 [0.         0.         0.         ... 0.         0.         0.        ]
 ...
 [0.         0.         0.         ... 0.         0.         0.        ]
 [0.         0.         0.         ... 0.         0.         0.        ]
 [0.         0.         0.         ... 0.         0.         0.        ]]
[2025-02-21 04:27:08,827 INFO] model saved: ./saved_models/usb_cv/fixmatch_market1501/latest_model.pth
[2025-02-21 04:27:08,829 INFO] 104448 iteration, USE_EMA: False, train/sup_loss: 0.0034, train/unsup_loss: 0.5978, train/total_loss: 0.6012, train/util_ratio: 0.3750, train/run_time: 0.1480, eval/loss: 24.9334, eval/top-1-acc: 0.0012, eval/top-5-acc: 0.0052, eval/balanced_acc: 0.0014, eval/precision: 0.0010, eval/recall: 0.0014, eval/F1: 0.0009, lr: 0.0004, train/prefecth_time: 0.0038 BEST_EVAL_ACC: 0.0031, at 75776 iters
[2025-02-21 04:27:54,873 INFO] 104704 iteration USE_EMA: False, train/sup_loss: 0.0001, train/unsup_loss: 2.7532, train/total_loss: 2.7533, train/util_ratio: 0.7500, train/run_time: 0.1487, lr: 0.0004, train/prefecth_time: 0.0045 
[2025-02-21 04:28:40,337 INFO] 104960 iteration USE_EMA: False, train/sup_loss: 0.0004, train/unsup_loss: 0.3117, train/total_loss: 0.3121, train/util_ratio: 0.7500, train/run_time: 0.1486, lr: 0.0004, train/prefecth_time: 0.0044 
[2025-02-21 04:29:25,841 INFO] 105216 iteration USE_EMA: False, train/sup_loss: 0.0364, train/unsup_loss: 0.1410, train/total_loss: 0.1774, train/util_ratio: 0.3750, train/run_time: 0.1489, lr: 0.0004, train/prefecth_time: 0.0044 
[2025-02-21 04:30:11,413 INFO] 105472 iteration USE_EMA: False, train/sup_loss: 0.0009, train/unsup_loss: 0.2933, train/total_loss: 0.2942, train/util_ratio: 0.5000, train/run_time: 0.1470, lr: 0.0004, train/prefecth_time: 0.0042 
[2025-02-21 04:30:57,427 INFO] 105728 iteration USE_EMA: False, train/sup_loss: 0.0030, train/unsup_loss: 0.2693, train/total_loss: 0.2722, train/util_ratio: 0.3750, train/run_time: 0.1485, lr: 0.0004, train/prefecth_time: 0.0041 
[2025-02-21 04:31:42,845 INFO] 105984 iteration USE_EMA: False, train/sup_loss: 0.0026, train/unsup_loss: 0.4995, train/total_loss: 0.5021, train/util_ratio: 0.3750, train/run_time: 0.1482, lr: 0.0004, train/prefecth_time: 0.0044 
[2025-02-21 04:32:28,376 INFO] 106240 iteration USE_EMA: False, train/sup_loss: 0.0037, train/unsup_loss: 0.7367, train/total_loss: 0.7404, train/util_ratio: 0.6250, train/run_time: 0.1484, lr: 0.0004, train/prefecth_time: 0.0043 
[2025-02-21 04:33:13,829 INFO] validating...
/home/zakerian/miniconda3/envs/usb/lib/python3.8/site-packages/sklearn/metrics/_classification.py:1471: UndefinedMetricWarning: Precision is ill-defined and being set to 0.0 in labels with no predicted samples. Use `zero_division` parameter to control this behavior.
  _warn_prf(average, modifier, msg_start, len(result))
[2025-02-21 04:33:43,878 INFO] confusion matrix:
[[0.         0.         0.         ... 0.         0.00142959 0.0003574 ]
 [0.         0.         0.         ... 0.01694915 0.         0.        ]
 [0.         0.         0.         ... 0.         0.         0.        ]
 ...
 [0.         0.         0.         ... 0.         0.         0.        ]
 [0.         0.         0.         ... 0.         0.         0.        ]
 [0.         0.         0.         ... 0.         0.         0.        ]]
[2025-02-21 04:33:45,882 INFO] model saved: ./saved_models/usb_cv/fixmatch_market1501/latest_model.pth
[2025-02-21 04:33:45,884 INFO] 106496 iteration, USE_EMA: False, train/sup_loss: 0.0005, train/unsup_loss: 1.1639, train/total_loss: 1.1644, train/util_ratio: 0.2500, train/run_time: 0.1478, eval/loss: 25.7630, eval/top-1-acc: 0.0009, eval/top-5-acc: 0.0054, eval/balanced_acc: 0.0011, eval/precision: 0.0003, eval/recall: 0.0011, eval/F1: 0.0004, lr: 0.0004, train/prefecth_time: 0.0040 BEST_EVAL_ACC: 0.0031, at 75776 iters
[2025-02-21 04:34:31,852 INFO] 106752 iteration USE_EMA: False, train/sup_loss: 0.0010, train/unsup_loss: 0.7024, train/total_loss: 0.7035, train/util_ratio: 0.5000, train/run_time: 0.1483, lr: 0.0004, train/prefecth_time: 0.0041 
[2025-02-21 04:35:17,182 INFO] 107008 iteration USE_EMA: False, train/sup_loss: 0.0002, train/unsup_loss: 0.5811, train/total_loss: 0.5813, train/util_ratio: 0.1250, train/run_time: 0.1491, lr: 0.0004, train/prefecth_time: 0.0046 
[2025-02-21 04:36:02,587 INFO] 107264 iteration USE_EMA: False, train/sup_loss: 0.0011, train/unsup_loss: 0.0002, train/total_loss: 0.0013, train/util_ratio: 0.1250, train/run_time: 0.1492, lr: 0.0004, train/prefecth_time: 0.0047 
[2025-02-21 04:36:48,011 INFO] 107520 iteration USE_EMA: False, train/sup_loss: 0.0004, train/unsup_loss: 0.3263, train/total_loss: 0.3267, train/util_ratio: 0.7500, train/run_time: 0.1475, lr: 0.0004, train/prefecth_time: 0.0039 
[2025-02-21 04:37:33,857 INFO] 107776 iteration USE_EMA: False, train/sup_loss: 0.0005, train/unsup_loss: 0.1571, train/total_loss: 0.1576, train/util_ratio: 0.6250, train/run_time: 0.1494, lr: 0.0004, train/prefecth_time: 0.0045 
[2025-02-21 04:38:19,295 INFO] 108032 iteration USE_EMA: False, train/sup_loss: 0.1968, train/unsup_loss: 0.0321, train/total_loss: 0.2288, train/util_ratio: 0.1250, train/run_time: 0.1480, lr: 0.0004, train/prefecth_time: 0.0039 
[2025-02-21 04:39:04,673 INFO] 108288 iteration USE_EMA: False, train/sup_loss: 0.0012, train/unsup_loss: 0.7498, train/total_loss: 0.7511, train/util_ratio: 0.5000, train/run_time: 0.1494, lr: 0.0004, train/prefecth_time: 0.0044 
[2025-02-21 04:39:49,951 INFO] validating...
/home/zakerian/miniconda3/envs/usb/lib/python3.8/site-packages/sklearn/metrics/_classification.py:1471: UndefinedMetricWarning: Precision is ill-defined and being set to 0.0 in labels with no predicted samples. Use `zero_division` parameter to control this behavior.
  _warn_prf(average, modifier, msg_start, len(result))
[2025-02-21 04:40:19,745 INFO] confusion matrix:
[[0.         0.         0.         ... 0.0007148  0.0003574  0.0003574 ]
 [0.         0.         0.         ... 0.06779661 0.         0.        ]
 [0.         0.         0.         ... 0.         0.         0.        ]
 ...
 [0.         0.         0.         ... 0.         0.         0.        ]
 [0.         0.         0.         ... 0.         0.         0.        ]
 [0.         0.         0.         ... 0.         0.         0.        ]]
[2025-02-21 04:40:21,755 INFO] model saved: ./saved_models/usb_cv/fixmatch_market1501/latest_model.pth
[2025-02-21 04:40:21,757 INFO] 108544 iteration, USE_EMA: False, train/sup_loss: 0.0058, train/unsup_loss: 0.0758, train/total_loss: 0.0816, train/util_ratio: 0.7500, train/run_time: 0.1474, eval/loss: 25.9988, eval/top-1-acc: 0.0010, eval/top-5-acc: 0.0058, eval/balanced_acc: 0.0015, eval/precision: 0.0011, eval/recall: 0.0015, eval/F1: 0.0010, lr: 0.0004, train/prefecth_time: 0.0036 BEST_EVAL_ACC: 0.0031, at 75776 iters
[2025-02-21 04:41:07,815 INFO] 108800 iteration USE_EMA: False, train/sup_loss: 0.0491, train/unsup_loss: 0.5558, train/total_loss: 0.6049, train/util_ratio: 0.6250, train/run_time: 0.1485, lr: 0.0004, train/prefecth_time: 0.0045 
[2025-02-21 04:41:53,293 INFO] 109056 iteration USE_EMA: False, train/sup_loss: 0.0014, train/unsup_loss: 0.3193, train/total_loss: 0.3207, train/util_ratio: 0.5000, train/run_time: 0.1492, lr: 0.0004, train/prefecth_time: 0.0047 
[2025-02-21 04:42:38,709 INFO] 109312 iteration USE_EMA: False, train/sup_loss: 0.0091, train/unsup_loss: 0.4774, train/total_loss: 0.4865, train/util_ratio: 0.5000, train/run_time: 0.1486, lr: 0.0004, train/prefecth_time: 0.0044 
[2025-02-21 04:43:24,115 INFO] 109568 iteration USE_EMA: False, train/sup_loss: 0.0013, train/unsup_loss: 0.2229, train/total_loss: 0.2242, train/util_ratio: 0.3750, train/run_time: 0.1484, lr: 0.0004, train/prefecth_time: 0.0041 
[2025-02-21 04:44:10,158 INFO] 109824 iteration USE_EMA: False, train/sup_loss: 0.0057, train/unsup_loss: 0.5191, train/total_loss: 0.5248, train/util_ratio: 0.3750, train/run_time: 0.1494, lr: 0.0004, train/prefecth_time: 0.0043 
[2025-02-21 04:44:55,591 INFO] 110080 iteration USE_EMA: False, train/sup_loss: 0.0006, train/unsup_loss: 0.8700, train/total_loss: 0.8707, train/util_ratio: 0.5000, train/run_time: 0.1484, lr: 0.0004, train/prefecth_time: 0.0045 
[2025-02-21 04:45:40,984 INFO] 110336 iteration USE_EMA: False, train/sup_loss: 0.0003, train/unsup_loss: 0.0001, train/total_loss: 0.0004, train/util_ratio: 0.1250, train/run_time: 0.1487, lr: 0.0004, train/prefecth_time: 0.0045 
[2025-02-21 04:46:26,307 INFO] validating...
/home/zakerian/miniconda3/envs/usb/lib/python3.8/site-packages/sklearn/metrics/_classification.py:1471: UndefinedMetricWarning: Precision is ill-defined and being set to 0.0 in labels with no predicted samples. Use `zero_division` parameter to control this behavior.
  _warn_prf(average, modifier, msg_start, len(result))
[2025-02-21 04:46:56,133 INFO] confusion matrix:
[[0.         0.         0.         ... 0.0007148  0.0007148  0.        ]
 [0.         0.         0.         ... 0.05084746 0.         0.        ]
 [0.         0.         0.         ... 0.         0.         0.        ]
 ...
 [0.         0.         0.         ... 0.         0.         0.        ]
 [0.         0.         0.         ... 0.         0.         0.        ]
 [0.         0.         0.         ... 0.         0.         0.        ]]
[2025-02-21 04:46:58,141 INFO] model saved: ./saved_models/usb_cv/fixmatch_market1501/latest_model.pth
[2025-02-21 04:46:58,142 INFO] 110592 iteration, USE_EMA: False, train/sup_loss: 0.0004, train/unsup_loss: 0.0448, train/total_loss: 0.0452, train/util_ratio: 0.3750, train/run_time: 0.1474, eval/loss: 24.8280, eval/top-1-acc: 0.0014, eval/top-5-acc: 0.0071, eval/balanced_acc: 0.0019, eval/precision: 0.0013, eval/recall: 0.0019, eval/F1: 0.0009, lr: 0.0004, train/prefecth_time: 0.0040 BEST_EVAL_ACC: 0.0031, at 75776 iters
[2025-02-21 04:47:44,143 INFO] 110848 iteration USE_EMA: False, train/sup_loss: 0.1696, train/unsup_loss: 0.5122, train/total_loss: 0.6818, train/util_ratio: 0.6250, train/run_time: 0.1486, lr: 0.0004, train/prefecth_time: 0.0046 
[2025-02-21 04:48:29,531 INFO] 111104 iteration USE_EMA: False, train/sup_loss: 0.0018, train/unsup_loss: 0.0140, train/total_loss: 0.0159, train/util_ratio: 0.3750, train/run_time: 0.1486, lr: 0.0004, train/prefecth_time: 0.0042 
[2025-02-21 04:49:14,953 INFO] 111360 iteration USE_EMA: False, train/sup_loss: 0.0019, train/unsup_loss: 0.0251, train/total_loss: 0.0270, train/util_ratio: 0.5000, train/run_time: 0.1484, lr: 0.0004, train/prefecth_time: 0.0042 
[2025-02-21 04:50:00,354 INFO] 111616 iteration USE_EMA: False, train/sup_loss: 0.0007, train/unsup_loss: 0.3322, train/total_loss: 0.3330, train/util_ratio: 0.6250, train/run_time: 0.1476, lr: 0.0004, train/prefecth_time: 0.0040 
[2025-02-21 04:50:46,326 INFO] 111872 iteration USE_EMA: False, train/sup_loss: 0.0008, train/unsup_loss: 0.0004, train/total_loss: 0.0012, train/util_ratio: 0.3750, train/run_time: 0.1488, lr: 0.0004, train/prefecth_time: 0.0043 
[2025-02-21 04:51:31,859 INFO] 112128 iteration USE_EMA: False, train/sup_loss: 0.0012, train/unsup_loss: 0.4520, train/total_loss: 0.4533, train/util_ratio: 0.5000, train/run_time: 0.1483, lr: 0.0004, train/prefecth_time: 0.0042 
[2025-02-21 04:52:17,301 INFO] 112384 iteration USE_EMA: False, train/sup_loss: 0.0021, train/unsup_loss: 0.0346, train/total_loss: 0.0367, train/util_ratio: 0.3750, train/run_time: 0.1495, lr: 0.0004, train/prefecth_time: 0.0056 
[2025-02-21 04:53:02,638 INFO] validating...
/home/zakerian/miniconda3/envs/usb/lib/python3.8/site-packages/sklearn/metrics/_classification.py:1471: UndefinedMetricWarning: Precision is ill-defined and being set to 0.0 in labels with no predicted samples. Use `zero_division` parameter to control this behavior.
  _warn_prf(average, modifier, msg_start, len(result))
[2025-02-21 04:53:32,376 INFO] confusion matrix:
[[0.         0.         0.         ... 0.         0.00393138 0.0007148 ]
 [0.         0.         0.         ... 0.01694915 0.         0.        ]
 [0.         0.         0.         ... 0.         0.         0.        ]
 ...
 [0.         0.         0.         ... 0.         0.         0.        ]
 [0.         0.         0.         ... 0.         0.         0.        ]
 [0.         0.         0.         ... 0.         0.         0.        ]]
[2025-02-21 04:53:34,391 INFO] model saved: ./saved_models/usb_cv/fixmatch_market1501/latest_model.pth
[2025-02-21 04:53:34,393 INFO] 112640 iteration, USE_EMA: False, train/sup_loss: 0.0006, train/unsup_loss: 0.5407, train/total_loss: 0.5413, train/util_ratio: 0.3750, train/run_time: 0.1473, eval/loss: 26.4188, eval/top-1-acc: 0.0011, eval/top-5-acc: 0.0054, eval/balanced_acc: 0.0016, eval/precision: 0.0013, eval/recall: 0.0016, eval/F1: 0.0009, lr: 0.0004, train/prefecth_time: 0.0037 BEST_EVAL_ACC: 0.0031, at 75776 iters
[2025-02-21 04:54:20,491 INFO] 112896 iteration USE_EMA: False, train/sup_loss: 0.0030, train/unsup_loss: 0.6984, train/total_loss: 0.7014, train/util_ratio: 0.5000, train/run_time: 0.1486, lr: 0.0004, train/prefecth_time: 0.0040 
[2025-02-21 04:55:05,994 INFO] 113152 iteration USE_EMA: False, train/sup_loss: 0.0006, train/unsup_loss: 0.4585, train/total_loss: 0.4591, train/util_ratio: 0.2500, train/run_time: 0.1493, lr: 0.0004, train/prefecth_time: 0.0042 
[2025-02-21 04:55:51,559 INFO] 113408 iteration USE_EMA: False, train/sup_loss: 0.0007, train/unsup_loss: 0.0045, train/total_loss: 0.0052, train/util_ratio: 0.5000, train/run_time: 0.1490, lr: 0.0004, train/prefecth_time: 0.0041 
[2025-02-21 04:56:37,065 INFO] 113664 iteration USE_EMA: False, train/sup_loss: 0.0013, train/unsup_loss: 0.3232, train/total_loss: 0.3244, train/util_ratio: 0.3750, train/run_time: 0.1477, lr: 0.0004, train/prefecth_time: 0.0039 
[2025-02-21 04:57:22,982 INFO] 113920 iteration USE_EMA: False, train/sup_loss: 0.0009, train/unsup_loss: 0.0168, train/total_loss: 0.0176, train/util_ratio: 0.3750, train/run_time: 0.1492, lr: 0.0004, train/prefecth_time: 0.0046 
[2025-02-21 04:58:08,356 INFO] 114176 iteration USE_EMA: False, train/sup_loss: 0.0001, train/unsup_loss: 0.5290, train/total_loss: 0.5291, train/util_ratio: 0.5000, train/run_time: 0.1494, lr: 0.0004, train/prefecth_time: 0.0044 
[2025-02-21 04:58:53,788 INFO] 114432 iteration USE_EMA: False, train/sup_loss: 0.0002, train/unsup_loss: 0.0065, train/total_loss: 0.0067, train/util_ratio: 0.5000, train/run_time: 0.1493, lr: 0.0004, train/prefecth_time: 0.0042 
[2025-02-21 04:59:39,261 INFO] validating...
/home/zakerian/miniconda3/envs/usb/lib/python3.8/site-packages/sklearn/metrics/_classification.py:1471: UndefinedMetricWarning: Precision is ill-defined and being set to 0.0 in labels with no predicted samples. Use `zero_division` parameter to control this behavior.
  _warn_prf(average, modifier, msg_start, len(result))
[2025-02-21 05:00:09,327 INFO] confusion matrix:
[[0.         0.         0.         ... 0.00750536 0.00142959 0.        ]
 [0.         0.         0.         ... 0.22033898 0.         0.        ]
 [0.         0.         0.         ... 0.         0.         0.        ]
 ...
 [0.         0.         0.         ... 0.         0.         0.        ]
 [0.         0.         0.         ... 0.         0.         0.        ]
 [0.         0.         0.         ... 0.         0.         0.        ]]
[2025-02-21 05:00:11,344 INFO] model saved: ./saved_models/usb_cv/fixmatch_market1501/latest_model.pth
[2025-02-21 05:00:11,345 INFO] 114688 iteration, USE_EMA: False, train/sup_loss: 0.0003, train/unsup_loss: 0.5518, train/total_loss: 0.5521, train/util_ratio: 0.7500, train/run_time: 0.1477, eval/loss: 27.0321, eval/top-1-acc: 0.0013, eval/top-5-acc: 0.0065, eval/balanced_acc: 0.0026, eval/precision: 0.0012, eval/recall: 0.0026, eval/F1: 0.0008, lr: 0.0004, train/prefecth_time: 0.0041 BEST_EVAL_ACC: 0.0031, at 75776 iters
[2025-02-21 05:00:57,491 INFO] 114944 iteration USE_EMA: False, train/sup_loss: 0.0022, train/unsup_loss: 1.5516, train/total_loss: 1.5538, train/util_ratio: 0.6250, train/run_time: 0.1487, lr: 0.0004, train/prefecth_time: 0.0042 
[2025-02-21 05:01:42,876 INFO] 115200 iteration USE_EMA: False, train/sup_loss: 0.0020, train/unsup_loss: 0.0066, train/total_loss: 0.0085, train/util_ratio: 0.2500, train/run_time: 0.1490, lr: 0.0004, train/prefecth_time: 0.0044 
[2025-02-21 05:02:28,303 INFO] 115456 iteration USE_EMA: False, train/sup_loss: 0.0000, train/unsup_loss: 0.0072, train/total_loss: 0.0072, train/util_ratio: 0.2500, train/run_time: 0.1491, lr: 0.0004, train/prefecth_time: 0.0042 
[2025-02-21 05:03:13,665 INFO] 115712 iteration USE_EMA: False, train/sup_loss: 0.0054, train/unsup_loss: 0.0073, train/total_loss: 0.0127, train/util_ratio: 0.2500, train/run_time: 0.1475, lr: 0.0004, train/prefecth_time: 0.0036 
[2025-02-21 05:03:59,666 INFO] 115968 iteration USE_EMA: False, train/sup_loss: 0.0260, train/unsup_loss: 0.0111, train/total_loss: 0.0371, train/util_ratio: 0.5000, train/run_time: 0.1481, lr: 0.0004, train/prefecth_time: 0.0043 
[2025-02-21 05:04:45,116 INFO] 116224 iteration USE_EMA: False, train/sup_loss: 0.0035, train/unsup_loss: 0.3532, train/total_loss: 0.3566, train/util_ratio: 0.7500, train/run_time: 0.1489, lr: 0.0004, train/prefecth_time: 0.0043 
[2025-02-21 05:05:30,535 INFO] 116480 iteration USE_EMA: False, train/sup_loss: 0.0005, train/unsup_loss: 0.0003, train/total_loss: 0.0007, train/util_ratio: 0.1250, train/run_time: 0.1489, lr: 0.0004, train/prefecth_time: 0.0044 
[2025-02-21 05:06:15,920 INFO] validating...
/home/zakerian/miniconda3/envs/usb/lib/python3.8/site-packages/sklearn/metrics/_classification.py:1471: UndefinedMetricWarning: Precision is ill-defined and being set to 0.0 in labels with no predicted samples. Use `zero_division` parameter to control this behavior.
  _warn_prf(average, modifier, msg_start, len(result))
[2025-02-21 05:06:45,720 INFO] confusion matrix:
[[0.00142959 0.         0.         ... 0.01358113 0.0007148  0.0003574 ]
 [0.         0.         0.         ... 0.22033898 0.         0.        ]
 [0.         0.         0.         ... 0.         0.         0.        ]
 ...
 [0.         0.         0.         ... 0.         0.         0.        ]
 [0.         0.         0.         ... 0.         0.         0.        ]
 [0.         0.         0.         ... 0.         0.         0.        ]]
[2025-02-21 05:06:47,729 INFO] model saved: ./saved_models/usb_cv/fixmatch_market1501/latest_model.pth
[2025-02-21 05:06:47,732 INFO] 116736 iteration, USE_EMA: False, train/sup_loss: 0.0002, train/unsup_loss: 0.0126, train/total_loss: 0.0128, train/util_ratio: 0.5000, train/run_time: 0.1475, eval/loss: 25.7733, eval/top-1-acc: 0.0012, eval/top-5-acc: 0.0057, eval/balanced_acc: 0.0018, eval/precision: 0.0006, eval/recall: 0.0018, eval/F1: 0.0006, lr: 0.0004, train/prefecth_time: 0.0039 BEST_EVAL_ACC: 0.0031, at 75776 iters
[2025-02-21 05:07:33,810 INFO] 116992 iteration USE_EMA: False, train/sup_loss: 0.0003, train/unsup_loss: 0.2491, train/total_loss: 0.2494, train/util_ratio: 0.2500, train/run_time: 0.1487, lr: 0.0004, train/prefecth_time: 0.0044 
[2025-02-21 05:08:19,180 INFO] 117248 iteration USE_EMA: False, train/sup_loss: 0.0033, train/unsup_loss: 0.0735, train/total_loss: 0.0768, train/util_ratio: 0.5000, train/run_time: 0.1487, lr: 0.0004, train/prefecth_time: 0.0042 
[2025-02-21 05:09:04,589 INFO] 117504 iteration USE_EMA: False, train/sup_loss: 0.0000, train/unsup_loss: 0.0241, train/total_loss: 0.0241, train/util_ratio: 0.5000, train/run_time: 0.1488, lr: 0.0004, train/prefecth_time: 0.0045 
[2025-02-21 05:09:50,088 INFO] 117760 iteration USE_EMA: False, train/sup_loss: 0.0507, train/unsup_loss: 0.9662, train/total_loss: 1.0169, train/util_ratio: 0.7500, train/run_time: 0.1480, lr: 0.0004, train/prefecth_time: 0.0038 
[2025-02-21 05:10:36,108 INFO] 118016 iteration USE_EMA: False, train/sup_loss: 0.0010, train/unsup_loss: 0.1146, train/total_loss: 0.1156, train/util_ratio: 0.7500, train/run_time: 0.1487, lr: 0.0004, train/prefecth_time: 0.0046 
[2025-02-21 05:11:21,867 INFO] 118272 iteration USE_EMA: False, train/sup_loss: 0.0156, train/unsup_loss: 0.0051, train/total_loss: 0.0207, train/util_ratio: 0.5000, train/run_time: 0.1488, lr: 0.0004, train/prefecth_time: 0.0044 
[2025-02-21 05:12:07,380 INFO] 118528 iteration USE_EMA: False, train/sup_loss: 0.0268, train/unsup_loss: 0.5060, train/total_loss: 0.5328, train/util_ratio: 0.1250, train/run_time: 0.1484, lr: 0.0004, train/prefecth_time: 0.0043 
[2025-02-21 05:12:52,708 INFO] validating...
/home/zakerian/miniconda3/envs/usb/lib/python3.8/site-packages/sklearn/metrics/_classification.py:1471: UndefinedMetricWarning: Precision is ill-defined and being set to 0.0 in labels with no predicted samples. Use `zero_division` parameter to control this behavior.
  _warn_prf(average, modifier, msg_start, len(result))
[2025-02-21 05:13:22,525 INFO] confusion matrix:
[[0.         0.         0.         ... 0.00250179 0.0007148  0.        ]
 [0.         0.         0.         ... 0.08474576 0.         0.        ]
 [0.         0.         0.         ... 0.         0.         0.        ]
 ...
 [0.         0.         0.         ... 0.         0.         0.        ]
 [0.         0.         0.         ... 0.         0.         0.        ]
 [0.         0.         0.         ... 0.         0.         0.        ]]
[2025-02-21 05:13:24,530 INFO] model saved: ./saved_models/usb_cv/fixmatch_market1501/latest_model.pth
[2025-02-21 05:13:24,532 INFO] 118784 iteration, USE_EMA: False, train/sup_loss: 0.0003, train/unsup_loss: 0.0000, train/total_loss: 0.0003, train/util_ratio: 0.0000, train/run_time: 0.1476, eval/loss: 25.8319, eval/top-1-acc: 0.0011, eval/top-5-acc: 0.0063, eval/balanced_acc: 0.0016, eval/precision: 0.0004, eval/recall: 0.0016, eval/F1: 0.0004, lr: 0.0004, train/prefecth_time: 0.0037 BEST_EVAL_ACC: 0.0031, at 75776 iters
[2025-02-21 05:14:10,716 INFO] 119040 iteration USE_EMA: False, train/sup_loss: 0.0001, train/unsup_loss: 0.4037, train/total_loss: 0.4038, train/util_ratio: 0.6250, train/run_time: 0.1498, lr: 0.0004, train/prefecth_time: 0.0057 
[2025-02-21 05:14:56,179 INFO] 119296 iteration USE_EMA: False, train/sup_loss: 0.0006, train/unsup_loss: 0.0002, train/total_loss: 0.0008, train/util_ratio: 0.1250, train/run_time: 0.1485, lr: 0.0004, train/prefecth_time: 0.0045 
[2025-02-21 05:15:41,727 INFO] 119552 iteration USE_EMA: False, train/sup_loss: 0.0006, train/unsup_loss: 1.5882, train/total_loss: 1.5888, train/util_ratio: 0.7500, train/run_time: 0.1489, lr: 0.0004, train/prefecth_time: 0.0043 
[2025-02-21 05:16:27,240 INFO] 119808 iteration USE_EMA: False, train/sup_loss: 0.0013, train/unsup_loss: 0.0018, train/total_loss: 0.0031, train/util_ratio: 0.3750, train/run_time: 0.1481, lr: 0.0004, train/prefecth_time: 0.0040 
[2025-02-21 05:17:13,131 INFO] 120064 iteration USE_EMA: False, train/sup_loss: 0.0001, train/unsup_loss: 0.6908, train/total_loss: 0.6909, train/util_ratio: 0.5000, train/run_time: 0.1484, lr: 0.0004, train/prefecth_time: 0.0039 
[2025-02-21 05:17:58,536 INFO] 120320 iteration USE_EMA: False, train/sup_loss: 0.0038, train/unsup_loss: 0.5479, train/total_loss: 0.5517, train/util_ratio: 0.5000, train/run_time: 0.1493, lr: 0.0004, train/prefecth_time: 0.0055 
[2025-02-21 05:18:43,922 INFO] 120576 iteration USE_EMA: False, train/sup_loss: 0.0054, train/unsup_loss: 0.0015, train/total_loss: 0.0068, train/util_ratio: 0.2500, train/run_time: 0.1485, lr: 0.0004, train/prefecth_time: 0.0042 
[2025-02-21 05:19:29,291 INFO] validating...
/home/zakerian/miniconda3/envs/usb/lib/python3.8/site-packages/sklearn/metrics/_classification.py:1471: UndefinedMetricWarning: Precision is ill-defined and being set to 0.0 in labels with no predicted samples. Use `zero_division` parameter to control this behavior.
  _warn_prf(average, modifier, msg_start, len(result))
[2025-02-21 05:19:58,992 INFO] confusion matrix:
[[0.         0.         0.         ... 0.0007148  0.         0.        ]
 [0.         0.         0.         ... 0.11864407 0.         0.        ]
 [0.         0.         0.         ... 0.         0.         0.        ]
 ...
 [0.         0.         0.         ... 0.         0.         0.        ]
 [0.         0.         0.         ... 0.         0.         0.        ]
 [0.         0.         0.         ... 0.         0.         0.        ]]
[2025-02-21 05:20:01,004 INFO] model saved: ./saved_models/usb_cv/fixmatch_market1501/latest_model.pth
[2025-02-21 05:20:01,007 INFO] 120832 iteration, USE_EMA: False, train/sup_loss: 0.0002, train/unsup_loss: 0.3927, train/total_loss: 0.3929, train/util_ratio: 0.6250, train/run_time: 0.1476, eval/loss: 27.5358, eval/top-1-acc: 0.0009, eval/top-5-acc: 0.0059, eval/balanced_acc: 0.0012, eval/precision: 0.0011, eval/recall: 0.0012, eval/F1: 0.0004, lr: 0.0003, train/prefecth_time: 0.0039 BEST_EVAL_ACC: 0.0031, at 75776 iters
[2025-02-21 05:20:47,092 INFO] 121088 iteration USE_EMA: False, train/sup_loss: 0.0002, train/unsup_loss: 0.6798, train/total_loss: 0.6801, train/util_ratio: 0.5000, train/run_time: 0.1487, lr: 0.0003, train/prefecth_time: 0.0045 
[2025-02-21 05:21:32,481 INFO] 121344 iteration USE_EMA: False, train/sup_loss: 0.0001, train/unsup_loss: 0.1456, train/total_loss: 0.1457, train/util_ratio: 0.5000, train/run_time: 0.1486, lr: 0.0003, train/prefecth_time: 0.0042 
[2025-02-21 05:22:17,851 INFO] 121600 iteration USE_EMA: False, train/sup_loss: 0.0033, train/unsup_loss: 0.8502, train/total_loss: 0.8535, train/util_ratio: 0.5000, train/run_time: 0.1487, lr: 0.0003, train/prefecth_time: 0.0044 
[2025-02-21 05:23:03,266 INFO] 121856 iteration USE_EMA: False, train/sup_loss: 0.0119, train/unsup_loss: 0.2640, train/total_loss: 0.2760, train/util_ratio: 0.3750, train/run_time: 0.1477, lr: 0.0003, train/prefecth_time: 0.0037 
[2025-02-21 05:23:49,360 INFO] 122112 iteration USE_EMA: False, train/sup_loss: 0.0000, train/unsup_loss: 0.0286, train/total_loss: 0.0286, train/util_ratio: 0.5000, train/run_time: 0.1493, lr: 0.0003, train/prefecth_time: 0.0057 
[2025-02-21 05:24:34,768 INFO] 122368 iteration USE_EMA: False, train/sup_loss: 0.0001, train/unsup_loss: 1.1302, train/total_loss: 1.1303, train/util_ratio: 0.6250, train/run_time: 0.1490, lr: 0.0003, train/prefecth_time: 0.0045 
[2025-02-21 05:25:20,241 INFO] 122624 iteration USE_EMA: False, train/sup_loss: 0.0013, train/unsup_loss: 0.8056, train/total_loss: 0.8069, train/util_ratio: 0.3750, train/run_time: 0.1485, lr: 0.0003, train/prefecth_time: 0.0046 
[2025-02-21 05:26:05,674 INFO] validating...
/home/zakerian/miniconda3/envs/usb/lib/python3.8/site-packages/sklearn/metrics/_classification.py:1471: UndefinedMetricWarning: Precision is ill-defined and being set to 0.0 in labels with no predicted samples. Use `zero_division` parameter to control this behavior.
  _warn_prf(average, modifier, msg_start, len(result))
[2025-02-21 05:26:35,490 INFO] confusion matrix:
[[0.         0.         0.         ... 0.         0.         0.00250179]
 [0.         0.         0.         ... 0.         0.         0.        ]
 [0.         0.         0.         ... 0.         0.         0.        ]
 ...
 [0.         0.         0.         ... 0.         0.         0.        ]
 [0.         0.         0.         ... 0.         0.         0.        ]
 [0.         0.         0.         ... 0.         0.         0.        ]]
[2025-02-21 05:26:37,493 INFO] model saved: ./saved_models/usb_cv/fixmatch_market1501/latest_model.pth
[2025-02-21 05:26:37,496 INFO] 122880 iteration, USE_EMA: False, train/sup_loss: 0.0149, train/unsup_loss: 1.4870, train/total_loss: 1.5019, train/util_ratio: 0.6250, train/run_time: 0.1478, eval/loss: 26.6524, eval/top-1-acc: 0.0009, eval/top-5-acc: 0.0056, eval/balanced_acc: 0.0013, eval/precision: 0.0009, eval/recall: 0.0013, eval/F1: 0.0006, lr: 0.0003, train/prefecth_time: 0.0037 BEST_EVAL_ACC: 0.0031, at 75776 iters
[2025-02-21 05:27:23,435 INFO] 123136 iteration USE_EMA: False, train/sup_loss: 0.0013, train/unsup_loss: 0.0373, train/total_loss: 0.0385, train/util_ratio: 0.6250, train/run_time: 0.1489, lr: 0.0003, train/prefecth_time: 0.0043 
[2025-02-21 05:28:08,850 INFO] 123392 iteration USE_EMA: False, train/sup_loss: 0.0034, train/unsup_loss: 0.0156, train/total_loss: 0.0190, train/util_ratio: 0.5000, train/run_time: 0.1484, lr: 0.0003, train/prefecth_time: 0.0043 
[2025-02-21 05:28:54,345 INFO] 123648 iteration USE_EMA: False, train/sup_loss: 0.0003, train/unsup_loss: 0.0407, train/total_loss: 0.0410, train/util_ratio: 0.3750, train/run_time: 0.1491, lr: 0.0003, train/prefecth_time: 0.0046 
[2025-02-21 05:29:39,729 INFO] 123904 iteration USE_EMA: False, train/sup_loss: 0.0013, train/unsup_loss: 0.2418, train/total_loss: 0.2431, train/util_ratio: 0.6250, train/run_time: 0.1486, lr: 0.0003, train/prefecth_time: 0.0040 
[2025-02-21 05:30:25,682 INFO] 124160 iteration USE_EMA: False, train/sup_loss: 0.0001, train/unsup_loss: 0.0516, train/total_loss: 0.0517, train/util_ratio: 0.7500, train/run_time: 0.1491, lr: 0.0003, train/prefecth_time: 0.0041 
[2025-02-21 05:31:11,175 INFO] 124416 iteration USE_EMA: False, train/sup_loss: 0.0014, train/unsup_loss: 0.8948, train/total_loss: 0.8962, train/util_ratio: 0.5000, train/run_time: 0.1492, lr: 0.0003, train/prefecth_time: 0.0045 
[2025-02-21 05:31:56,592 INFO] 124672 iteration USE_EMA: False, train/sup_loss: 0.0302, train/unsup_loss: 0.6506, train/total_loss: 0.6809, train/util_ratio: 0.6250, train/run_time: 0.1485, lr: 0.0003, train/prefecth_time: 0.0043 
[2025-02-21 05:32:41,923 INFO] validating...
/home/zakerian/miniconda3/envs/usb/lib/python3.8/site-packages/sklearn/metrics/_classification.py:1471: UndefinedMetricWarning: Precision is ill-defined and being set to 0.0 in labels with no predicted samples. Use `zero_division` parameter to control this behavior.
  _warn_prf(average, modifier, msg_start, len(result))
[2025-02-21 05:33:11,903 INFO] confusion matrix:
[[0. 0. 0. ... 0. 0. 0.]
 [0. 0. 0. ... 0. 0. 0.]
 [0. 0. 0. ... 0. 0. 0.]
 ...
 [0. 0. 0. ... 0. 0. 0.]
 [0. 0. 0. ... 0. 0. 0.]
 [0. 0. 0. ... 0. 0. 0.]]
[2025-02-21 05:33:13,915 INFO] model saved: ./saved_models/usb_cv/fixmatch_market1501/latest_model.pth
[2025-02-21 05:33:13,917 INFO] 124928 iteration, USE_EMA: False, train/sup_loss: 0.0045, train/unsup_loss: 0.1622, train/total_loss: 0.1667, train/util_ratio: 0.3750, train/run_time: 0.1482, eval/loss: 28.4291, eval/top-1-acc: 0.0010, eval/top-5-acc: 0.0068, eval/balanced_acc: 0.0016, eval/precision: 0.0008, eval/recall: 0.0016, eval/F1: 0.0009, lr: 0.0003, train/prefecth_time: 0.0038 BEST_EVAL_ACC: 0.0031, at 75776 iters
[2025-02-21 05:33:59,960 INFO] 125184 iteration USE_EMA: False, train/sup_loss: 0.0000, train/unsup_loss: 0.0150, train/total_loss: 0.0150, train/util_ratio: 0.6250, train/run_time: 0.1487, lr: 0.0003, train/prefecth_time: 0.0041 
[2025-02-21 05:34:45,301 INFO] 125440 iteration USE_EMA: False, train/sup_loss: 0.0002, train/unsup_loss: 0.2347, train/total_loss: 0.2349, train/util_ratio: 0.5000, train/run_time: 0.1485, lr: 0.0003, train/prefecth_time: 0.0044 
[2025-02-21 05:35:30,643 INFO] 125696 iteration USE_EMA: False, train/sup_loss: 0.0004, train/unsup_loss: 0.3679, train/total_loss: 0.3684, train/util_ratio: 0.5000, train/run_time: 0.1482, lr: 0.0003, train/prefecth_time: 0.0041 
[2025-02-21 05:36:16,069 INFO] 125952 iteration USE_EMA: False, train/sup_loss: 0.0000, train/unsup_loss: 0.0253, train/total_loss: 0.0253, train/util_ratio: 0.5000, train/run_time: 0.1474, lr: 0.0003, train/prefecth_time: 0.0039 
[2025-02-21 05:37:02,062 INFO] 126208 iteration USE_EMA: False, train/sup_loss: 0.0005, train/unsup_loss: 0.0525, train/total_loss: 0.0529, train/util_ratio: 0.3750, train/run_time: 0.1491, lr: 0.0003, train/prefecth_time: 0.0042 
[2025-02-21 05:37:47,534 INFO] 126464 iteration USE_EMA: False, train/sup_loss: 0.0004, train/unsup_loss: 0.0181, train/total_loss: 0.0185, train/util_ratio: 0.5000, train/run_time: 0.1484, lr: 0.0003, train/prefecth_time: 0.0043 
[2025-02-21 05:38:32,891 INFO] 126720 iteration USE_EMA: False, train/sup_loss: 0.0001, train/unsup_loss: 0.0156, train/total_loss: 0.0157, train/util_ratio: 0.5000, train/run_time: 0.1487, lr: 0.0003, train/prefecth_time: 0.0045 
[2025-02-21 05:39:18,271 INFO] validating...
/home/zakerian/miniconda3/envs/usb/lib/python3.8/site-packages/sklearn/metrics/_classification.py:1471: UndefinedMetricWarning: Precision is ill-defined and being set to 0.0 in labels with no predicted samples. Use `zero_division` parameter to control this behavior.
  _warn_prf(average, modifier, msg_start, len(result))
[2025-02-21 05:39:48,351 INFO] confusion matrix:
[[0.         0.         0.         ... 0.0003574  0.00214439 0.00285919]
 [0.         0.         0.         ... 0.03389831 0.         0.        ]
 [0.         0.         0.         ... 0.         0.1        0.        ]
 ...
 [0.         0.         0.         ... 0.         0.         0.        ]
 [0.         0.         0.         ... 0.         0.         0.        ]
 [0.         0.         0.         ... 0.         0.         0.        ]]
[2025-02-21 05:39:50,367 INFO] model saved: ./saved_models/usb_cv/fixmatch_market1501/latest_model.pth
[2025-02-21 05:39:50,369 INFO] 126976 iteration, USE_EMA: False, train/sup_loss: 0.0005, train/unsup_loss: 0.0777, train/total_loss: 0.0781, train/util_ratio: 0.6250, train/run_time: 0.1479, eval/loss: 27.1187, eval/top-1-acc: 0.0011, eval/top-5-acc: 0.0055, eval/balanced_acc: 0.0014, eval/precision: 0.0017, eval/recall: 0.0014, eval/F1: 0.0007, lr: 0.0003, train/prefecth_time: 0.0044 BEST_EVAL_ACC: 0.0031, at 75776 iters
[2025-02-21 05:40:36,598 INFO] 127232 iteration USE_EMA: False, train/sup_loss: 0.0008, train/unsup_loss: 0.0263, train/total_loss: 0.0271, train/util_ratio: 0.2500, train/run_time: 0.1483, lr: 0.0003, train/prefecth_time: 0.0045 
[2025-02-21 05:41:22,123 INFO] 127488 iteration USE_EMA: False, train/sup_loss: 0.0013, train/unsup_loss: 0.1235, train/total_loss: 0.1248, train/util_ratio: 0.3750, train/run_time: 0.1485, lr: 0.0003, train/prefecth_time: 0.0044 
[2025-02-21 05:42:07,601 INFO] 127744 iteration USE_EMA: False, train/sup_loss: 0.0004, train/unsup_loss: 0.1628, train/total_loss: 0.1632, train/util_ratio: 0.6250, train/run_time: 0.1482, lr: 0.0003, train/prefecth_time: 0.0043 
[2025-02-21 05:42:53,055 INFO] 128000 iteration USE_EMA: False, train/sup_loss: 0.0013, train/unsup_loss: 0.6657, train/total_loss: 0.6670, train/util_ratio: 0.8750, train/run_time: 0.1479, lr: 0.0003, train/prefecth_time: 0.0039 
[2025-02-21 05:43:39,018 INFO] 128256 iteration USE_EMA: False, train/sup_loss: 0.0000, train/unsup_loss: 0.2162, train/total_loss: 0.2162, train/util_ratio: 0.5000, train/run_time: 0.1482, lr: 0.0003, train/prefecth_time: 0.0043 
[2025-02-21 05:44:24,314 INFO] 128512 iteration USE_EMA: False, train/sup_loss: 0.0001, train/unsup_loss: 0.0653, train/total_loss: 0.0654, train/util_ratio: 0.5000, train/run_time: 0.1489, lr: 0.0003, train/prefecth_time: 0.0041 
[2025-02-21 05:45:09,683 INFO] 128768 iteration USE_EMA: False, train/sup_loss: 0.0040, train/unsup_loss: 0.9102, train/total_loss: 0.9142, train/util_ratio: 0.2500, train/run_time: 0.1494, lr: 0.0003, train/prefecth_time: 0.0041 
[2025-02-21 05:45:55,187 INFO] validating...
/home/zakerian/miniconda3/envs/usb/lib/python3.8/site-packages/sklearn/metrics/_classification.py:1471: UndefinedMetricWarning: Precision is ill-defined and being set to 0.0 in labels with no predicted samples. Use `zero_division` parameter to control this behavior.
  _warn_prf(average, modifier, msg_start, len(result))
[2025-02-21 05:46:25,108 INFO] confusion matrix:
[[0.         0.         0.         ... 0.         0.0003574  0.0007148 ]
 [0.         0.         0.         ... 0.03389831 0.         0.        ]
 [0.         0.         0.         ... 0.         0.         0.        ]
 ...
 [0.         0.         0.         ... 0.         0.         0.        ]
 [0.         0.         0.         ... 0.         0.         0.        ]
 [0.         0.         0.         ... 0.         0.         0.        ]]
[2025-02-21 05:46:27,118 INFO] model saved: ./saved_models/usb_cv/fixmatch_market1501/latest_model.pth
[2025-02-21 05:46:27,121 INFO] 129024 iteration, USE_EMA: False, train/sup_loss: 0.0024, train/unsup_loss: 0.1816, train/total_loss: 0.1840, train/util_ratio: 0.7500, train/run_time: 0.1473, eval/loss: 28.0090, eval/top-1-acc: 0.0013, eval/top-5-acc: 0.0065, eval/balanced_acc: 0.0017, eval/precision: 0.0009, eval/recall: 0.0017, eval/F1: 0.0006, lr: 0.0003, train/prefecth_time: 0.0041 BEST_EVAL_ACC: 0.0031, at 75776 iters
[2025-02-21 05:47:13,231 INFO] 129280 iteration USE_EMA: False, train/sup_loss: 0.0001, train/unsup_loss: 0.1069, train/total_loss: 0.1070, train/util_ratio: 0.6250, train/run_time: 0.1485, lr: 0.0003, train/prefecth_time: 0.0042 
[2025-02-21 05:47:58,750 INFO] 129536 iteration USE_EMA: False, train/sup_loss: 0.0007, train/unsup_loss: 0.9650, train/total_loss: 0.9658, train/util_ratio: 0.6250, train/run_time: 0.1491, lr: 0.0003, train/prefecth_time: 0.0045 
[2025-02-21 05:48:44,227 INFO] 129792 iteration USE_EMA: False, train/sup_loss: 0.0017, train/unsup_loss: 0.0561, train/total_loss: 0.0578, train/util_ratio: 0.6250, train/run_time: 0.1485, lr: 0.0003, train/prefecth_time: 0.0044 
[2025-02-21 05:49:29,702 INFO] 130048 iteration USE_EMA: False, train/sup_loss: 0.0091, train/unsup_loss: 0.5300, train/total_loss: 0.5391, train/util_ratio: 0.5000, train/run_time: 0.1482, lr: 0.0003, train/prefecth_time: 0.0038 
[2025-02-21 05:50:15,596 INFO] 130304 iteration USE_EMA: False, train/sup_loss: 0.0001, train/unsup_loss: 0.2835, train/total_loss: 0.2835, train/util_ratio: 0.5000, train/run_time: 0.1501, lr: 0.0003, train/prefecth_time: 0.0044 
[2025-02-21 05:51:01,059 INFO] 130560 iteration USE_EMA: False, train/sup_loss: 0.0003, train/unsup_loss: 0.3467, train/total_loss: 0.3470, train/util_ratio: 0.6250, train/run_time: 0.1486, lr: 0.0003, train/prefecth_time: 0.0046 
[2025-02-21 05:51:46,488 INFO] 130816 iteration USE_EMA: False, train/sup_loss: 0.0013, train/unsup_loss: 0.4128, train/total_loss: 0.4141, train/util_ratio: 0.2500, train/run_time: 0.1486, lr: 0.0003, train/prefecth_time: 0.0046 
[2025-02-21 05:52:31,856 INFO] validating...
/home/zakerian/miniconda3/envs/usb/lib/python3.8/site-packages/sklearn/metrics/_classification.py:1471: UndefinedMetricWarning: Precision is ill-defined and being set to 0.0 in labels with no predicted samples. Use `zero_division` parameter to control this behavior.
  _warn_prf(average, modifier, msg_start, len(result))
[2025-02-21 05:53:01,762 INFO] confusion matrix:
[[0.         0.         0.         ... 0.00107219 0.0003574  0.0003574 ]
 [0.         0.         0.         ... 0.08474576 0.         0.        ]
 [0.         0.         0.         ... 0.         0.         0.        ]
 ...
 [0.         0.         0.         ... 0.         0.         0.        ]
 [0.         0.         0.         ... 0.         0.         0.        ]
 [0.         0.         0.         ... 0.         0.         0.        ]]
[2025-02-21 05:53:03,771 INFO] model saved: ./saved_models/usb_cv/fixmatch_market1501/latest_model.pth
[2025-02-21 05:53:03,773 INFO] 131072 iteration, USE_EMA: False, train/sup_loss: 0.0001, train/unsup_loss: 0.5743, train/total_loss: 0.5744, train/util_ratio: 0.6250, train/run_time: 0.1475, eval/loss: 28.1748, eval/top-1-acc: 0.0013, eval/top-5-acc: 0.0070, eval/balanced_acc: 0.0013, eval/precision: 0.0004, eval/recall: 0.0013, eval/F1: 0.0004, lr: 0.0003, train/prefecth_time: 0.0038 BEST_EVAL_ACC: 0.0031, at 75776 iters
[2025-02-21 05:53:49,907 INFO] 131328 iteration USE_EMA: False, train/sup_loss: 0.0001, train/unsup_loss: 1.0240, train/total_loss: 1.0241, train/util_ratio: 0.7500, train/run_time: 0.1483, lr: 0.0003, train/prefecth_time: 0.0041 
[2025-02-21 05:54:35,408 INFO] 131584 iteration USE_EMA: False, train/sup_loss: 0.0001, train/unsup_loss: 0.7954, train/total_loss: 0.7955, train/util_ratio: 0.2500, train/run_time: 0.1491, lr: 0.0003, train/prefecth_time: 0.0044 
[2025-02-21 05:55:20,838 INFO] 131840 iteration USE_EMA: False, train/sup_loss: 0.0002, train/unsup_loss: 0.2498, train/total_loss: 0.2499, train/util_ratio: 0.5000, train/run_time: 0.1491, lr: 0.0003, train/prefecth_time: 0.0052 
[2025-02-21 05:56:06,267 INFO] 132096 iteration USE_EMA: False, train/sup_loss: 0.0002, train/unsup_loss: 0.1388, train/total_loss: 0.1390, train/util_ratio: 0.7500, train/run_time: 0.1474, lr: 0.0003, train/prefecth_time: 0.0040 
[2025-02-21 05:56:52,273 INFO] 132352 iteration USE_EMA: False, train/sup_loss: 0.0598, train/unsup_loss: 0.4341, train/total_loss: 0.4939, train/util_ratio: 0.3750, train/run_time: 0.1498, lr: 0.0003, train/prefecth_time: 0.0056 
[2025-02-21 05:57:37,789 INFO] 132608 iteration USE_EMA: False, train/sup_loss: 0.0001, train/unsup_loss: 0.0738, train/total_loss: 0.0740, train/util_ratio: 0.2500, train/run_time: 0.1493, lr: 0.0003, train/prefecth_time: 0.0044 
[2025-02-21 05:58:23,235 INFO] 132864 iteration USE_EMA: False, train/sup_loss: 0.0001, train/unsup_loss: 0.1257, train/total_loss: 0.1258, train/util_ratio: 0.7500, train/run_time: 0.1482, lr: 0.0003, train/prefecth_time: 0.0045 
[2025-02-21 05:59:08,566 INFO] validating...
/home/zakerian/miniconda3/envs/usb/lib/python3.8/site-packages/sklearn/metrics/_classification.py:1471: UndefinedMetricWarning: Precision is ill-defined and being set to 0.0 in labels with no predicted samples. Use `zero_division` parameter to control this behavior.
  _warn_prf(average, modifier, msg_start, len(result))
[2025-02-21 05:59:38,407 INFO] confusion matrix:
[[0.         0.         0.         ... 0.00107219 0.0003574  0.0003574 ]
 [0.         0.         0.         ... 0.08474576 0.         0.        ]
 [0.         0.         0.         ... 0.         0.         0.        ]
 ...
 [0.         0.         0.         ... 0.         0.         0.        ]
 [0.         0.         0.         ... 0.         0.         0.        ]
 [0.         0.         0.         ... 0.         0.         0.        ]]
[2025-02-21 05:59:40,413 INFO] model saved: ./saved_models/usb_cv/fixmatch_market1501/latest_model.pth
[2025-02-21 05:59:40,415 INFO] 133120 iteration, USE_EMA: False, train/sup_loss: 0.0000, train/unsup_loss: 0.3705, train/total_loss: 0.3705, train/util_ratio: 0.7500, train/run_time: 0.1480, eval/loss: 28.6315, eval/top-1-acc: 0.0011, eval/top-5-acc: 0.0057, eval/balanced_acc: 0.0020, eval/precision: 0.0003, eval/recall: 0.0020, eval/F1: 0.0003, lr: 0.0003, train/prefecth_time: 0.0041 BEST_EVAL_ACC: 0.0031, at 75776 iters
[2025-02-21 06:00:26,370 INFO] 133376 iteration USE_EMA: False, train/sup_loss: 0.0001, train/unsup_loss: 0.0710, train/total_loss: 0.0711, train/util_ratio: 0.3750, train/run_time: 0.1481, lr: 0.0003, train/prefecth_time: 0.0044 
[2025-02-21 06:01:11,748 INFO] 133632 iteration USE_EMA: False, train/sup_loss: 0.0010, train/unsup_loss: 0.0355, train/total_loss: 0.0365, train/util_ratio: 0.6250, train/run_time: 0.1487, lr: 0.0003, train/prefecth_time: 0.0043 
[2025-02-21 06:01:57,319 INFO] 133888 iteration USE_EMA: False, train/sup_loss: 0.0018, train/unsup_loss: 0.0134, train/total_loss: 0.0152, train/util_ratio: 0.3750, train/run_time: 0.1489, lr: 0.0003, train/prefecth_time: 0.0043 
[2025-02-21 06:02:42,907 INFO] 134144 iteration USE_EMA: False, train/sup_loss: 0.0012, train/unsup_loss: 0.0000, train/total_loss: 0.0012, train/util_ratio: 0.0000, train/run_time: 0.1474, lr: 0.0003, train/prefecth_time: 0.0041 
[2025-02-21 06:03:28,986 INFO] 134400 iteration USE_EMA: False, train/sup_loss: 0.0002, train/unsup_loss: 0.5123, train/total_loss: 0.5126, train/util_ratio: 0.7500, train/run_time: 0.1479, lr: 0.0003, train/prefecth_time: 0.0045 
[2025-02-21 06:04:14,439 INFO] 134656 iteration USE_EMA: False, train/sup_loss: 0.0000, train/unsup_loss: 0.0086, train/total_loss: 0.0086, train/util_ratio: 0.5000, train/run_time: 0.1496, lr: 0.0003, train/prefecth_time: 0.0056 
[2025-02-21 06:04:59,916 INFO] 134912 iteration USE_EMA: False, train/sup_loss: 0.0002, train/unsup_loss: 0.1777, train/total_loss: 0.1779, train/util_ratio: 0.6250, train/run_time: 0.1484, lr: 0.0003, train/prefecth_time: 0.0043 
[2025-02-21 06:05:45,478 INFO] validating...
/home/zakerian/miniconda3/envs/usb/lib/python3.8/site-packages/sklearn/metrics/_classification.py:1471: UndefinedMetricWarning: Precision is ill-defined and being set to 0.0 in labels with no predicted samples. Use `zero_division` parameter to control this behavior.
  _warn_prf(average, modifier, msg_start, len(result))
[2025-02-21 06:06:15,327 INFO] confusion matrix:
[[0.         0.         0.         ... 0.00214439 0.0003574  0.0007148 ]
 [0.         0.         0.         ... 0.05084746 0.         0.        ]
 [0.         0.         0.         ... 0.         0.         0.        ]
 ...
 [0.         0.         0.         ... 0.         0.         0.        ]
 [0.         0.         0.         ... 0.         0.         0.        ]
 [0.         0.         0.         ... 0.         0.         0.        ]]
[2025-02-21 06:06:17,328 INFO] model saved: ./saved_models/usb_cv/fixmatch_market1501/latest_model.pth
[2025-02-21 06:06:17,330 INFO] 135168 iteration, USE_EMA: False, train/sup_loss: 0.0008, train/unsup_loss: 0.0000, train/total_loss: 0.0008, train/util_ratio: 0.0000, train/run_time: 0.1479, eval/loss: 28.3265, eval/top-1-acc: 0.0012, eval/top-5-acc: 0.0060, eval/balanced_acc: 0.0019, eval/precision: 0.0005, eval/recall: 0.0019, eval/F1: 0.0006, lr: 0.0003, train/prefecth_time: 0.0039 BEST_EVAL_ACC: 0.0031, at 75776 iters
[2025-02-21 06:07:03,535 INFO] 135424 iteration USE_EMA: False, train/sup_loss: 0.0008, train/unsup_loss: 0.3517, train/total_loss: 0.3525, train/util_ratio: 0.6250, train/run_time: 0.1498, lr: 0.0003, train/prefecth_time: 0.0043 
[2025-02-21 06:07:49,018 INFO] 135680 iteration USE_EMA: False, train/sup_loss: 0.0003, train/unsup_loss: 0.0807, train/total_loss: 0.0809, train/util_ratio: 0.5000, train/run_time: 0.1489, lr: 0.0003, train/prefecth_time: 0.0044 
[2025-02-21 06:08:34,525 INFO] 135936 iteration USE_EMA: False, train/sup_loss: 0.0040, train/unsup_loss: 0.1629, train/total_loss: 0.1669, train/util_ratio: 0.5000, train/run_time: 0.1487, lr: 0.0003, train/prefecth_time: 0.0045 
[2025-02-21 06:09:20,055 INFO] 136192 iteration USE_EMA: False, train/sup_loss: 0.0011, train/unsup_loss: 0.0003, train/total_loss: 0.0014, train/util_ratio: 0.5000, train/run_time: 0.1471, lr: 0.0003, train/prefecth_time: 0.0039 
[2025-02-21 06:10:06,006 INFO] 136448 iteration USE_EMA: False, train/sup_loss: 0.0002, train/unsup_loss: 0.1482, train/total_loss: 0.1484, train/util_ratio: 0.5000, train/run_time: 0.1487, lr: 0.0003, train/prefecth_time: 0.0045 
[2025-02-21 06:10:51,493 INFO] 136704 iteration USE_EMA: False, train/sup_loss: 0.0002, train/unsup_loss: 0.6928, train/total_loss: 0.6930, train/util_ratio: 0.7500, train/run_time: 0.1492, lr: 0.0003, train/prefecth_time: 0.0044 
[2025-02-21 06:11:36,878 INFO] 136960 iteration USE_EMA: False, train/sup_loss: 0.0020, train/unsup_loss: 0.4694, train/total_loss: 0.4714, train/util_ratio: 0.6250, train/run_time: 0.1488, lr: 0.0003, train/prefecth_time: 0.0045 
[2025-02-21 06:12:22,432 INFO] validating...
/home/zakerian/miniconda3/envs/usb/lib/python3.8/site-packages/sklearn/metrics/_classification.py:1471: UndefinedMetricWarning: Precision is ill-defined and being set to 0.0 in labels with no predicted samples. Use `zero_division` parameter to control this behavior.
  _warn_prf(average, modifier, msg_start, len(result))
[2025-02-21 06:12:52,303 INFO] confusion matrix:
[[0.         0.         0.         ... 0.00107219 0.         0.00250179]
 [0.         0.         0.         ... 0.05084746 0.         0.        ]
 [0.         0.         0.         ... 0.         0.         0.        ]
 ...
 [0.         0.         0.         ... 0.         0.         0.        ]
 [0.         0.         0.         ... 0.         0.         0.        ]
 [0.         0.         0.         ... 0.         0.         0.        ]]
[2025-02-21 06:12:54,304 INFO] model saved: ./saved_models/usb_cv/fixmatch_market1501/latest_model.pth
[2025-02-21 06:12:54,307 INFO] 137216 iteration, USE_EMA: False, train/sup_loss: 0.0058, train/unsup_loss: 0.1700, train/total_loss: 0.1758, train/util_ratio: 0.3750, train/run_time: 0.1485, eval/loss: 27.5143, eval/top-1-acc: 0.0019, eval/top-5-acc: 0.0059, eval/balanced_acc: 0.0029, eval/precision: 0.0021, eval/recall: 0.0029, eval/F1: 0.0010, lr: 0.0003, train/prefecth_time: 0.0037 BEST_EVAL_ACC: 0.0031, at 75776 iters
[2025-02-21 06:13:40,373 INFO] 137472 iteration USE_EMA: False, train/sup_loss: 0.0004, train/unsup_loss: 0.0056, train/total_loss: 0.0060, train/util_ratio: 0.5000, train/run_time: 0.1487, lr: 0.0003, train/prefecth_time: 0.0050 
[2025-02-21 06:14:25,734 INFO] 137728 iteration USE_EMA: False, train/sup_loss: 0.0002, train/unsup_loss: 0.3195, train/total_loss: 0.3197, train/util_ratio: 0.3750, train/run_time: 0.1488, lr: 0.0003, train/prefecth_time: 0.0043 
[2025-02-21 06:15:11,014 INFO] 137984 iteration USE_EMA: False, train/sup_loss: 0.0001, train/unsup_loss: 0.0119, train/total_loss: 0.0120, train/util_ratio: 0.3750, train/run_time: 0.1483, lr: 0.0003, train/prefecth_time: 0.0044 
[2025-02-21 06:15:56,243 INFO] 138240 iteration USE_EMA: False, train/sup_loss: 0.0008, train/unsup_loss: 2.1469, train/total_loss: 2.1477, train/util_ratio: 0.5000, train/run_time: 0.1479, lr: 0.0003, train/prefecth_time: 0.0040 
[2025-02-21 06:16:42,190 INFO] 138496 iteration USE_EMA: False, train/sup_loss: 0.0006, train/unsup_loss: 0.1706, train/total_loss: 0.1712, train/util_ratio: 0.3750, train/run_time: 0.1485, lr: 0.0003, train/prefecth_time: 0.0045 
[2025-02-21 06:17:27,567 INFO] 138752 iteration USE_EMA: False, train/sup_loss: 0.0001, train/unsup_loss: 0.0180, train/total_loss: 0.0180, train/util_ratio: 0.5000, train/run_time: 0.1485, lr: 0.0003, train/prefecth_time: 0.0045 
[2025-02-21 06:18:13,041 INFO] 139008 iteration USE_EMA: False, train/sup_loss: 0.0003, train/unsup_loss: 0.1247, train/total_loss: 0.1251, train/util_ratio: 0.2500, train/run_time: 0.1489, lr: 0.0003, train/prefecth_time: 0.0045 
[2025-02-21 06:18:58,359 INFO] validating...
/home/zakerian/miniconda3/envs/usb/lib/python3.8/site-packages/sklearn/metrics/_classification.py:1471: UndefinedMetricWarning: Precision is ill-defined and being set to 0.0 in labels with no predicted samples. Use `zero_division` parameter to control this behavior.
  _warn_prf(average, modifier, msg_start, len(result))
[2025-02-21 06:19:28,503 INFO] confusion matrix:
[[0.         0.         0.         ... 0.         0.         0.0007148 ]
 [0.         0.         0.         ... 0.01694915 0.         0.        ]
 [0.         0.         0.         ... 0.         0.         0.        ]
 ...
 [0.         0.         0.         ... 0.         0.         0.        ]
 [0.         0.         0.         ... 0.         0.         0.        ]
 [0.         0.         0.         ... 0.         0.         0.        ]]
[2025-02-21 06:19:30,509 INFO] model saved: ./saved_models/usb_cv/fixmatch_market1501/latest_model.pth
[2025-02-21 06:19:30,511 INFO] 139264 iteration, USE_EMA: False, train/sup_loss: 0.0006, train/unsup_loss: 0.0000, train/total_loss: 0.0006, train/util_ratio: 0.0000, train/run_time: 0.1484, eval/loss: 30.9050, eval/top-1-acc: 0.0011, eval/top-5-acc: 0.0061, eval/balanced_acc: 0.0015, eval/precision: 0.0002, eval/recall: 0.0015, eval/F1: 0.0003, lr: 0.0003, train/prefecth_time: 0.0039 BEST_EVAL_ACC: 0.0031, at 75776 iters
[2025-02-21 06:20:16,585 INFO] 139520 iteration USE_EMA: False, train/sup_loss: 0.0001, train/unsup_loss: 0.1030, train/total_loss: 0.1031, train/util_ratio: 0.2500, train/run_time: 0.1483, lr: 0.0003, train/prefecth_time: 0.0043 
[2025-02-21 06:21:02,007 INFO] 139776 iteration USE_EMA: False, train/sup_loss: 0.0004, train/unsup_loss: 0.2422, train/total_loss: 0.2426, train/util_ratio: 0.5000, train/run_time: 0.1491, lr: 0.0003, train/prefecth_time: 0.0043 
[2025-02-21 06:21:47,364 INFO] 140032 iteration USE_EMA: False, train/sup_loss: 0.0006, train/unsup_loss: 0.4717, train/total_loss: 0.4722, train/util_ratio: 0.5000, train/run_time: 0.1483, lr: 0.0003, train/prefecth_time: 0.0044 
[2025-02-21 06:22:32,698 INFO] 140288 iteration USE_EMA: False, train/sup_loss: 0.0006, train/unsup_loss: 0.3739, train/total_loss: 0.3745, train/util_ratio: 0.6250, train/run_time: 0.1474, lr: 0.0003, train/prefecth_time: 0.0039 
[2025-02-21 06:23:18,794 INFO] 140544 iteration USE_EMA: False, train/sup_loss: 0.0001, train/unsup_loss: 0.1078, train/total_loss: 0.1080, train/util_ratio: 0.5000, train/run_time: 0.1486, lr: 0.0003, train/prefecth_time: 0.0043 
[2025-02-21 06:24:04,247 INFO] 140800 iteration USE_EMA: False, train/sup_loss: 0.0004, train/unsup_loss: 0.7572, train/total_loss: 0.7575, train/util_ratio: 0.7500, train/run_time: 0.1497, lr: 0.0003, train/prefecth_time: 0.0057 
[2025-02-21 06:24:49,812 INFO] 141056 iteration USE_EMA: False, train/sup_loss: 0.0010, train/unsup_loss: 1.1892, train/total_loss: 1.1902, train/util_ratio: 0.5000, train/run_time: 0.1487, lr: 0.0003, train/prefecth_time: 0.0044 
[2025-02-21 06:25:35,603 INFO] validating...
/home/zakerian/miniconda3/envs/usb/lib/python3.8/site-packages/sklearn/metrics/_classification.py:1471: UndefinedMetricWarning: Precision is ill-defined and being set to 0.0 in labels with no predicted samples. Use `zero_division` parameter to control this behavior.
  _warn_prf(average, modifier, msg_start, len(result))
[2025-02-21 06:26:05,916 INFO] confusion matrix:
[[0.         0.         0.         ... 0.         0.0003574  0.00178699]
 [0.         0.         0.         ... 0.03389831 0.         0.        ]
 [0.         0.         0.         ... 0.         0.         0.        ]
 ...
 [0.         0.         0.         ... 0.         0.         0.        ]
 [0.         0.         0.         ... 0.         0.         0.        ]
 [0.         0.         0.         ... 0.         0.         0.        ]]
[2025-02-21 06:26:07,923 INFO] model saved: ./saved_models/usb_cv/fixmatch_market1501/latest_model.pth
[2025-02-21 06:26:07,925 INFO] 141312 iteration, USE_EMA: False, train/sup_loss: 0.0016, train/unsup_loss: 0.5518, train/total_loss: 0.5534, train/util_ratio: 0.7500, train/run_time: 0.1484, eval/loss: 28.6527, eval/top-1-acc: 0.0008, eval/top-5-acc: 0.0057, eval/balanced_acc: 0.0012, eval/precision: 0.0004, eval/recall: 0.0012, eval/F1: 0.0004, lr: 0.0003, train/prefecth_time: 0.0051 BEST_EVAL_ACC: 0.0031, at 75776 iters
[2025-02-21 06:26:53,987 INFO] 141568 iteration USE_EMA: False, train/sup_loss: 0.0003, train/unsup_loss: 0.9147, train/total_loss: 0.9149, train/util_ratio: 0.7500, train/run_time: 0.1487, lr: 0.0003, train/prefecth_time: 0.0044 
[2025-02-21 06:27:39,569 INFO] 141824 iteration USE_EMA: False, train/sup_loss: 0.0017, train/unsup_loss: 0.0646, train/total_loss: 0.0663, train/util_ratio: 0.3750, train/run_time: 0.1488, lr: 0.0003, train/prefecth_time: 0.0039 
[2025-02-21 06:28:24,984 INFO] 142080 iteration USE_EMA: False, train/sup_loss: 0.0012, train/unsup_loss: 0.0805, train/total_loss: 0.0817, train/util_ratio: 0.7500, train/run_time: 0.1482, lr: 0.0003, train/prefecth_time: 0.0040 
[2025-02-21 06:29:10,500 INFO] 142336 iteration USE_EMA: False, train/sup_loss: 0.0009, train/unsup_loss: 0.2896, train/total_loss: 0.2905, train/util_ratio: 0.5000, train/run_time: 0.1481, lr: 0.0003, train/prefecth_time: 0.0040 
[2025-02-21 06:29:56,476 INFO] 142592 iteration USE_EMA: False, train/sup_loss: 0.0109, train/unsup_loss: 0.0281, train/total_loss: 0.0390, train/util_ratio: 0.2500, train/run_time: 0.1489, lr: 0.0003, train/prefecth_time: 0.0055 
[2025-02-21 06:30:41,850 INFO] 142848 iteration USE_EMA: False, train/sup_loss: 0.0001, train/unsup_loss: 0.3451, train/total_loss: 0.3452, train/util_ratio: 0.5000, train/run_time: 0.1484, lr: 0.0003, train/prefecth_time: 0.0045 
[2025-02-21 06:31:27,173 INFO] 143104 iteration USE_EMA: False, train/sup_loss: 0.0013, train/unsup_loss: 0.5290, train/total_loss: 0.5303, train/util_ratio: 0.3750, train/run_time: 0.1483, lr: 0.0003, train/prefecth_time: 0.0045 
[2025-02-21 06:32:12,520 INFO] validating...
/home/zakerian/miniconda3/envs/usb/lib/python3.8/site-packages/sklearn/metrics/_classification.py:1471: UndefinedMetricWarning: Precision is ill-defined and being set to 0.0 in labels with no predicted samples. Use `zero_division` parameter to control this behavior.
  _warn_prf(average, modifier, msg_start, len(result))
[2025-02-21 06:32:42,356 INFO] confusion matrix:
[[0.         0.         0.         ... 0.0003574  0.         0.00142959]
 [0.         0.         0.         ... 0.13559322 0.         0.        ]
 [0.         0.         0.         ... 0.         0.         0.        ]
 ...
 [0.         0.         0.         ... 0.         0.         0.        ]
 [0.         0.         0.         ... 0.         0.         0.        ]
 [0.         0.         0.         ... 0.         0.         0.        ]]
[2025-02-21 06:32:44,363 INFO] model saved: ./saved_models/usb_cv/fixmatch_market1501/latest_model.pth
[2025-02-21 06:32:44,365 INFO] 143360 iteration, USE_EMA: False, train/sup_loss: 0.0003, train/unsup_loss: 0.1363, train/total_loss: 0.1366, train/util_ratio: 0.6250, train/run_time: 0.1476, eval/loss: 30.6263, eval/top-1-acc: 0.0011, eval/top-5-acc: 0.0060, eval/balanced_acc: 0.0014, eval/precision: 0.0008, eval/recall: 0.0014, eval/F1: 0.0005, lr: 0.0003, train/prefecth_time: 0.0040 BEST_EVAL_ACC: 0.0031, at 75776 iters
[2025-02-21 06:33:30,559 INFO] 143616 iteration USE_EMA: False, train/sup_loss: 0.0004, train/unsup_loss: 0.0950, train/total_loss: 0.0953, train/util_ratio: 0.6250, train/run_time: 0.1490, lr: 0.0003, train/prefecth_time: 0.0045 
[2025-02-21 06:34:16,004 INFO] 143872 iteration USE_EMA: False, train/sup_loss: 0.0071, train/unsup_loss: 0.2082, train/total_loss: 0.2153, train/util_ratio: 0.1250, train/run_time: 0.1489, lr: 0.0003, train/prefecth_time: 0.0057 
[2025-02-21 06:35:01,485 INFO] 144128 iteration USE_EMA: False, train/sup_loss: 0.0032, train/unsup_loss: 0.0132, train/total_loss: 0.0164, train/util_ratio: 0.6250, train/run_time: 0.1494, lr: 0.0003, train/prefecth_time: 0.0056 
[2025-02-21 06:35:47,011 INFO] 144384 iteration USE_EMA: False, train/sup_loss: 0.0004, train/unsup_loss: 0.4449, train/total_loss: 0.4454, train/util_ratio: 0.5000, train/run_time: 0.1472, lr: 0.0003, train/prefecth_time: 0.0041 
[2025-02-21 06:36:32,973 INFO] 144640 iteration USE_EMA: False, train/sup_loss: 0.0044, train/unsup_loss: 0.1237, train/total_loss: 0.1282, train/util_ratio: 0.6250, train/run_time: 0.1497, lr: 0.0003, train/prefecth_time: 0.0040 
[2025-02-21 06:37:18,345 INFO] 144896 iteration USE_EMA: False, train/sup_loss: 0.0014, train/unsup_loss: 0.0357, train/total_loss: 0.0370, train/util_ratio: 0.3750, train/run_time: 0.1483, lr: 0.0003, train/prefecth_time: 0.0042 
[2025-02-21 06:38:03,744 INFO] 145152 iteration USE_EMA: False, train/sup_loss: 0.0001, train/unsup_loss: 0.0995, train/total_loss: 0.0996, train/util_ratio: 0.5000, train/run_time: 0.1492, lr: 0.0003, train/prefecth_time: 0.0045 
[2025-02-21 06:38:49,095 INFO] validating...
/home/zakerian/miniconda3/envs/usb/lib/python3.8/site-packages/sklearn/metrics/_classification.py:1471: UndefinedMetricWarning: Precision is ill-defined and being set to 0.0 in labels with no predicted samples. Use `zero_division` parameter to control this behavior.
  _warn_prf(average, modifier, msg_start, len(result))
[2025-02-21 06:39:18,982 INFO] confusion matrix:
[[0.         0.         0.         ... 0.0003574  0.0003574  0.00500357]
 [0.         0.         0.         ... 0.01694915 0.         0.        ]
 [0.         0.         0.         ... 0.         0.         0.        ]
 ...
 [0.         0.         0.         ... 0.         0.         0.        ]
 [0.         0.         0.         ... 0.         0.         0.        ]
 [0.         0.         0.         ... 0.         0.         0.        ]]
[2025-02-21 06:39:21,006 INFO] model saved: ./saved_models/usb_cv/fixmatch_market1501/latest_model.pth
[2025-02-21 06:39:21,007 INFO] 145408 iteration, USE_EMA: False, train/sup_loss: 0.0004, train/unsup_loss: 1.0147, train/total_loss: 1.0151, train/util_ratio: 0.8750, train/run_time: 0.1479, eval/loss: 29.2536, eval/top-1-acc: 0.0016, eval/top-5-acc: 0.0070, eval/balanced_acc: 0.0024, eval/precision: 0.0019, eval/recall: 0.0024, eval/F1: 0.0010, lr: 0.0003, train/prefecth_time: 0.0037 BEST_EVAL_ACC: 0.0031, at 75776 iters
[2025-02-21 06:40:06,976 INFO] 145664 iteration USE_EMA: False, train/sup_loss: 0.0002, train/unsup_loss: 0.4154, train/total_loss: 0.4156, train/util_ratio: 0.6250, train/run_time: 0.1495, lr: 0.0003, train/prefecth_time: 0.0043 
[2025-02-21 06:40:52,340 INFO] 145920 iteration USE_EMA: False, train/sup_loss: 0.0017, train/unsup_loss: 1.1209, train/total_loss: 1.1225, train/util_ratio: 0.7500, train/run_time: 0.1490, lr: 0.0003, train/prefecth_time: 0.0039 
[2025-02-21 06:41:37,775 INFO] 146176 iteration USE_EMA: False, train/sup_loss: 0.0004, train/unsup_loss: 0.0036, train/total_loss: 0.0041, train/util_ratio: 0.6250, train/run_time: 0.1487, lr: 0.0003, train/prefecth_time: 0.0043 
[2025-02-21 06:42:23,255 INFO] 146432 iteration USE_EMA: False, train/sup_loss: 0.0001, train/unsup_loss: 0.0155, train/total_loss: 0.0156, train/util_ratio: 0.3750, train/run_time: 0.1483, lr: 0.0003, train/prefecth_time: 0.0040 
[2025-02-21 06:43:09,169 INFO] 146688 iteration USE_EMA: False, train/sup_loss: 0.0005, train/unsup_loss: 0.4790, train/total_loss: 0.4795, train/util_ratio: 0.7500, train/run_time: 0.1492, lr: 0.0003, train/prefecth_time: 0.0043 
[2025-02-21 06:43:54,626 INFO] 146944 iteration USE_EMA: False, train/sup_loss: 0.0001, train/unsup_loss: 0.0183, train/total_loss: 0.0185, train/util_ratio: 0.5000, train/run_time: 0.1484, lr: 0.0003, train/prefecth_time: 0.0040 
[2025-02-21 06:44:40,009 INFO] 147200 iteration USE_EMA: False, train/sup_loss: 0.0006, train/unsup_loss: 0.1940, train/total_loss: 0.1945, train/util_ratio: 0.5000, train/run_time: 0.1489, lr: 0.0003, train/prefecth_time: 0.0054 
[2025-02-21 06:45:25,434 INFO] validating...
/home/zakerian/miniconda3/envs/usb/lib/python3.8/site-packages/sklearn/metrics/_classification.py:1471: UndefinedMetricWarning: Precision is ill-defined and being set to 0.0 in labels with no predicted samples. Use `zero_division` parameter to control this behavior.
  _warn_prf(average, modifier, msg_start, len(result))
[2025-02-21 06:45:55,318 INFO] confusion matrix:
[[0.         0.         0.         ... 0.00714796 0.         0.00750536]
 [0.         0.         0.         ... 0.22033898 0.         0.        ]
 [0.         0.         0.         ... 0.         0.         0.        ]
 ...
 [0.         0.         0.         ... 0.         0.         0.        ]
 [0.         0.         0.         ... 0.         0.         0.        ]
 [0.         0.         0.         ... 0.         0.         0.        ]]
[2025-02-21 06:45:57,328 INFO] model saved: ./saved_models/usb_cv/fixmatch_market1501/latest_model.pth
[2025-02-21 06:45:57,328 INFO] 147456 iteration, USE_EMA: False, train/sup_loss: 0.0002, train/unsup_loss: 0.0135, train/total_loss: 0.0137, train/util_ratio: 0.2500, train/run_time: 0.1477, eval/loss: 30.1188, eval/top-1-acc: 0.0012, eval/top-5-acc: 0.0068, eval/balanced_acc: 0.0013, eval/precision: 0.0009, eval/recall: 0.0013, eval/F1: 0.0006, lr: 0.0003, train/prefecth_time: 0.0039 BEST_EVAL_ACC: 0.0031, at 75776 iters
[2025-02-21 06:46:43,457 INFO] 147712 iteration USE_EMA: False, train/sup_loss: 0.0030, train/unsup_loss: 1.9313, train/total_loss: 1.9343, train/util_ratio: 0.7500, train/run_time: 0.1485, lr: 0.0003, train/prefecth_time: 0.0045 
[2025-02-21 06:47:28,966 INFO] 147968 iteration USE_EMA: False, train/sup_loss: 0.0014, train/unsup_loss: 0.0205, train/total_loss: 0.0219, train/util_ratio: 0.5000, train/run_time: 0.1487, lr: 0.0003, train/prefecth_time: 0.0045 
[2025-02-21 06:48:14,396 INFO] 148224 iteration USE_EMA: False, train/sup_loss: 0.0008, train/unsup_loss: 0.0121, train/total_loss: 0.0128, train/util_ratio: 0.5000, train/run_time: 0.1488, lr: 0.0003, train/prefecth_time: 0.0045 
[2025-02-21 06:48:59,763 INFO] 148480 iteration USE_EMA: False, train/sup_loss: 0.0296, train/unsup_loss: 0.0733, train/total_loss: 0.1029, train/util_ratio: 0.3750, train/run_time: 0.1480, lr: 0.0003, train/prefecth_time: 0.0040 
[2025-02-21 06:49:45,821 INFO] 148736 iteration USE_EMA: False, train/sup_loss: 0.0001, train/unsup_loss: 0.3602, train/total_loss: 0.3603, train/util_ratio: 0.5000, train/run_time: 0.1483, lr: 0.0003, train/prefecth_time: 0.0046 
[2025-02-21 06:50:31,366 INFO] 148992 iteration USE_EMA: False, train/sup_loss: 0.0108, train/unsup_loss: 0.0000, train/total_loss: 0.0109, train/util_ratio: 0.1250, train/run_time: 0.1493, lr: 0.0003, train/prefecth_time: 0.0046 
[2025-02-21 06:51:16,831 INFO] 149248 iteration USE_EMA: False, train/sup_loss: 0.0045, train/unsup_loss: 0.1361, train/total_loss: 0.1406, train/util_ratio: 0.6250, train/run_time: 0.1479, lr: 0.0003, train/prefecth_time: 0.0045 
[2025-02-21 06:52:02,260 INFO] validating...
/home/zakerian/miniconda3/envs/usb/lib/python3.8/site-packages/sklearn/metrics/_classification.py:1471: UndefinedMetricWarning: Precision is ill-defined and being set to 0.0 in labels with no predicted samples. Use `zero_division` parameter to control this behavior.
  _warn_prf(average, modifier, msg_start, len(result))
[2025-02-21 06:52:32,131 INFO] confusion matrix:
[[0.         0.         0.         ... 0.00178699 0.         0.00464618]
 [0.         0.         0.         ... 0.10169492 0.         0.        ]
 [0.         0.         0.         ... 0.         0.         0.        ]
 ...
 [0.         0.         0.         ... 0.         0.         0.        ]
 [0.         0.         0.         ... 0.         0.         0.        ]
 [0.         0.         0.         ... 0.         0.         0.        ]]
[2025-02-21 06:52:34,138 INFO] model saved: ./saved_models/usb_cv/fixmatch_market1501/latest_model.pth
[2025-02-21 06:52:34,141 INFO] 149504 iteration, USE_EMA: False, train/sup_loss: 0.0470, train/unsup_loss: 0.0217, train/total_loss: 0.0687, train/util_ratio: 0.6250, train/run_time: 0.1482, eval/loss: 29.5091, eval/top-1-acc: 0.0009, eval/top-5-acc: 0.0054, eval/balanced_acc: 0.0016, eval/precision: 0.0002, eval/recall: 0.0016, eval/F1: 0.0003, lr: 0.0003, train/prefecth_time: 0.0039 BEST_EVAL_ACC: 0.0031, at 75776 iters
[2025-02-21 06:53:20,230 INFO] 149760 iteration USE_EMA: False, train/sup_loss: 0.0001, train/unsup_loss: 0.2581, train/total_loss: 0.2582, train/util_ratio: 1.0000, train/run_time: 0.1498, lr: 0.0003, train/prefecth_time: 0.0054 
[2025-02-21 06:54:05,573 INFO] 150016 iteration USE_EMA: False, train/sup_loss: 0.0008, train/unsup_loss: 0.0144, train/total_loss: 0.0153, train/util_ratio: 0.1250, train/run_time: 0.1481, lr: 0.0003, train/prefecth_time: 0.0043 
[2025-02-21 06:54:51,109 INFO] 150272 iteration USE_EMA: False, train/sup_loss: 0.0000, train/unsup_loss: 0.0106, train/total_loss: 0.0106, train/util_ratio: 0.1250, train/run_time: 0.1485, lr: 0.0003, train/prefecth_time: 0.0042 
[2025-02-21 06:55:36,524 INFO] 150528 iteration USE_EMA: False, train/sup_loss: 0.0017, train/unsup_loss: 0.0376, train/total_loss: 0.0393, train/util_ratio: 0.7500, train/run_time: 0.1475, lr: 0.0003, train/prefecth_time: 0.0038 
[2025-02-21 06:56:22,461 INFO] 150784 iteration USE_EMA: False, train/sup_loss: 0.0011, train/unsup_loss: 0.3596, train/total_loss: 0.3607, train/util_ratio: 0.7500, train/run_time: 0.1483, lr: 0.0003, train/prefecth_time: 0.0043 
[2025-02-21 06:57:07,960 INFO] 151040 iteration USE_EMA: False, train/sup_loss: 0.0195, train/unsup_loss: 0.3487, train/total_loss: 0.3682, train/util_ratio: 0.7500, train/run_time: 0.1487, lr: 0.0003, train/prefecth_time: 0.0040 
[2025-02-21 06:57:53,343 INFO] 151296 iteration USE_EMA: False, train/sup_loss: 0.0166, train/unsup_loss: 0.3907, train/total_loss: 0.4073, train/util_ratio: 0.6250, train/run_time: 0.1484, lr: 0.0003, train/prefecth_time: 0.0045 
[2025-02-21 06:58:38,725 INFO] validating...
/home/zakerian/miniconda3/envs/usb/lib/python3.8/site-packages/sklearn/metrics/_classification.py:1471: UndefinedMetricWarning: Precision is ill-defined and being set to 0.0 in labels with no predicted samples. Use `zero_division` parameter to control this behavior.
  _warn_prf(average, modifier, msg_start, len(result))
[2025-02-21 06:59:08,682 INFO] confusion matrix:
[[0.         0.         0.         ... 0.00214439 0.0003574  0.0003574 ]
 [0.         0.         0.         ... 0.16949153 0.         0.        ]
 [0.         0.         0.         ... 0.         0.         0.        ]
 ...
 [0.         0.         0.         ... 0.         0.         0.        ]
 [0.         0.         0.         ... 0.         0.         0.        ]
 [0.         0.         0.         ... 0.         0.         0.        ]]
[2025-02-21 06:59:10,693 INFO] model saved: ./saved_models/usb_cv/fixmatch_market1501/latest_model.pth
[2025-02-21 06:59:10,695 INFO] 151552 iteration, USE_EMA: False, train/sup_loss: 0.0001, train/unsup_loss: 0.3218, train/total_loss: 0.3219, train/util_ratio: 0.2500, train/run_time: 0.1472, eval/loss: 30.8128, eval/top-1-acc: 0.0017, eval/top-5-acc: 0.0072, eval/balanced_acc: 0.0029, eval/precision: 0.0010, eval/recall: 0.0029, eval/F1: 0.0007, lr: 0.0003, train/prefecth_time: 0.0040 BEST_EVAL_ACC: 0.0031, at 75776 iters
[2025-02-21 06:59:56,785 INFO] 151808 iteration USE_EMA: False, train/sup_loss: 0.0044, train/unsup_loss: 0.0426, train/total_loss: 0.0471, train/util_ratio: 0.6250, train/run_time: 0.1492, lr: 0.0003, train/prefecth_time: 0.0041 
[2025-02-21 07:00:42,261 INFO] 152064 iteration USE_EMA: False, train/sup_loss: 0.0010, train/unsup_loss: 0.1673, train/total_loss: 0.1683, train/util_ratio: 0.5000, train/run_time: 0.1480, lr: 0.0003, train/prefecth_time: 0.0039 
[2025-02-21 07:01:27,632 INFO] 152320 iteration USE_EMA: False, train/sup_loss: 0.0008, train/unsup_loss: 0.0023, train/total_loss: 0.0031, train/util_ratio: 0.3750, train/run_time: 0.1484, lr: 0.0003, train/prefecth_time: 0.0044 
[2025-02-21 07:02:12,970 INFO] 152576 iteration USE_EMA: False, train/sup_loss: 0.0011, train/unsup_loss: 0.0301, train/total_loss: 0.0311, train/util_ratio: 0.6250, train/run_time: 0.1475, lr: 0.0003, train/prefecth_time: 0.0039 
[2025-02-21 07:02:59,073 INFO] 152832 iteration USE_EMA: False, train/sup_loss: 0.0063, train/unsup_loss: 0.1900, train/total_loss: 0.1962, train/util_ratio: 0.2500, train/run_time: 0.1481, lr: 0.0003, train/prefecth_time: 0.0043 
[2025-02-21 07:03:44,549 INFO] 153088 iteration USE_EMA: False, train/sup_loss: 0.0110, train/unsup_loss: 0.0364, train/total_loss: 0.0474, train/util_ratio: 0.5000, train/run_time: 0.1485, lr: 0.0003, train/prefecth_time: 0.0044 
[2025-02-21 07:04:30,185 INFO] 153344 iteration USE_EMA: False, train/sup_loss: 0.0004, train/unsup_loss: 0.0003, train/total_loss: 0.0007, train/util_ratio: 0.3750, train/run_time: 0.1487, lr: 0.0003, train/prefecth_time: 0.0043 
[2025-02-21 07:05:15,729 INFO] validating...
/home/zakerian/miniconda3/envs/usb/lib/python3.8/site-packages/sklearn/metrics/_classification.py:1471: UndefinedMetricWarning: Precision is ill-defined and being set to 0.0 in labels with no predicted samples. Use `zero_division` parameter to control this behavior.
  _warn_prf(average, modifier, msg_start, len(result))
[2025-02-21 07:05:45,497 INFO] confusion matrix:
[[0.         0.         0.         ... 0.00214439 0.         0.00571837]
 [0.         0.         0.         ... 0.15254237 0.         0.        ]
 [0.         0.         0.         ... 0.         0.         0.        ]
 ...
 [0.         0.         0.         ... 0.         0.         0.        ]
 [0.         0.         0.         ... 0.         0.         0.        ]
 [0.         0.         0.         ... 0.         0.         0.        ]]
[2025-02-21 07:05:47,503 INFO] model saved: ./saved_models/usb_cv/fixmatch_market1501/latest_model.pth
[2025-02-21 07:05:47,505 INFO] 153600 iteration, USE_EMA: False, train/sup_loss: 0.0002, train/unsup_loss: 0.0178, train/total_loss: 0.0180, train/util_ratio: 0.6250, train/run_time: 0.1472, eval/loss: 30.4474, eval/top-1-acc: 0.0010, eval/top-5-acc: 0.0058, eval/balanced_acc: 0.0020, eval/precision: 0.0002, eval/recall: 0.0020, eval/F1: 0.0003, lr: 0.0003, train/prefecth_time: 0.0040 BEST_EVAL_ACC: 0.0031, at 75776 iters
[2025-02-21 07:06:33,579 INFO] 153856 iteration USE_EMA: False, train/sup_loss: 0.0042, train/unsup_loss: 0.1763, train/total_loss: 0.1806, train/util_ratio: 0.6250, train/run_time: 0.1484, lr: 0.0003, train/prefecth_time: 0.0042 
[2025-02-21 07:07:19,008 INFO] 154112 iteration USE_EMA: False, train/sup_loss: 0.0001, train/unsup_loss: 0.1206, train/total_loss: 0.1207, train/util_ratio: 0.6250, train/run_time: 0.1481, lr: 0.0003, train/prefecth_time: 0.0043 
[2025-02-21 07:08:04,412 INFO] 154368 iteration USE_EMA: False, train/sup_loss: 0.0001, train/unsup_loss: 1.1944, train/total_loss: 1.1945, train/util_ratio: 0.8750, train/run_time: 0.1489, lr: 0.0003, train/prefecth_time: 0.0044 
[2025-02-21 07:08:49,884 INFO] 154624 iteration USE_EMA: False, train/sup_loss: 0.0007, train/unsup_loss: 0.0752, train/total_loss: 0.0760, train/util_ratio: 0.6250, train/run_time: 0.1476, lr: 0.0003, train/prefecth_time: 0.0038 
[2025-02-21 07:09:35,704 INFO] 154880 iteration USE_EMA: False, train/sup_loss: 0.0140, train/unsup_loss: 0.0059, train/total_loss: 0.0199, train/util_ratio: 0.3750, train/run_time: 0.1491, lr: 0.0003, train/prefecth_time: 0.0039 
[2025-02-21 07:10:21,076 INFO] 155136 iteration USE_EMA: False, train/sup_loss: 0.0003, train/unsup_loss: 0.0009, train/total_loss: 0.0012, train/util_ratio: 0.2500, train/run_time: 0.1483, lr: 0.0003, train/prefecth_time: 0.0040 
[2025-02-21 07:11:06,444 INFO] 155392 iteration USE_EMA: False, train/sup_loss: 0.0002, train/unsup_loss: 0.0000, train/total_loss: 0.0002, train/util_ratio: 0.0000, train/run_time: 0.1483, lr: 0.0003, train/prefecth_time: 0.0039 
[2025-02-21 07:11:51,829 INFO] validating...
/home/zakerian/miniconda3/envs/usb/lib/python3.8/site-packages/sklearn/metrics/_classification.py:1471: UndefinedMetricWarning: Precision is ill-defined and being set to 0.0 in labels with no predicted samples. Use `zero_division` parameter to control this behavior.
  _warn_prf(average, modifier, msg_start, len(result))
[2025-02-21 07:12:21,667 INFO] confusion matrix:
[[0.         0.         0.         ... 0.0003574  0.0003574  0.00857756]
 [0.         0.         0.         ... 0.08474576 0.         0.        ]
 [0.         0.         0.         ... 0.         0.         0.        ]
 ...
 [0.         0.         0.         ... 0.         0.         0.        ]
 [0.         0.         0.         ... 0.         0.         0.        ]
 [0.         0.         0.         ... 0.         0.         0.        ]]
[2025-02-21 07:12:23,675 INFO] model saved: ./saved_models/usb_cv/fixmatch_market1501/latest_model.pth
[2025-02-21 07:12:23,677 INFO] 155648 iteration, USE_EMA: False, train/sup_loss: 0.0022, train/unsup_loss: 0.0294, train/total_loss: 0.0316, train/util_ratio: 0.7500, train/run_time: 0.1473, eval/loss: 29.8131, eval/top-1-acc: 0.0010, eval/top-5-acc: 0.0065, eval/balanced_acc: 0.0020, eval/precision: 0.0003, eval/recall: 0.0020, eval/F1: 0.0004, lr: 0.0003, train/prefecth_time: 0.0047 BEST_EVAL_ACC: 0.0031, at 75776 iters
[2025-02-21 07:13:09,823 INFO] 155904 iteration USE_EMA: False, train/sup_loss: 0.0004, train/unsup_loss: 0.1048, train/total_loss: 0.1052, train/util_ratio: 0.6250, train/run_time: 0.1486, lr: 0.0003, train/prefecth_time: 0.0044 
[2025-02-21 07:13:55,332 INFO] 156160 iteration USE_EMA: False, train/sup_loss: 0.0001, train/unsup_loss: 0.0689, train/total_loss: 0.0690, train/util_ratio: 0.7500, train/run_time: 0.1488, lr: 0.0003, train/prefecth_time: 0.0044 
[2025-02-21 07:14:40,771 INFO] 156416 iteration USE_EMA: False, train/sup_loss: 0.0013, train/unsup_loss: 0.3186, train/total_loss: 0.3199, train/util_ratio: 0.6250, train/run_time: 0.1486, lr: 0.0003, train/prefecth_time: 0.0043 
[2025-02-21 07:15:26,214 INFO] 156672 iteration USE_EMA: False, train/sup_loss: 0.0000, train/unsup_loss: 0.6978, train/total_loss: 0.6979, train/util_ratio: 0.5000, train/run_time: 0.1482, lr: 0.0003, train/prefecth_time: 0.0041 
[2025-02-21 07:16:12,182 INFO] 156928 iteration USE_EMA: False, train/sup_loss: 0.0001, train/unsup_loss: 0.8842, train/total_loss: 0.8843, train/util_ratio: 0.6250, train/run_time: 0.1485, lr: 0.0003, train/prefecth_time: 0.0055 
[2025-02-21 07:16:57,566 INFO] 157184 iteration USE_EMA: False, train/sup_loss: 0.0012, train/unsup_loss: 0.0010, train/total_loss: 0.0022, train/util_ratio: 0.2500, train/run_time: 0.1483, lr: 0.0003, train/prefecth_time: 0.0043 
[2025-02-21 07:17:43,016 INFO] 157440 iteration USE_EMA: False, train/sup_loss: 0.0009, train/unsup_loss: 0.0987, train/total_loss: 0.0995, train/util_ratio: 0.7500, train/run_time: 0.1489, lr: 0.0002, train/prefecth_time: 0.0041 
[2025-02-21 07:18:28,294 INFO] validating...
/home/zakerian/miniconda3/envs/usb/lib/python3.8/site-packages/sklearn/metrics/_classification.py:1471: UndefinedMetricWarning: Precision is ill-defined and being set to 0.0 in labels with no predicted samples. Use `zero_division` parameter to control this behavior.
  _warn_prf(average, modifier, msg_start, len(result))
[2025-02-21 07:18:57,983 INFO] confusion matrix:
[[0.         0.         0.         ... 0.00142959 0.         0.00285919]
 [0.         0.         0.         ... 0.11864407 0.         0.        ]
 [0.         0.         0.         ... 0.         0.         0.        ]
 ...
 [0.         0.         0.         ... 0.         0.         0.        ]
 [0.         0.         0.         ... 0.         0.         0.        ]
 [0.         0.         0.         ... 0.         0.         0.        ]]
[2025-02-21 07:18:59,982 INFO] model saved: ./saved_models/usb_cv/fixmatch_market1501/latest_model.pth
[2025-02-21 07:18:59,984 INFO] 157696 iteration, USE_EMA: False, train/sup_loss: 0.0012, train/unsup_loss: 0.1889, train/total_loss: 0.1901, train/util_ratio: 0.7500, train/run_time: 0.1470, eval/loss: 31.2055, eval/top-1-acc: 0.0008, eval/top-5-acc: 0.0062, eval/balanced_acc: 0.0011, eval/precision: 0.0002, eval/recall: 0.0011, eval/F1: 0.0002, lr: 0.0002, train/prefecth_time: 0.0040 BEST_EVAL_ACC: 0.0031, at 75776 iters
[2025-02-21 07:19:45,865 INFO] 157952 iteration USE_EMA: False, train/sup_loss: 0.0001, train/unsup_loss: 0.2508, train/total_loss: 0.2509, train/util_ratio: 0.3750, train/run_time: 0.1480, lr: 0.0002, train/prefecth_time: 0.0044 
[2025-02-21 07:20:31,338 INFO] 158208 iteration USE_EMA: False, train/sup_loss: 0.0001, train/unsup_loss: 0.0694, train/total_loss: 0.0694, train/util_ratio: 0.2500, train/run_time: 0.1482, lr: 0.0002, train/prefecth_time: 0.0049 
[2025-02-21 07:21:16,690 INFO] 158464 iteration USE_EMA: False, train/sup_loss: 0.0001, train/unsup_loss: 0.9183, train/total_loss: 0.9184, train/util_ratio: 0.5000, train/run_time: 0.1482, lr: 0.0002, train/prefecth_time: 0.0044 
[2025-02-21 07:22:01,998 INFO] 158720 iteration USE_EMA: False, train/sup_loss: 0.0040, train/unsup_loss: 0.4616, train/total_loss: 0.4656, train/util_ratio: 0.7500, train/run_time: 0.1475, lr: 0.0002, train/prefecth_time: 0.0039 
[2025-02-21 07:22:47,965 INFO] 158976 iteration USE_EMA: False, train/sup_loss: 0.0005, train/unsup_loss: 0.1882, train/total_loss: 0.1887, train/util_ratio: 0.3750, train/run_time: 0.1490, lr: 0.0002, train/prefecth_time: 0.0059 
[2025-02-21 07:23:33,408 INFO] 159232 iteration USE_EMA: False, train/sup_loss: 0.0001, train/unsup_loss: 2.0846, train/total_loss: 2.0846, train/util_ratio: 0.6250, train/run_time: 0.1485, lr: 0.0002, train/prefecth_time: 0.0048 
[2025-02-21 07:24:18,816 INFO] 159488 iteration USE_EMA: False, train/sup_loss: 0.0042, train/unsup_loss: 0.0040, train/total_loss: 0.0082, train/util_ratio: 0.5000, train/run_time: 0.1480, lr: 0.0002, train/prefecth_time: 0.0042 
[2025-02-21 07:25:04,168 INFO] validating...
/home/zakerian/miniconda3/envs/usb/lib/python3.8/site-packages/sklearn/metrics/_classification.py:1471: UndefinedMetricWarning: Precision is ill-defined and being set to 0.0 in labels with no predicted samples. Use `zero_division` parameter to control this behavior.
  _warn_prf(average, modifier, msg_start, len(result))
[2025-02-21 07:25:33,967 INFO] confusion matrix:
[[0.         0.         0.         ... 0.00857756 0.0003574  0.00607577]
 [0.         0.         0.         ... 0.15254237 0.         0.        ]
 [0.         0.         0.         ... 0.         0.         0.        ]
 ...
 [0.         0.         0.         ... 0.         0.         0.        ]
 [0.         0.         0.         ... 0.         0.         0.        ]
 [0.         0.         0.         ... 0.         0.         0.        ]]
[2025-02-21 07:25:35,979 INFO] model saved: ./saved_models/usb_cv/fixmatch_market1501/latest_model.pth
[2025-02-21 07:25:35,981 INFO] 159744 iteration, USE_EMA: False, train/sup_loss: 0.0008, train/unsup_loss: 0.3199, train/total_loss: 0.3207, train/util_ratio: 0.6250, train/run_time: 0.1481, eval/loss: 29.8793, eval/top-1-acc: 0.0008, eval/top-5-acc: 0.0059, eval/balanced_acc: 0.0011, eval/precision: 0.0001, eval/recall: 0.0011, eval/F1: 0.0002, lr: 0.0002, train/prefecth_time: 0.0040 BEST_EVAL_ACC: 0.0031, at 75776 iters
[2025-02-21 07:26:21,989 INFO] 160000 iteration USE_EMA: False, train/sup_loss: 0.0092, train/unsup_loss: 0.4536, train/total_loss: 0.4628, train/util_ratio: 0.8750, train/run_time: 0.1482, lr: 0.0002, train/prefecth_time: 0.0046 
[2025-02-21 07:27:07,361 INFO] 160256 iteration USE_EMA: False, train/sup_loss: 0.0006, train/unsup_loss: 0.2150, train/total_loss: 0.2155, train/util_ratio: 0.7500, train/run_time: 0.1486, lr: 0.0002, train/prefecth_time: 0.0044 
[2025-02-21 07:27:52,741 INFO] 160512 iteration USE_EMA: False, train/sup_loss: 0.0000, train/unsup_loss: 0.0293, train/total_loss: 0.0293, train/util_ratio: 0.5000, train/run_time: 0.1495, lr: 0.0002, train/prefecth_time: 0.0059 
[2025-02-21 07:28:38,147 INFO] 160768 iteration USE_EMA: False, train/sup_loss: 0.0002, train/unsup_loss: 0.0216, train/total_loss: 0.0218, train/util_ratio: 0.8750, train/run_time: 0.1477, lr: 0.0002, train/prefecth_time: 0.0034 
[2025-02-21 07:29:24,033 INFO] 161024 iteration USE_EMA: False, train/sup_loss: 0.0001, train/unsup_loss: 0.8104, train/total_loss: 0.8104, train/util_ratio: 1.0000, train/run_time: 0.1481, lr: 0.0002, train/prefecth_time: 0.0041 
[2025-02-21 07:30:09,399 INFO] 161280 iteration USE_EMA: False, train/sup_loss: 0.0002, train/unsup_loss: 0.2641, train/total_loss: 0.2643, train/util_ratio: 0.6250, train/run_time: 0.1484, lr: 0.0002, train/prefecth_time: 0.0043 
[2025-02-21 07:30:54,810 INFO] 161536 iteration USE_EMA: False, train/sup_loss: 0.0002, train/unsup_loss: 0.6740, train/total_loss: 0.6742, train/util_ratio: 0.5000, train/run_time: 0.1483, lr: 0.0002, train/prefecth_time: 0.0042 
[2025-02-21 07:31:40,186 INFO] validating...
/home/zakerian/miniconda3/envs/usb/lib/python3.8/site-packages/sklearn/metrics/_classification.py:1471: UndefinedMetricWarning: Precision is ill-defined and being set to 0.0 in labels with no predicted samples. Use `zero_division` parameter to control this behavior.
  _warn_prf(average, modifier, msg_start, len(result))
[2025-02-21 07:32:10,033 INFO] confusion matrix:
[[0.         0.         0.         ... 0.00571837 0.0007148  0.00285919]
 [0.         0.         0.         ... 0.18644068 0.         0.        ]
 [0.         0.         0.         ... 0.         0.         0.        ]
 ...
 [0.         0.         0.         ... 0.         0.         0.        ]
 [0.         0.         0.         ... 0.         0.         0.        ]
 [0.         0.         0.         ... 0.         0.         0.        ]]
[2025-02-21 07:32:12,030 INFO] model saved: ./saved_models/usb_cv/fixmatch_market1501/latest_model.pth
[2025-02-21 07:32:12,032 INFO] 161792 iteration, USE_EMA: False, train/sup_loss: 0.0011, train/unsup_loss: 0.5168, train/total_loss: 0.5179, train/util_ratio: 0.5000, train/run_time: 0.1474, eval/loss: 31.4751, eval/top-1-acc: 0.0013, eval/top-5-acc: 0.0070, eval/balanced_acc: 0.0019, eval/precision: 0.0002, eval/recall: 0.0019, eval/F1: 0.0002, lr: 0.0002, train/prefecth_time: 0.0040 BEST_EVAL_ACC: 0.0031, at 75776 iters
[2025-02-21 07:32:58,065 INFO] 162048 iteration USE_EMA: False, train/sup_loss: 0.0003, train/unsup_loss: 0.6394, train/total_loss: 0.6397, train/util_ratio: 0.8750, train/run_time: 0.1483, lr: 0.0002, train/prefecth_time: 0.0042 
[2025-02-21 07:33:43,438 INFO] 162304 iteration USE_EMA: False, train/sup_loss: 0.0000, train/unsup_loss: 0.1232, train/total_loss: 0.1233, train/util_ratio: 0.6250, train/run_time: 0.1484, lr: 0.0002, train/prefecth_time: 0.0042 
[2025-02-21 07:34:28,800 INFO] 162560 iteration USE_EMA: False, train/sup_loss: 0.0007, train/unsup_loss: 0.2305, train/total_loss: 0.2311, train/util_ratio: 0.5000, train/run_time: 0.1487, lr: 0.0002, train/prefecth_time: 0.0044 
[2025-02-21 07:35:14,205 INFO] 162816 iteration USE_EMA: False, train/sup_loss: 0.0004, train/unsup_loss: 0.1853, train/total_loss: 0.1857, train/util_ratio: 0.6250, train/run_time: 0.1479, lr: 0.0002, train/prefecth_time: 0.0039 
[2025-02-21 07:36:00,170 INFO] 163072 iteration USE_EMA: False, train/sup_loss: 0.0006, train/unsup_loss: 0.8283, train/total_loss: 0.8290, train/util_ratio: 0.5000, train/run_time: 0.1501, lr: 0.0002, train/prefecth_time: 0.0044 
[2025-02-21 07:36:45,626 INFO] 163328 iteration USE_EMA: False, train/sup_loss: 0.0002, train/unsup_loss: 0.2075, train/total_loss: 0.2077, train/util_ratio: 0.5000, train/run_time: 0.1495, lr: 0.0002, train/prefecth_time: 0.0056 
[2025-02-21 07:37:31,111 INFO] 163584 iteration USE_EMA: False, train/sup_loss: 0.0001, train/unsup_loss: 0.0244, train/total_loss: 0.0245, train/util_ratio: 0.5000, train/run_time: 0.1484, lr: 0.0002, train/prefecth_time: 0.0044 
[2025-02-21 07:38:16,428 INFO] validating...
/home/zakerian/miniconda3/envs/usb/lib/python3.8/site-packages/sklearn/metrics/_classification.py:1471: UndefinedMetricWarning: Precision is ill-defined and being set to 0.0 in labels with no predicted samples. Use `zero_division` parameter to control this behavior.
  _warn_prf(average, modifier, msg_start, len(result))
[2025-02-21 07:38:46,272 INFO] confusion matrix:
[[0.         0.         0.         ... 0.00964975 0.         0.00536097]
 [0.         0.         0.         ... 0.18644068 0.         0.        ]
 [0.         0.         0.         ... 0.         0.         0.        ]
 ...
 [0.         0.         0.         ... 0.         0.         0.        ]
 [0.         0.         0.         ... 0.         0.         0.        ]
 [0.         0.         0.         ... 0.         0.         0.        ]]
[2025-02-21 07:38:48,278 INFO] model saved: ./saved_models/usb_cv/fixmatch_market1501/latest_model.pth
[2025-02-21 07:38:48,280 INFO] 163840 iteration, USE_EMA: False, train/sup_loss: 0.0001, train/unsup_loss: 0.1955, train/total_loss: 0.1956, train/util_ratio: 0.6250, train/run_time: 0.1476, eval/loss: 31.4787, eval/top-1-acc: 0.0009, eval/top-5-acc: 0.0058, eval/balanced_acc: 0.0009, eval/precision: 0.0002, eval/recall: 0.0009, eval/F1: 0.0002, lr: 0.0002, train/prefecth_time: 0.0041 BEST_EVAL_ACC: 0.0031, at 75776 iters
[2025-02-21 07:39:34,313 INFO] 164096 iteration USE_EMA: False, train/sup_loss: 0.0012, train/unsup_loss: 0.3961, train/total_loss: 0.3973, train/util_ratio: 0.3750, train/run_time: 0.1483, lr: 0.0002, train/prefecth_time: 0.0045 
[2025-02-21 07:40:19,724 INFO] 164352 iteration USE_EMA: False, train/sup_loss: 0.0001, train/unsup_loss: 1.3622, train/total_loss: 1.3624, train/util_ratio: 0.7500, train/run_time: 0.1488, lr: 0.0002, train/prefecth_time: 0.0042 
[2025-02-21 07:41:05,189 INFO] 164608 iteration USE_EMA: False, train/sup_loss: 0.0007, train/unsup_loss: 0.0536, train/total_loss: 0.0542, train/util_ratio: 0.6250, train/run_time: 0.1489, lr: 0.0002, train/prefecth_time: 0.0044 
[2025-02-21 07:41:50,656 INFO] 164864 iteration USE_EMA: False, train/sup_loss: 0.0002, train/unsup_loss: 0.2455, train/total_loss: 0.2457, train/util_ratio: 0.8750, train/run_time: 0.1481, lr: 0.0002, train/prefecth_time: 0.0038 
[2025-02-21 07:42:36,596 INFO] 165120 iteration USE_EMA: False, train/sup_loss: 0.0002, train/unsup_loss: 0.0584, train/total_loss: 0.0586, train/util_ratio: 0.3750, train/run_time: 0.1484, lr: 0.0002, train/prefecth_time: 0.0041 
[2025-02-21 07:43:21,992 INFO] 165376 iteration USE_EMA: False, train/sup_loss: 0.0045, train/unsup_loss: 0.0036, train/total_loss: 0.0081, train/util_ratio: 0.3750, train/run_time: 0.1486, lr: 0.0002, train/prefecth_time: 0.0042 
[2025-02-21 07:44:07,449 INFO] 165632 iteration USE_EMA: False, train/sup_loss: 0.0003, train/unsup_loss: 0.0521, train/total_loss: 0.0524, train/util_ratio: 0.3750, train/run_time: 0.1491, lr: 0.0002, train/prefecth_time: 0.0040 
[2025-02-21 07:44:52,892 INFO] validating...
/home/zakerian/miniconda3/envs/usb/lib/python3.8/site-packages/sklearn/metrics/_classification.py:1471: UndefinedMetricWarning: Precision is ill-defined and being set to 0.0 in labels with no predicted samples. Use `zero_division` parameter to control this behavior.
  _warn_prf(average, modifier, msg_start, len(result))
[2025-02-21 07:45:22,680 INFO] confusion matrix:
[[0.         0.         0.         ... 0.00428878 0.0003574  0.00285919]
 [0.         0.         0.         ... 0.16949153 0.         0.        ]
 [0.         0.         0.         ... 0.         0.         0.        ]
 ...
 [0.         0.         0.         ... 0.         0.         0.        ]
 [0.         0.         0.         ... 0.         0.         0.        ]
 [0.         0.         0.         ... 0.         0.         0.        ]]
[2025-02-21 07:45:24,678 INFO] model saved: ./saved_models/usb_cv/fixmatch_market1501/latest_model.pth
[2025-02-21 07:45:24,680 INFO] 165888 iteration, USE_EMA: False, train/sup_loss: 0.0009, train/unsup_loss: 0.0942, train/total_loss: 0.0952, train/util_ratio: 0.6250, train/run_time: 0.1476, eval/loss: 31.4691, eval/top-1-acc: 0.0011, eval/top-5-acc: 0.0063, eval/balanced_acc: 0.0018, eval/precision: 0.0003, eval/recall: 0.0018, eval/F1: 0.0004, lr: 0.0002, train/prefecth_time: 0.0040 BEST_EVAL_ACC: 0.0031, at 75776 iters
[2025-02-21 07:46:10,858 INFO] 166144 iteration USE_EMA: False, train/sup_loss: 0.0001, train/unsup_loss: 1.0008, train/total_loss: 1.0009, train/util_ratio: 0.8750, train/run_time: 0.1490, lr: 0.0002, train/prefecth_time: 0.0042 
[2025-02-21 07:46:56,370 INFO] 166400 iteration USE_EMA: False, train/sup_loss: 0.0093, train/unsup_loss: 0.1164, train/total_loss: 0.1257, train/util_ratio: 0.6250, train/run_time: 0.1482, lr: 0.0002, train/prefecth_time: 0.0042 
[2025-02-21 07:47:41,762 INFO] 166656 iteration USE_EMA: False, train/sup_loss: 0.0005, train/unsup_loss: 0.0991, train/total_loss: 0.0996, train/util_ratio: 0.5000, train/run_time: 0.1490, lr: 0.0002, train/prefecth_time: 0.0045 
[2025-02-21 07:48:27,287 INFO] 166912 iteration USE_EMA: False, train/sup_loss: 0.0005, train/unsup_loss: 0.0876, train/total_loss: 0.0882, train/util_ratio: 0.7500, train/run_time: 0.1475, lr: 0.0002, train/prefecth_time: 0.0039 
[2025-02-21 07:49:13,222 INFO] 167168 iteration USE_EMA: False, train/sup_loss: 0.0009, train/unsup_loss: 0.2686, train/total_loss: 0.2695, train/util_ratio: 0.5000, train/run_time: 0.1494, lr: 0.0002, train/prefecth_time: 0.0057 
[2025-02-21 07:49:58,767 INFO] 167424 iteration USE_EMA: False, train/sup_loss: 0.0007, train/unsup_loss: 1.6260, train/total_loss: 1.6266, train/util_ratio: 0.7500, train/run_time: 0.1488, lr: 0.0002, train/prefecth_time: 0.0040 
[2025-02-21 07:50:44,184 INFO] 167680 iteration USE_EMA: False, train/sup_loss: 0.0003, train/unsup_loss: 0.1775, train/total_loss: 0.1778, train/util_ratio: 0.7500, train/run_time: 0.1488, lr: 0.0002, train/prefecth_time: 0.0045 
[2025-02-21 07:51:29,745 INFO] validating...
/home/zakerian/miniconda3/envs/usb/lib/python3.8/site-packages/sklearn/metrics/_classification.py:1471: UndefinedMetricWarning: Precision is ill-defined and being set to 0.0 in labels with no predicted samples. Use `zero_division` parameter to control this behavior.
  _warn_prf(average, modifier, msg_start, len(result))
[2025-02-21 07:51:59,563 INFO] confusion matrix:
[[0.         0.         0.         ... 0.00107219 0.         0.00214439]
 [0.         0.         0.         ... 0.08474576 0.         0.        ]
 [0.         0.         0.         ... 0.         0.         0.        ]
 ...
 [0.         0.         0.         ... 0.         0.         0.        ]
 [0.         0.         0.         ... 0.         0.         0.        ]
 [0.         0.         0.         ... 0.         0.         0.        ]]
[2025-02-21 07:52:01,578 INFO] model saved: ./saved_models/usb_cv/fixmatch_market1501/latest_model.pth
[2025-02-21 07:52:01,580 INFO] 167936 iteration, USE_EMA: False, train/sup_loss: 0.0001, train/unsup_loss: 0.2304, train/total_loss: 0.2304, train/util_ratio: 0.7500, train/run_time: 0.1478, eval/loss: 31.9379, eval/top-1-acc: 0.0008, eval/top-5-acc: 0.0052, eval/balanced_acc: 0.0008, eval/precision: 0.0001, eval/recall: 0.0008, eval/F1: 0.0001, lr: 0.0002, train/prefecth_time: 0.0041 BEST_EVAL_ACC: 0.0031, at 75776 iters
[2025-02-21 07:52:47,556 INFO] 168192 iteration USE_EMA: False, train/sup_loss: 0.0005, train/unsup_loss: 0.2415, train/total_loss: 0.2421, train/util_ratio: 0.5000, train/run_time: 0.1483, lr: 0.0002, train/prefecth_time: 0.0048 
[2025-02-21 07:53:32,984 INFO] 168448 iteration USE_EMA: False, train/sup_loss: 0.0007, train/unsup_loss: 0.1286, train/total_loss: 0.1294, train/util_ratio: 0.6250, train/run_time: 0.1483, lr: 0.0002, train/prefecth_time: 0.0044 
[2025-02-21 07:54:18,298 INFO] 168704 iteration USE_EMA: False, train/sup_loss: 0.0035, train/unsup_loss: 0.0124, train/total_loss: 0.0159, train/util_ratio: 0.5000, train/run_time: 0.1487, lr: 0.0002, train/prefecth_time: 0.0041 
[2025-02-21 07:55:03,589 INFO] 168960 iteration USE_EMA: False, train/sup_loss: 0.0001, train/unsup_loss: 0.0011, train/total_loss: 0.0012, train/util_ratio: 0.3750, train/run_time: 0.1478, lr: 0.0002, train/prefecth_time: 0.0041 
[2025-02-21 07:55:49,430 INFO] 169216 iteration USE_EMA: False, train/sup_loss: 0.0008, train/unsup_loss: 0.0912, train/total_loss: 0.0920, train/util_ratio: 0.6250, train/run_time: 0.1484, lr: 0.0002, train/prefecth_time: 0.0043 
[2025-02-21 07:56:34,822 INFO] 169472 iteration USE_EMA: False, train/sup_loss: 0.0437, train/unsup_loss: 0.2792, train/total_loss: 0.3229, train/util_ratio: 0.5000, train/run_time: 0.1487, lr: 0.0002, train/prefecth_time: 0.0045 
[2025-02-21 07:57:20,165 INFO] 169728 iteration USE_EMA: False, train/sup_loss: 0.0009, train/unsup_loss: 1.1896, train/total_loss: 1.1905, train/util_ratio: 0.1250, train/run_time: 0.1491, lr: 0.0002, train/prefecth_time: 0.0045 
[2025-02-21 07:58:05,520 INFO] validating...
/home/zakerian/miniconda3/envs/usb/lib/python3.8/site-packages/sklearn/metrics/_classification.py:1471: UndefinedMetricWarning: Precision is ill-defined and being set to 0.0 in labels with no predicted samples. Use `zero_division` parameter to control this behavior.
  _warn_prf(average, modifier, msg_start, len(result))
[2025-02-21 07:58:35,362 INFO] confusion matrix:
[[0.         0.         0.         ... 0.00142959 0.         0.0003574 ]
 [0.         0.         0.         ... 0.03389831 0.         0.        ]
 [0.         0.         0.         ... 0.         0.         0.        ]
 ...
 [0.         0.         0.         ... 0.         0.         0.        ]
 [0.         0.         0.         ... 0.         0.         0.        ]
 [0.         0.         0.         ... 0.         0.         0.        ]]
[2025-02-21 07:58:37,364 INFO] model saved: ./saved_models/usb_cv/fixmatch_market1501/latest_model.pth
[2025-02-21 07:58:37,366 INFO] 169984 iteration, USE_EMA: False, train/sup_loss: 0.0017, train/unsup_loss: 0.1830, train/total_loss: 0.1847, train/util_ratio: 0.7500, train/run_time: 0.1478, eval/loss: 32.2965, eval/top-1-acc: 0.0009, eval/top-5-acc: 0.0062, eval/balanced_acc: 0.0010, eval/precision: 0.0010, eval/recall: 0.0010, eval/F1: 0.0004, lr: 0.0002, train/prefecth_time: 0.0041 BEST_EVAL_ACC: 0.0031, at 75776 iters
[2025-02-21 07:59:23,356 INFO] 170240 iteration USE_EMA: False, train/sup_loss: 0.0005, train/unsup_loss: 0.1272, train/total_loss: 0.1277, train/util_ratio: 0.5000, train/run_time: 0.1482, lr: 0.0002, train/prefecth_time: 0.0045 
[2025-02-21 08:00:08,815 INFO] 170496 iteration USE_EMA: False, train/sup_loss: 0.0005, train/unsup_loss: 0.4884, train/total_loss: 0.4889, train/util_ratio: 0.5000, train/run_time: 0.1484, lr: 0.0002, train/prefecth_time: 0.0043 
[2025-02-21 08:00:54,302 INFO] 170752 iteration USE_EMA: False, train/sup_loss: 0.0007, train/unsup_loss: 0.7006, train/total_loss: 0.7014, train/util_ratio: 0.8750, train/run_time: 0.1482, lr: 0.0002, train/prefecth_time: 0.0044 
[2025-02-21 08:01:39,857 INFO] 171008 iteration USE_EMA: False, train/sup_loss: 0.0022, train/unsup_loss: 0.1808, train/total_loss: 0.1830, train/util_ratio: 0.8750, train/run_time: 0.1480, lr: 0.0002, train/prefecth_time: 0.0041 
[2025-02-21 08:02:25,816 INFO] 171264 iteration USE_EMA: False, train/sup_loss: 0.0001, train/unsup_loss: 0.0150, train/total_loss: 0.0151, train/util_ratio: 0.2500, train/run_time: 0.1481, lr: 0.0002, train/prefecth_time: 0.0042 
[2025-02-21 08:03:11,254 INFO] 171520 iteration USE_EMA: False, train/sup_loss: 0.0001, train/unsup_loss: 0.0140, train/total_loss: 0.0141, train/util_ratio: 0.6250, train/run_time: 0.1487, lr: 0.0002, train/prefecth_time: 0.0044 
[2025-02-21 08:03:56,766 INFO] 171776 iteration USE_EMA: False, train/sup_loss: 0.0002, train/unsup_loss: 0.3635, train/total_loss: 0.3637, train/util_ratio: 0.6250, train/run_time: 0.1487, lr: 0.0002, train/prefecth_time: 0.0044 
[2025-02-21 08:04:42,130 INFO] validating...
/home/zakerian/miniconda3/envs/usb/lib/python3.8/site-packages/sklearn/metrics/_classification.py:1471: UndefinedMetricWarning: Precision is ill-defined and being set to 0.0 in labels with no predicted samples. Use `zero_division` parameter to control this behavior.
  _warn_prf(average, modifier, msg_start, len(result))
[2025-02-21 08:05:12,078 INFO] confusion matrix:
[[0.         0.         0.         ... 0.         0.         0.00500357]
 [0.         0.         0.         ... 0.03389831 0.         0.        ]
 [0.         0.         0.         ... 0.         0.         0.        ]
 ...
 [0.         0.         0.         ... 0.         0.         0.        ]
 [0.         0.         0.         ... 0.         0.         0.        ]
 [0.         0.         0.         ... 0.         0.         0.        ]]
[2025-02-21 08:05:14,077 INFO] model saved: ./saved_models/usb_cv/fixmatch_market1501/latest_model.pth
[2025-02-21 08:05:14,079 INFO] 172032 iteration, USE_EMA: False, train/sup_loss: 0.0002, train/unsup_loss: 0.0415, train/total_loss: 0.0417, train/util_ratio: 0.3750, train/run_time: 0.1478, eval/loss: 32.2532, eval/top-1-acc: 0.0011, eval/top-5-acc: 0.0058, eval/balanced_acc: 0.0014, eval/precision: 0.0016, eval/recall: 0.0014, eval/F1: 0.0004, lr: 0.0002, train/prefecth_time: 0.0039 BEST_EVAL_ACC: 0.0031, at 75776 iters
[2025-02-21 08:06:00,127 INFO] 172288 iteration USE_EMA: False, train/sup_loss: 0.0006, train/unsup_loss: 0.0169, train/total_loss: 0.0176, train/util_ratio: 0.6250, train/run_time: 0.1498, lr: 0.0002, train/prefecth_time: 0.0045 
[2025-02-21 08:06:45,478 INFO] 172544 iteration USE_EMA: False, train/sup_loss: 0.0002, train/unsup_loss: 0.0116, train/total_loss: 0.0118, train/util_ratio: 0.5000, train/run_time: 0.1488, lr: 0.0002, train/prefecth_time: 0.0045 
[2025-02-21 08:07:30,917 INFO] 172800 iteration USE_EMA: False, train/sup_loss: 0.0008, train/unsup_loss: 0.0498, train/total_loss: 0.0506, train/util_ratio: 0.6250, train/run_time: 0.1488, lr: 0.0002, train/prefecth_time: 0.0043 
[2025-02-21 08:08:16,249 INFO] 173056 iteration USE_EMA: False, train/sup_loss: 0.0010, train/unsup_loss: 0.4097, train/total_loss: 0.4106, train/util_ratio: 1.0000, train/run_time: 0.1489, lr: 0.0002, train/prefecth_time: 0.0037 
[2025-02-21 08:09:02,228 INFO] 173312 iteration USE_EMA: False, train/sup_loss: 0.0009, train/unsup_loss: 0.7685, train/total_loss: 0.7693, train/util_ratio: 0.8750, train/run_time: 0.1483, lr: 0.0002, train/prefecth_time: 0.0045 
[2025-02-21 08:09:47,649 INFO] 173568 iteration USE_EMA: False, train/sup_loss: 0.0001, train/unsup_loss: 0.2303, train/total_loss: 0.2303, train/util_ratio: 0.8750, train/run_time: 0.1488, lr: 0.0002, train/prefecth_time: 0.0058 
[2025-02-21 08:10:33,011 INFO] 173824 iteration USE_EMA: False, train/sup_loss: 0.0000, train/unsup_loss: 0.0697, train/total_loss: 0.0697, train/util_ratio: 0.6250, train/run_time: 0.1480, lr: 0.0002, train/prefecth_time: 0.0044 
[2025-02-21 08:11:18,391 INFO] validating...
/home/zakerian/miniconda3/envs/usb/lib/python3.8/site-packages/sklearn/metrics/_classification.py:1471: UndefinedMetricWarning: Precision is ill-defined and being set to 0.0 in labels with no predicted samples. Use `zero_division` parameter to control this behavior.
  _warn_prf(average, modifier, msg_start, len(result))
[2025-02-21 08:11:48,100 INFO] confusion matrix:
[[0.         0.         0.         ... 0.0003574  0.         0.00214439]
 [0.         0.         0.         ... 0.01694915 0.         0.        ]
 [0.         0.         0.         ... 0.         0.         0.        ]
 ...
 [0.         0.         0.         ... 0.         0.         0.        ]
 [0.         0.         0.         ... 0.         0.         0.        ]
 [0.         0.         0.         ... 0.         0.         0.        ]]
[2025-02-21 08:11:50,102 INFO] model saved: ./saved_models/usb_cv/fixmatch_market1501/latest_model.pth
[2025-02-21 08:11:50,105 INFO] 174080 iteration, USE_EMA: False, train/sup_loss: 0.0002, train/unsup_loss: 0.0075, train/total_loss: 0.0077, train/util_ratio: 0.6250, train/run_time: 0.1471, eval/loss: 32.2282, eval/top-1-acc: 0.0009, eval/top-5-acc: 0.0052, eval/balanced_acc: 0.0012, eval/precision: 0.0015, eval/recall: 0.0012, eval/F1: 0.0003, lr: 0.0002, train/prefecth_time: 0.0038 BEST_EVAL_ACC: 0.0031, at 75776 iters
[2025-02-21 08:12:36,200 INFO] 174336 iteration USE_EMA: False, train/sup_loss: 0.0011, train/unsup_loss: 0.6136, train/total_loss: 0.6146, train/util_ratio: 0.5000, train/run_time: 0.1485, lr: 0.0002, train/prefecth_time: 0.0040 
[2025-02-21 08:13:21,604 INFO] 174592 iteration USE_EMA: False, train/sup_loss: 0.0041, train/unsup_loss: 0.6663, train/total_loss: 0.6704, train/util_ratio: 0.6250, train/run_time: 0.1493, lr: 0.0002, train/prefecth_time: 0.0052 
[2025-02-21 08:14:06,874 INFO] 174848 iteration USE_EMA: False, train/sup_loss: 0.0003, train/unsup_loss: 0.5804, train/total_loss: 0.5807, train/util_ratio: 0.5000, train/run_time: 0.1484, lr: 0.0002, train/prefecth_time: 0.0040 
[2025-02-21 08:14:52,193 INFO] 175104 iteration USE_EMA: False, train/sup_loss: 0.0003, train/unsup_loss: 0.5932, train/total_loss: 0.5934, train/util_ratio: 0.8750, train/run_time: 0.1476, lr: 0.0002, train/prefecth_time: 0.0041 
[2025-02-21 08:15:38,060 INFO] 175360 iteration USE_EMA: False, train/sup_loss: 0.0010, train/unsup_loss: 0.0176, train/total_loss: 0.0187, train/util_ratio: 0.5000, train/run_time: 0.1483, lr: 0.0002, train/prefecth_time: 0.0043 
[2025-02-21 08:16:23,436 INFO] 175616 iteration USE_EMA: False, train/sup_loss: 0.0001, train/unsup_loss: 0.1143, train/total_loss: 0.1144, train/util_ratio: 0.3750, train/run_time: 0.1491, lr: 0.0002, train/prefecth_time: 0.0041 
[2025-02-21 08:17:08,784 INFO] 175872 iteration USE_EMA: False, train/sup_loss: 0.0001, train/unsup_loss: 0.0019, train/total_loss: 0.0020, train/util_ratio: 0.3750, train/run_time: 0.1483, lr: 0.0002, train/prefecth_time: 0.0041 
[2025-02-21 08:17:54,103 INFO] validating...
/home/zakerian/miniconda3/envs/usb/lib/python3.8/site-packages/sklearn/metrics/_classification.py:1471: UndefinedMetricWarning: Precision is ill-defined and being set to 0.0 in labels with no predicted samples. Use `zero_division` parameter to control this behavior.
  _warn_prf(average, modifier, msg_start, len(result))
[2025-02-21 08:18:24,153 INFO] confusion matrix:
[[0.         0.         0.         ... 0.0003574  0.         0.00214439]
 [0.         0.         0.         ... 0.06779661 0.         0.        ]
 [0.         0.         0.         ... 0.         0.         0.        ]
 ...
 [0.         0.         0.         ... 0.         0.         0.        ]
 [0.         0.         0.         ... 0.         0.         0.        ]
 [0.         0.         0.         ... 0.         0.         0.        ]]
[2025-02-21 08:18:26,177 INFO] model saved: ./saved_models/usb_cv/fixmatch_market1501/latest_model.pth
[2025-02-21 08:18:26,179 INFO] 176128 iteration, USE_EMA: False, train/sup_loss: 0.0002, train/unsup_loss: 0.0235, train/total_loss: 0.0237, train/util_ratio: 0.5000, train/run_time: 0.1475, eval/loss: 32.8610, eval/top-1-acc: 0.0011, eval/top-5-acc: 0.0058, eval/balanced_acc: 0.0016, eval/precision: 0.0018, eval/recall: 0.0016, eval/F1: 0.0005, lr: 0.0002, train/prefecth_time: 0.0038 BEST_EVAL_ACC: 0.0031, at 75776 iters
[2025-02-21 08:19:12,114 INFO] 176384 iteration USE_EMA: False, train/sup_loss: 0.0017, train/unsup_loss: 0.2555, train/total_loss: 0.2572, train/util_ratio: 0.5000, train/run_time: 0.1488, lr: 0.0002, train/prefecth_time: 0.0045 
[2025-02-21 08:19:57,622 INFO] 176640 iteration USE_EMA: False, train/sup_loss: 0.0000, train/unsup_loss: 0.0024, train/total_loss: 0.0024, train/util_ratio: 0.2500, train/run_time: 0.1490, lr: 0.0002, train/prefecth_time: 0.0041 
[2025-02-21 08:20:42,981 INFO] 176896 iteration USE_EMA: False, train/sup_loss: 0.0003, train/unsup_loss: 0.5653, train/total_loss: 0.5656, train/util_ratio: 0.6250, train/run_time: 0.1482, lr: 0.0002, train/prefecth_time: 0.0042 
[2025-02-21 08:21:28,248 INFO] 177152 iteration USE_EMA: False, train/sup_loss: 0.0003, train/unsup_loss: 0.0143, train/total_loss: 0.0146, train/util_ratio: 0.5000, train/run_time: 0.1484, lr: 0.0002, train/prefecth_time: 0.0039 
[2025-02-21 08:22:14,124 INFO] 177408 iteration USE_EMA: False, train/sup_loss: 0.0004, train/unsup_loss: 0.6065, train/total_loss: 0.6068, train/util_ratio: 0.6250, train/run_time: 0.1484, lr: 0.0002, train/prefecth_time: 0.0039 
[2025-02-21 08:22:59,477 INFO] 177664 iteration USE_EMA: False, train/sup_loss: 0.0011, train/unsup_loss: 0.0399, train/total_loss: 0.0410, train/util_ratio: 0.6250, train/run_time: 0.1478, lr: 0.0002, train/prefecth_time: 0.0040 
[2025-02-21 08:23:45,004 INFO] 177920 iteration USE_EMA: False, train/sup_loss: 0.0002, train/unsup_loss: 0.2014, train/total_loss: 0.2017, train/util_ratio: 0.6250, train/run_time: 0.1483, lr: 0.0002, train/prefecth_time: 0.0043 
[2025-02-21 08:24:30,492 INFO] validating...
/home/zakerian/miniconda3/envs/usb/lib/python3.8/site-packages/sklearn/metrics/_classification.py:1471: UndefinedMetricWarning: Precision is ill-defined and being set to 0.0 in labels with no predicted samples. Use `zero_division` parameter to control this behavior.
  _warn_prf(average, modifier, msg_start, len(result))
[2025-02-21 08:25:00,309 INFO] confusion matrix:
[[0.         0.         0.         ... 0.00464618 0.         0.00250179]
 [0.         0.         0.         ... 0.16949153 0.         0.        ]
 [0.         0.         0.         ... 0.         0.         0.        ]
 ...
 [0.         0.         0.         ... 0.         0.         0.        ]
 [0.         0.         0.         ... 0.         0.         0.        ]
 [0.         0.         0.         ... 0.         0.         0.        ]]
[2025-02-21 08:25:02,320 INFO] model saved: ./saved_models/usb_cv/fixmatch_market1501/latest_model.pth
[2025-02-21 08:25:02,323 INFO] 178176 iteration, USE_EMA: False, train/sup_loss: 0.0002, train/unsup_loss: 0.0255, train/total_loss: 0.0257, train/util_ratio: 0.7500, train/run_time: 0.1487, eval/loss: 32.4833, eval/top-1-acc: 0.0012, eval/top-5-acc: 0.0064, eval/balanced_acc: 0.0019, eval/precision: 0.0001, eval/recall: 0.0019, eval/F1: 0.0001, lr: 0.0002, train/prefecth_time: 0.0039 BEST_EVAL_ACC: 0.0031, at 75776 iters
[2025-02-21 08:25:48,427 INFO] 178432 iteration USE_EMA: False, train/sup_loss: 0.0004, train/unsup_loss: 0.0477, train/total_loss: 0.0481, train/util_ratio: 0.5000, train/run_time: 0.1490, lr: 0.0002, train/prefecth_time: 0.0058 
[2025-02-21 08:26:33,893 INFO] 178688 iteration USE_EMA: False, train/sup_loss: 0.0003, train/unsup_loss: 0.4132, train/total_loss: 0.4134, train/util_ratio: 0.8750, train/run_time: 0.1486, lr: 0.0002, train/prefecth_time: 0.0042 
[2025-02-21 08:27:19,351 INFO] 178944 iteration USE_EMA: False, train/sup_loss: 0.0002, train/unsup_loss: 0.3113, train/total_loss: 0.3115, train/util_ratio: 0.5000, train/run_time: 0.1483, lr: 0.0002, train/prefecth_time: 0.0045 
[2025-02-21 08:28:04,793 INFO] 179200 iteration USE_EMA: False, train/sup_loss: 0.0005, train/unsup_loss: 0.1360, train/total_loss: 0.1365, train/util_ratio: 0.5000, train/run_time: 0.1485, lr: 0.0002, train/prefecth_time: 0.0042 
[2025-02-21 08:28:50,719 INFO] 179456 iteration USE_EMA: False, train/sup_loss: 0.0000, train/unsup_loss: 0.7489, train/total_loss: 0.7490, train/util_ratio: 0.7500, train/run_time: 0.1487, lr: 0.0002, train/prefecth_time: 0.0043 
[2025-02-21 08:29:36,107 INFO] 179712 iteration USE_EMA: False, train/sup_loss: 0.0005, train/unsup_loss: 0.7527, train/total_loss: 0.7532, train/util_ratio: 0.7500, train/run_time: 0.1485, lr: 0.0002, train/prefecth_time: 0.0046 
[2025-02-21 08:30:21,618 INFO] 179968 iteration USE_EMA: False, train/sup_loss: 0.0002, train/unsup_loss: 1.1820, train/total_loss: 1.1822, train/util_ratio: 0.5000, train/run_time: 0.1491, lr: 0.0002, train/prefecth_time: 0.0045 
[2025-02-21 08:31:07,097 INFO] validating...
/home/zakerian/miniconda3/envs/usb/lib/python3.8/site-packages/sklearn/metrics/_classification.py:1471: UndefinedMetricWarning: Precision is ill-defined and being set to 0.0 in labels with no predicted samples. Use `zero_division` parameter to control this behavior.
  _warn_prf(average, modifier, msg_start, len(result))
[2025-02-21 08:31:37,089 INFO] confusion matrix:
[[0.         0.         0.         ... 0.00178699 0.         0.00142959]
 [0.         0.         0.         ... 0.01694915 0.         0.        ]
 [0.         0.         0.         ... 0.         0.         0.        ]
 ...
 [0.         0.         0.         ... 0.         0.         0.        ]
 [0.         0.         0.         ... 0.         0.         0.        ]
 [0.         0.         0.         ... 0.         0.         0.        ]]
[2025-02-21 08:31:39,090 INFO] model saved: ./saved_models/usb_cv/fixmatch_market1501/latest_model.pth
[2025-02-21 08:31:39,093 INFO] 180224 iteration, USE_EMA: False, train/sup_loss: 0.0000, train/unsup_loss: 0.0679, train/total_loss: 0.0680, train/util_ratio: 0.7500, train/run_time: 0.1473, eval/loss: 32.8865, eval/top-1-acc: 0.0009, eval/top-5-acc: 0.0056, eval/balanced_acc: 0.0011, eval/precision: 0.0006, eval/recall: 0.0011, eval/F1: 0.0004, lr: 0.0002, train/prefecth_time: 0.0038 BEST_EVAL_ACC: 0.0031, at 75776 iters
[2025-02-21 08:32:25,049 INFO] 180480 iteration USE_EMA: False, train/sup_loss: 0.0001, train/unsup_loss: 0.0097, train/total_loss: 0.0098, train/util_ratio: 0.6250, train/run_time: 0.1488, lr: 0.0002, train/prefecth_time: 0.0039 
[2025-02-21 08:33:10,393 INFO] 180736 iteration USE_EMA: False, train/sup_loss: 0.0002, train/unsup_loss: 0.0349, train/total_loss: 0.0352, train/util_ratio: 0.5000, train/run_time: 0.1483, lr: 0.0002, train/prefecth_time: 0.0044 
[2025-02-21 08:33:55,760 INFO] 180992 iteration USE_EMA: False, train/sup_loss: 0.0002, train/unsup_loss: 0.0167, train/total_loss: 0.0170, train/util_ratio: 0.6250, train/run_time: 0.1480, lr: 0.0002, train/prefecth_time: 0.0043 
[2025-02-21 08:34:41,092 INFO] 181248 iteration USE_EMA: False, train/sup_loss: 0.0002, train/unsup_loss: 0.0620, train/total_loss: 0.0622, train/util_ratio: 0.7500, train/run_time: 0.1477, lr: 0.0002, train/prefecth_time: 0.0045 
[2025-02-21 08:35:26,927 INFO] 181504 iteration USE_EMA: False, train/sup_loss: 0.0000, train/unsup_loss: 0.0928, train/total_loss: 0.0929, train/util_ratio: 0.6250, train/run_time: 0.1484, lr: 0.0002, train/prefecth_time: 0.0043 
[2025-02-21 08:36:12,367 INFO] 181760 iteration USE_EMA: False, train/sup_loss: 0.0003, train/unsup_loss: 0.1885, train/total_loss: 0.1888, train/util_ratio: 0.8750, train/run_time: 0.1489, lr: 0.0002, train/prefecth_time: 0.0042 
[2025-02-21 08:36:57,806 INFO] 182016 iteration USE_EMA: False, train/sup_loss: 0.0003, train/unsup_loss: 0.0549, train/total_loss: 0.0552, train/util_ratio: 0.7500, train/run_time: 0.1487, lr: 0.0002, train/prefecth_time: 0.0041 
[2025-02-21 08:37:43,187 INFO] validating...
/home/zakerian/miniconda3/envs/usb/lib/python3.8/site-packages/sklearn/metrics/_classification.py:1471: UndefinedMetricWarning: Precision is ill-defined and being set to 0.0 in labels with no predicted samples. Use `zero_division` parameter to control this behavior.
  _warn_prf(average, modifier, msg_start, len(result))
[2025-02-21 08:38:13,074 INFO] confusion matrix:
[[0.         0.         0.         ... 0.00428878 0.         0.00214439]
 [0.         0.         0.         ... 0.20338983 0.         0.        ]
 [0.         0.         0.         ... 0.         0.         0.        ]
 ...
 [0.         0.         0.         ... 0.         0.         0.        ]
 [0.         0.         0.         ... 0.         0.         0.        ]
 [0.         0.         0.         ... 0.         0.         0.        ]]
[2025-02-21 08:38:15,098 INFO] model saved: ./saved_models/usb_cv/fixmatch_market1501/latest_model.pth
[2025-02-21 08:38:15,099 INFO] 182272 iteration, USE_EMA: False, train/sup_loss: 0.0023, train/unsup_loss: 0.8450, train/total_loss: 0.8473, train/util_ratio: 0.7500, train/run_time: 0.1483, eval/loss: 33.6524, eval/top-1-acc: 0.0009, eval/top-5-acc: 0.0055, eval/balanced_acc: 0.0013, eval/precision: 0.0002, eval/recall: 0.0013, eval/F1: 0.0002, lr: 0.0002, train/prefecth_time: 0.0040 BEST_EVAL_ACC: 0.0031, at 75776 iters
[2025-02-21 08:39:01,060 INFO] 182528 iteration USE_EMA: False, train/sup_loss: 0.0002, train/unsup_loss: 0.2058, train/total_loss: 0.2061, train/util_ratio: 0.6250, train/run_time: 0.1489, lr: 0.0002, train/prefecth_time: 0.0041 
[2025-02-21 08:39:46,360 INFO] 182784 iteration USE_EMA: False, train/sup_loss: 0.0005, train/unsup_loss: 0.0348, train/total_loss: 0.0353, train/util_ratio: 0.5000, train/run_time: 0.1490, lr: 0.0002, train/prefecth_time: 0.0040 
[2025-02-21 08:40:31,709 INFO] 183040 iteration USE_EMA: False, train/sup_loss: 0.0001, train/unsup_loss: 0.1416, train/total_loss: 0.1417, train/util_ratio: 0.7500, train/run_time: 0.1484, lr: 0.0002, train/prefecth_time: 0.0042 
[2025-02-21 08:41:16,980 INFO] 183296 iteration USE_EMA: False, train/sup_loss: 0.0007, train/unsup_loss: 0.1797, train/total_loss: 0.1804, train/util_ratio: 1.0000, train/run_time: 0.1484, lr: 0.0002, train/prefecth_time: 0.0039 
[2025-02-21 08:42:02,833 INFO] 183552 iteration USE_EMA: False, train/sup_loss: 0.0001, train/unsup_loss: 1.1947, train/total_loss: 1.1947, train/util_ratio: 0.8750, train/run_time: 0.1494, lr: 0.0002, train/prefecth_time: 0.0041 
[2025-02-21 08:42:48,250 INFO] 183808 iteration USE_EMA: False, train/sup_loss: 0.0068, train/unsup_loss: 0.3043, train/total_loss: 0.3111, train/util_ratio: 0.3750, train/run_time: 0.1482, lr: 0.0002, train/prefecth_time: 0.0043 
[2025-02-21 08:43:33,572 INFO] 184064 iteration USE_EMA: False, train/sup_loss: 0.0003, train/unsup_loss: 0.2208, train/total_loss: 0.2212, train/util_ratio: 0.6250, train/run_time: 0.1484, lr: 0.0002, train/prefecth_time: 0.0041 
[2025-02-21 08:44:18,902 INFO] validating...
/home/zakerian/miniconda3/envs/usb/lib/python3.8/site-packages/sklearn/metrics/_classification.py:1471: UndefinedMetricWarning: Precision is ill-defined and being set to 0.0 in labels with no predicted samples. Use `zero_division` parameter to control this behavior.
  _warn_prf(average, modifier, msg_start, len(result))
[2025-02-21 08:44:48,796 INFO] confusion matrix:
[[0.         0.         0.         ... 0.00464618 0.         0.00285919]
 [0.         0.         0.         ... 0.15254237 0.         0.        ]
 [0.         0.         0.         ... 0.         0.         0.        ]
 ...
 [0.         0.         0.         ... 0.         0.         0.        ]
 [0.         0.         0.         ... 0.         0.         0.        ]
 [0.         0.         0.         ... 0.         0.         0.        ]]
[2025-02-21 08:44:50,820 INFO] model saved: ./saved_models/usb_cv/fixmatch_market1501/latest_model.pth
[2025-02-21 08:44:50,823 INFO] 184320 iteration, USE_EMA: False, train/sup_loss: 0.0004, train/unsup_loss: 0.1404, train/total_loss: 0.1408, train/util_ratio: 0.7500, train/run_time: 0.1476, eval/loss: 33.5994, eval/top-1-acc: 0.0008, eval/top-5-acc: 0.0059, eval/balanced_acc: 0.0011, eval/precision: 0.0003, eval/recall: 0.0011, eval/F1: 0.0003, lr: 0.0002, train/prefecth_time: 0.0040 BEST_EVAL_ACC: 0.0031, at 75776 iters
[2025-02-21 08:45:36,827 INFO] 184576 iteration USE_EMA: False, train/sup_loss: 0.0000, train/unsup_loss: 0.2830, train/total_loss: 0.2830, train/util_ratio: 0.6250, train/run_time: 0.1492, lr: 0.0002, train/prefecth_time: 0.0047 
[2025-02-21 08:46:22,189 INFO] 184832 iteration USE_EMA: False, train/sup_loss: 0.0006, train/unsup_loss: 0.0282, train/total_loss: 0.0288, train/util_ratio: 0.8750, train/run_time: 0.1486, lr: 0.0002, train/prefecth_time: 0.0044 
[2025-02-21 08:47:07,643 INFO] 185088 iteration USE_EMA: False, train/sup_loss: 0.0007, train/unsup_loss: 0.2770, train/total_loss: 0.2777, train/util_ratio: 0.7500, train/run_time: 0.1487, lr: 0.0002, train/prefecth_time: 0.0046 
[2025-02-21 08:47:53,005 INFO] 185344 iteration USE_EMA: False, train/sup_loss: 0.0130, train/unsup_loss: 0.0249, train/total_loss: 0.0379, train/util_ratio: 0.5000, train/run_time: 0.1476, lr: 0.0002, train/prefecth_time: 0.0040 
[2025-02-21 08:48:38,985 INFO] 185600 iteration USE_EMA: False, train/sup_loss: 0.0003, train/unsup_loss: 0.3282, train/total_loss: 0.3285, train/util_ratio: 1.0000, train/run_time: 0.1483, lr: 0.0002, train/prefecth_time: 0.0045 
[2025-02-21 08:49:24,409 INFO] 185856 iteration USE_EMA: False, train/sup_loss: 0.0001, train/unsup_loss: 0.0852, train/total_loss: 0.0853, train/util_ratio: 0.7500, train/run_time: 0.1496, lr: 0.0002, train/prefecth_time: 0.0041 
[2025-02-21 08:50:09,756 INFO] 186112 iteration USE_EMA: False, train/sup_loss: 0.0002, train/unsup_loss: 0.0706, train/total_loss: 0.0708, train/util_ratio: 0.6250, train/run_time: 0.1483, lr: 0.0002, train/prefecth_time: 0.0039 
[2025-02-21 08:50:55,235 INFO] validating...
/home/zakerian/miniconda3/envs/usb/lib/python3.8/site-packages/sklearn/metrics/_classification.py:1471: UndefinedMetricWarning: Precision is ill-defined and being set to 0.0 in labels with no predicted samples. Use `zero_division` parameter to control this behavior.
  _warn_prf(average, modifier, msg_start, len(result))
[2025-02-21 08:51:25,079 INFO] confusion matrix:
[[0.         0.         0.         ... 0.01215154 0.         0.00107219]
 [0.         0.         0.         ... 0.3559322  0.         0.        ]
 [0.         0.         0.         ... 0.         0.         0.        ]
 ...
 [0.         0.         0.         ... 0.         0.         0.        ]
 [0.         0.         0.         ... 0.         0.         0.        ]
 [0.         0.         0.         ... 0.         0.         0.        ]]
[2025-02-21 08:51:27,088 INFO] model saved: ./saved_models/usb_cv/fixmatch_market1501/latest_model.pth
[2025-02-21 08:51:27,091 INFO] 186368 iteration, USE_EMA: False, train/sup_loss: 0.0005, train/unsup_loss: 0.2668, train/total_loss: 0.2674, train/util_ratio: 0.5000, train/run_time: 0.1474, eval/loss: 32.8251, eval/top-1-acc: 0.0011, eval/top-5-acc: 0.0061, eval/balanced_acc: 0.0015, eval/precision: 0.0001, eval/recall: 0.0015, eval/F1: 0.0002, lr: 0.0002, train/prefecth_time: 0.0045 BEST_EVAL_ACC: 0.0031, at 75776 iters
[2025-02-21 08:52:13,144 INFO] 186624 iteration USE_EMA: False, train/sup_loss: 0.0001, train/unsup_loss: 0.2123, train/total_loss: 0.2124, train/util_ratio: 0.5000, train/run_time: 0.1488, lr: 0.0002, train/prefecth_time: 0.0042 
[2025-02-21 08:52:58,562 INFO] 186880 iteration USE_EMA: False, train/sup_loss: 0.0002, train/unsup_loss: 0.1406, train/total_loss: 0.1408, train/util_ratio: 0.5000, train/run_time: 0.1487, lr: 0.0002, train/prefecth_time: 0.0044 
[2025-02-21 08:53:44,076 INFO] 187136 iteration USE_EMA: False, train/sup_loss: 0.0000, train/unsup_loss: 0.3241, train/total_loss: 0.3241, train/util_ratio: 0.6250, train/run_time: 0.1485, lr: 0.0002, train/prefecth_time: 0.0041 
[2025-02-21 08:54:29,552 INFO] 187392 iteration USE_EMA: False, train/sup_loss: 0.0001, train/unsup_loss: 1.3442, train/total_loss: 1.3443, train/util_ratio: 0.7500, train/run_time: 0.1483, lr: 0.0002, train/prefecth_time: 0.0040 
[2025-02-21 08:55:15,467 INFO] 187648 iteration USE_EMA: False, train/sup_loss: 0.0007, train/unsup_loss: 0.0209, train/total_loss: 0.0216, train/util_ratio: 0.6250, train/run_time: 0.1495, lr: 0.0002, train/prefecth_time: 0.0053 
[2025-02-21 08:56:01,009 INFO] 187904 iteration USE_EMA: False, train/sup_loss: 0.0009, train/unsup_loss: 0.3595, train/total_loss: 0.3605, train/util_ratio: 0.8750, train/run_time: 0.1491, lr: 0.0002, train/prefecth_time: 0.0053 
[2025-02-21 08:56:46,393 INFO] 188160 iteration USE_EMA: False, train/sup_loss: 0.0000, train/unsup_loss: 0.5665, train/total_loss: 0.5666, train/util_ratio: 0.7500, train/run_time: 0.1493, lr: 0.0002, train/prefecth_time: 0.0039 
[2025-02-21 08:57:31,757 INFO] validating...
/home/zakerian/miniconda3/envs/usb/lib/python3.8/site-packages/sklearn/metrics/_classification.py:1471: UndefinedMetricWarning: Precision is ill-defined and being set to 0.0 in labels with no predicted samples. Use `zero_division` parameter to control this behavior.
  _warn_prf(average, modifier, msg_start, len(result))
[2025-02-21 08:58:01,687 INFO] confusion matrix:
[[0.         0.         0.         ... 0.01715511 0.         0.00214439]
 [0.         0.         0.         ... 0.38983051 0.         0.        ]
 [0.         0.         0.         ... 0.         0.         0.        ]
 ...
 [0.         0.         0.         ... 0.         0.         0.        ]
 [0.         0.         0.         ... 0.         0.         0.        ]
 [0.         0.         0.         ... 0.         0.         0.        ]]
[2025-02-21 08:58:03,702 INFO] model saved: ./saved_models/usb_cv/fixmatch_market1501/latest_model.pth
[2025-02-21 08:58:03,704 INFO] 188416 iteration, USE_EMA: False, train/sup_loss: 0.0001, train/unsup_loss: 0.3943, train/total_loss: 0.3944, train/util_ratio: 0.5000, train/run_time: 0.1476, eval/loss: 33.1767, eval/top-1-acc: 0.0009, eval/top-5-acc: 0.0060, eval/balanced_acc: 0.0012, eval/precision: 0.0005, eval/recall: 0.0012, eval/F1: 0.0003, lr: 0.0002, train/prefecth_time: 0.0038 BEST_EVAL_ACC: 0.0031, at 75776 iters
[2025-02-21 08:58:49,837 INFO] 188672 iteration USE_EMA: False, train/sup_loss: 0.0001, train/unsup_loss: 0.0936, train/total_loss: 0.0936, train/util_ratio: 0.7500, train/run_time: 0.1496, lr: 0.0002, train/prefecth_time: 0.0060 
[2025-02-21 08:59:35,246 INFO] 188928 iteration USE_EMA: False, train/sup_loss: 0.0006, train/unsup_loss: 0.0633, train/total_loss: 0.0639, train/util_ratio: 0.6250, train/run_time: 0.1485, lr: 0.0002, train/prefecth_time: 0.0040 
[2025-02-21 09:00:20,704 INFO] 189184 iteration USE_EMA: False, train/sup_loss: 0.0000, train/unsup_loss: 0.0595, train/total_loss: 0.0596, train/util_ratio: 0.7500, train/run_time: 0.1502, lr: 0.0001, train/prefecth_time: 0.0053 
[2025-02-21 09:01:06,147 INFO] 189440 iteration USE_EMA: False, train/sup_loss: 0.0005, train/unsup_loss: 0.0400, train/total_loss: 0.0405, train/util_ratio: 0.6250, train/run_time: 0.1477, lr: 0.0001, train/prefecth_time: 0.0042 
[2025-02-21 09:01:52,119 INFO] 189696 iteration USE_EMA: False, train/sup_loss: 0.0004, train/unsup_loss: 0.2554, train/total_loss: 0.2557, train/util_ratio: 0.6250, train/run_time: 0.1485, lr: 0.0001, train/prefecth_time: 0.0050 
[2025-02-21 09:02:37,541 INFO] 189952 iteration USE_EMA: False, train/sup_loss: 0.0016, train/unsup_loss: 0.1286, train/total_loss: 0.1302, train/util_ratio: 0.3750, train/run_time: 0.1490, lr: 0.0001, train/prefecth_time: 0.0043 
[2025-02-21 09:03:22,905 INFO] 190208 iteration USE_EMA: False, train/sup_loss: 0.0016, train/unsup_loss: 0.0183, train/total_loss: 0.0198, train/util_ratio: 0.5000, train/run_time: 0.1493, lr: 0.0001, train/prefecth_time: 0.0047 
[2025-02-21 09:04:08,383 INFO] validating...
/home/zakerian/miniconda3/envs/usb/lib/python3.8/site-packages/sklearn/metrics/_classification.py:1471: UndefinedMetricWarning: Precision is ill-defined and being set to 0.0 in labels with no predicted samples. Use `zero_division` parameter to control this behavior.
  _warn_prf(average, modifier, msg_start, len(result))
[2025-02-21 09:04:38,115 INFO] confusion matrix:
[[0.         0.         0.         ... 0.00214439 0.0003574  0.0007148 ]
 [0.         0.         0.         ... 0.16949153 0.         0.        ]
 [0.         0.         0.         ... 0.         0.         0.        ]
 ...
 [0.         0.         0.         ... 0.         0.         0.        ]
 [0.         0.         0.         ... 0.         0.         0.        ]
 [0.         0.         0.         ... 0.         0.         0.        ]]
[2025-02-21 09:04:40,114 INFO] model saved: ./saved_models/usb_cv/fixmatch_market1501/latest_model.pth
[2025-02-21 09:04:40,116 INFO] 190464 iteration, USE_EMA: False, train/sup_loss: 0.0001, train/unsup_loss: 0.0243, train/total_loss: 0.0244, train/util_ratio: 0.7500, train/run_time: 0.1477, eval/loss: 33.8438, eval/top-1-acc: 0.0009, eval/top-5-acc: 0.0053, eval/balanced_acc: 0.0014, eval/precision: 0.0002, eval/recall: 0.0014, eval/F1: 0.0003, lr: 0.0001, train/prefecth_time: 0.0037 BEST_EVAL_ACC: 0.0031, at 75776 iters
[2025-02-21 09:05:26,130 INFO] 190720 iteration USE_EMA: False, train/sup_loss: 0.0008, train/unsup_loss: 0.7726, train/total_loss: 0.7734, train/util_ratio: 0.5000, train/run_time: 0.1488, lr: 0.0001, train/prefecth_time: 0.0042 
[2025-02-21 09:06:11,640 INFO] 190976 iteration USE_EMA: False, train/sup_loss: 0.0009, train/unsup_loss: 0.0109, train/total_loss: 0.0118, train/util_ratio: 0.7500, train/run_time: 0.1484, lr: 0.0001, train/prefecth_time: 0.0044 
[2025-02-21 09:06:57,081 INFO] 191232 iteration USE_EMA: False, train/sup_loss: 0.0003, train/unsup_loss: 0.2516, train/total_loss: 0.2519, train/util_ratio: 0.7500, train/run_time: 0.1490, lr: 0.0001, train/prefecth_time: 0.0044 
[2025-02-21 09:07:42,406 INFO] 191488 iteration USE_EMA: False, train/sup_loss: 0.0001, train/unsup_loss: 1.3805, train/total_loss: 1.3806, train/util_ratio: 0.6250, train/run_time: 0.1476, lr: 0.0001, train/prefecth_time: 0.0039 
[2025-02-21 09:08:28,323 INFO] 191744 iteration USE_EMA: False, train/sup_loss: 0.0006, train/unsup_loss: 0.8971, train/total_loss: 0.8977, train/util_ratio: 0.7500, train/run_time: 0.1487, lr: 0.0001, train/prefecth_time: 0.0041 
[2025-02-21 09:09:13,669 INFO] 192000 iteration USE_EMA: False, train/sup_loss: 0.0001, train/unsup_loss: 0.1738, train/total_loss: 0.1739, train/util_ratio: 0.6250, train/run_time: 0.1486, lr: 0.0001, train/prefecth_time: 0.0042 
[2025-02-21 09:09:59,079 INFO] 192256 iteration USE_EMA: False, train/sup_loss: 0.0001, train/unsup_loss: 0.1524, train/total_loss: 0.1525, train/util_ratio: 0.3750, train/run_time: 0.1485, lr: 0.0001, train/prefecth_time: 0.0039 
[2025-02-21 09:10:44,527 INFO] validating...
/home/zakerian/miniconda3/envs/usb/lib/python3.8/site-packages/sklearn/metrics/_classification.py:1471: UndefinedMetricWarning: Precision is ill-defined and being set to 0.0 in labels with no predicted samples. Use `zero_division` parameter to control this behavior.
  _warn_prf(average, modifier, msg_start, len(result))
[2025-02-21 09:11:14,303 INFO] confusion matrix:
[[0.         0.         0.         ... 0.00178699 0.         0.0007148 ]
 [0.         0.         0.         ... 0.13559322 0.         0.        ]
 [0.         0.         0.         ... 0.         0.         0.        ]
 ...
 [0.         0.         0.         ... 0.         0.         0.        ]
 [0.         0.         0.         ... 0.         0.         0.        ]
 [0.         0.         0.         ... 0.         0.         0.        ]]
[2025-02-21 09:11:16,304 INFO] model saved: ./saved_models/usb_cv/fixmatch_market1501/latest_model.pth
[2025-02-21 09:11:16,306 INFO] 192512 iteration, USE_EMA: False, train/sup_loss: 0.0001, train/unsup_loss: 0.2680, train/total_loss: 0.2681, train/util_ratio: 0.6250, train/run_time: 0.1475, eval/loss: 32.6979, eval/top-1-acc: 0.0012, eval/top-5-acc: 0.0058, eval/balanced_acc: 0.0017, eval/precision: 0.0003, eval/recall: 0.0017, eval/F1: 0.0004, lr: 0.0001, train/prefecth_time: 0.0041 BEST_EVAL_ACC: 0.0031, at 75776 iters
[2025-02-21 09:12:02,316 INFO] 192768 iteration USE_EMA: False, train/sup_loss: 0.0001, train/unsup_loss: 0.1091, train/total_loss: 0.1092, train/util_ratio: 0.3750, train/run_time: 0.1485, lr: 0.0001, train/prefecth_time: 0.0045 
[2025-02-21 09:12:47,765 INFO] 193024 iteration USE_EMA: False, train/sup_loss: 0.0008, train/unsup_loss: 0.0033, train/total_loss: 0.0041, train/util_ratio: 0.5000, train/run_time: 0.1486, lr: 0.0001, train/prefecth_time: 0.0043 
[2025-02-21 09:13:33,317 INFO] 193280 iteration USE_EMA: False, train/sup_loss: 0.0002, train/unsup_loss: 0.0093, train/total_loss: 0.0096, train/util_ratio: 0.7500, train/run_time: 0.1481, lr: 0.0001, train/prefecth_time: 0.0044 
[2025-02-21 09:14:18,764 INFO] 193536 iteration USE_EMA: False, train/sup_loss: 0.0002, train/unsup_loss: 0.0436, train/total_loss: 0.0437, train/util_ratio: 0.7500, train/run_time: 0.1481, lr: 0.0001, train/prefecth_time: 0.0040 
[2025-02-21 09:15:04,713 INFO] 193792 iteration USE_EMA: False, train/sup_loss: 0.0000, train/unsup_loss: 0.5143, train/total_loss: 0.5143, train/util_ratio: 0.7500, train/run_time: 0.1486, lr: 0.0001, train/prefecth_time: 0.0041 
[2025-02-21 09:15:50,175 INFO] 194048 iteration USE_EMA: False, train/sup_loss: 0.0002, train/unsup_loss: 0.0812, train/total_loss: 0.0814, train/util_ratio: 0.7500, train/run_time: 0.1488, lr: 0.0001, train/prefecth_time: 0.0045 
[2025-02-21 09:16:35,665 INFO] 194304 iteration USE_EMA: False, train/sup_loss: 0.0000, train/unsup_loss: 0.3498, train/total_loss: 0.3498, train/util_ratio: 0.8750, train/run_time: 0.1487, lr: 0.0001, train/prefecth_time: 0.0045 
[2025-02-21 09:17:21,065 INFO] validating...
/home/zakerian/miniconda3/envs/usb/lib/python3.8/site-packages/sklearn/metrics/_classification.py:1471: UndefinedMetricWarning: Precision is ill-defined and being set to 0.0 in labels with no predicted samples. Use `zero_division` parameter to control this behavior.
  _warn_prf(average, modifier, msg_start, len(result))
[2025-02-21 09:17:51,020 INFO] confusion matrix:
[[0.         0.         0.         ... 0.0003574  0.         0.00250179]
 [0.         0.         0.         ... 0.13559322 0.         0.        ]
 [0.         0.         0.         ... 0.         0.         0.        ]
 ...
 [0.         0.         0.         ... 0.         0.         0.        ]
 [0.         0.         0.         ... 0.         0.         0.        ]
 [0.         0.         0.         ... 0.         0.         0.        ]]
[2025-02-21 09:17:53,027 INFO] model saved: ./saved_models/usb_cv/fixmatch_market1501/latest_model.pth
[2025-02-21 09:17:53,029 INFO] 194560 iteration, USE_EMA: False, train/sup_loss: 0.0001, train/unsup_loss: 0.2574, train/total_loss: 0.2575, train/util_ratio: 0.7500, train/run_time: 0.1475, eval/loss: 34.3239, eval/top-1-acc: 0.0013, eval/top-5-acc: 0.0058, eval/balanced_acc: 0.0020, eval/precision: 0.0002, eval/recall: 0.0020, eval/F1: 0.0003, lr: 0.0001, train/prefecth_time: 0.0040 BEST_EVAL_ACC: 0.0031, at 75776 iters
[2025-02-21 09:18:39,190 INFO] 194816 iteration USE_EMA: False, train/sup_loss: 0.0009, train/unsup_loss: 0.3102, train/total_loss: 0.3110, train/util_ratio: 0.6250, train/run_time: 0.1493, lr: 0.0001, train/prefecth_time: 0.0058 
[2025-02-21 09:19:24,712 INFO] 195072 iteration USE_EMA: False, train/sup_loss: 0.0000, train/unsup_loss: 0.0732, train/total_loss: 0.0733, train/util_ratio: 0.5000, train/run_time: 0.1490, lr: 0.0001, train/prefecth_time: 0.0044 
[2025-02-21 09:20:10,229 INFO] 195328 iteration USE_EMA: False, train/sup_loss: 0.0020, train/unsup_loss: 0.0861, train/total_loss: 0.0882, train/util_ratio: 0.8750, train/run_time: 0.1490, lr: 0.0001, train/prefecth_time: 0.0044 
[2025-02-21 09:20:55,698 INFO] 195584 iteration USE_EMA: False, train/sup_loss: 0.0005, train/unsup_loss: 1.2302, train/total_loss: 1.2307, train/util_ratio: 0.7500, train/run_time: 0.1479, lr: 0.0001, train/prefecth_time: 0.0042 
[2025-02-21 09:21:41,754 INFO] 195840 iteration USE_EMA: False, train/sup_loss: 0.0001, train/unsup_loss: 0.1688, train/total_loss: 0.1689, train/util_ratio: 0.5000, train/run_time: 0.1487, lr: 0.0001, train/prefecth_time: 0.0042 
[2025-02-21 09:22:27,312 INFO] 196096 iteration USE_EMA: False, train/sup_loss: 0.0001, train/unsup_loss: 0.1609, train/total_loss: 0.1610, train/util_ratio: 0.8750, train/run_time: 0.1486, lr: 0.0001, train/prefecth_time: 0.0041 
[2025-02-21 09:23:12,702 INFO] 196352 iteration USE_EMA: False, train/sup_loss: 0.0003, train/unsup_loss: 0.3880, train/total_loss: 0.3883, train/util_ratio: 0.7500, train/run_time: 0.1487, lr: 0.0001, train/prefecth_time: 0.0045 
[2025-02-21 09:23:58,062 INFO] validating...
/home/zakerian/miniconda3/envs/usb/lib/python3.8/site-packages/sklearn/metrics/_classification.py:1471: UndefinedMetricWarning: Precision is ill-defined and being set to 0.0 in labels with no predicted samples. Use `zero_division` parameter to control this behavior.
  _warn_prf(average, modifier, msg_start, len(result))
[2025-02-21 09:24:27,796 INFO] confusion matrix:
[[0.         0.         0.         ... 0.00250179 0.0003574  0.00250179]
 [0.         0.         0.         ... 0.10169492 0.         0.        ]
 [0.         0.         0.         ... 0.         0.         0.        ]
 ...
 [0.         0.         0.         ... 0.         0.         0.        ]
 [0.         0.         0.         ... 0.         0.         0.        ]
 [0.         0.         0.         ... 0.         0.         0.        ]]
[2025-02-21 09:24:29,798 INFO] model saved: ./saved_models/usb_cv/fixmatch_market1501/latest_model.pth
[2025-02-21 09:24:29,799 INFO] 196608 iteration, USE_EMA: False, train/sup_loss: 0.0025, train/unsup_loss: 0.0014, train/total_loss: 0.0040, train/util_ratio: 0.5000, train/run_time: 0.1481, eval/loss: 33.3125, eval/top-1-acc: 0.0010, eval/top-5-acc: 0.0053, eval/balanced_acc: 0.0019, eval/precision: 0.0005, eval/recall: 0.0019, eval/F1: 0.0004, lr: 0.0001, train/prefecth_time: 0.0040 BEST_EVAL_ACC: 0.0031, at 75776 iters
[2025-02-21 09:25:15,847 INFO] 196864 iteration USE_EMA: False, train/sup_loss: 0.0006, train/unsup_loss: 0.0631, train/total_loss: 0.0637, train/util_ratio: 0.8750, train/run_time: 0.1488, lr: 0.0001, train/prefecth_time: 0.0056 
[2025-02-21 09:26:01,285 INFO] 197120 iteration USE_EMA: False, train/sup_loss: 0.0026, train/unsup_loss: 0.1199, train/total_loss: 0.1225, train/util_ratio: 0.7500, train/run_time: 0.1491, lr: 0.0001, train/prefecth_time: 0.0044 
[2025-02-21 09:26:46,674 INFO] 197376 iteration USE_EMA: False, train/sup_loss: 0.0006, train/unsup_loss: 0.0388, train/total_loss: 0.0394, train/util_ratio: 0.7500, train/run_time: 0.1490, lr: 0.0001, train/prefecth_time: 0.0046 
[2025-02-21 09:27:31,999 INFO] 197632 iteration USE_EMA: False, train/sup_loss: 0.0008, train/unsup_loss: 0.1459, train/total_loss: 0.1467, train/util_ratio: 0.7500, train/run_time: 0.1474, lr: 0.0001, train/prefecth_time: 0.0043 
[2025-02-21 09:28:17,996 INFO] 197888 iteration USE_EMA: False, train/sup_loss: 0.0001, train/unsup_loss: 0.0461, train/total_loss: 0.0461, train/util_ratio: 0.5000, train/run_time: 0.1494, lr: 0.0001, train/prefecth_time: 0.0043 
[2025-02-21 09:29:03,495 INFO] 198144 iteration USE_EMA: False, train/sup_loss: 0.0002, train/unsup_loss: 0.2385, train/total_loss: 0.2387, train/util_ratio: 0.6250, train/run_time: 0.1488, lr: 0.0001, train/prefecth_time: 0.0041 
[2025-02-21 09:29:49,035 INFO] 198400 iteration USE_EMA: False, train/sup_loss: 0.0004, train/unsup_loss: 0.0033, train/total_loss: 0.0037, train/util_ratio: 0.5000, train/run_time: 0.1482, lr: 0.0001, train/prefecth_time: 0.0039 
[2025-02-21 09:30:34,507 INFO] validating...
/home/zakerian/miniconda3/envs/usb/lib/python3.8/site-packages/sklearn/metrics/_classification.py:1471: UndefinedMetricWarning: Precision is ill-defined and being set to 0.0 in labels with no predicted samples. Use `zero_division` parameter to control this behavior.
  _warn_prf(average, modifier, msg_start, len(result))
[2025-02-21 09:31:04,239 INFO] confusion matrix:
[[0.         0.         0.         ... 0.00250179 0.0007148  0.00285919]
 [0.         0.         0.         ... 0.13559322 0.         0.        ]
 [0.         0.         0.         ... 0.         0.         0.        ]
 ...
 [0.         0.         0.         ... 0.         0.         0.        ]
 [0.         0.         0.         ... 0.         0.         0.        ]
 [0.         0.         0.         ... 0.         0.         0.        ]]
[2025-02-21 09:31:06,261 INFO] model saved: ./saved_models/usb_cv/fixmatch_market1501/latest_model.pth
[2025-02-21 09:31:06,263 INFO] 198656 iteration, USE_EMA: False, train/sup_loss: 0.0002, train/unsup_loss: 0.0945, train/total_loss: 0.0947, train/util_ratio: 0.7500, train/run_time: 0.1482, eval/loss: 34.0292, eval/top-1-acc: 0.0013, eval/top-5-acc: 0.0062, eval/balanced_acc: 0.0021, eval/precision: 0.0016, eval/recall: 0.0021, eval/F1: 0.0005, lr: 0.0001, train/prefecth_time: 0.0040 BEST_EVAL_ACC: 0.0031, at 75776 iters
[2025-02-21 09:31:52,280 INFO] 198912 iteration USE_EMA: False, train/sup_loss: 0.0004, train/unsup_loss: 0.1616, train/total_loss: 0.1620, train/util_ratio: 0.6250, train/run_time: 0.1494, lr: 0.0001, train/prefecth_time: 0.0055 
[2025-02-21 09:32:37,778 INFO] 199168 iteration USE_EMA: False, train/sup_loss: 0.0005, train/unsup_loss: 0.0057, train/total_loss: 0.0062, train/util_ratio: 0.7500, train/run_time: 0.1484, lr: 0.0001, train/prefecth_time: 0.0043 
[2025-02-21 09:33:23,175 INFO] 199424 iteration USE_EMA: False, train/sup_loss: 0.0007, train/unsup_loss: 0.6700, train/total_loss: 0.6707, train/util_ratio: 0.6250, train/run_time: 0.1489, lr: 0.0001, train/prefecth_time: 0.0043 
[2025-02-21 09:34:08,525 INFO] 199680 iteration USE_EMA: False, train/sup_loss: 0.0013, train/unsup_loss: 0.0027, train/total_loss: 0.0040, train/util_ratio: 0.7500, train/run_time: 0.1479, lr: 0.0001, train/prefecth_time: 0.0037 
[2025-02-21 09:34:54,581 INFO] 199936 iteration USE_EMA: False, train/sup_loss: 0.0002, train/unsup_loss: 0.0231, train/total_loss: 0.0232, train/util_ratio: 0.3750, train/run_time: 0.1485, lr: 0.0001, train/prefecth_time: 0.0046 
[2025-02-21 09:35:40,087 INFO] 200192 iteration USE_EMA: False, train/sup_loss: 0.0002, train/unsup_loss: 0.0571, train/total_loss: 0.0573, train/util_ratio: 0.6250, train/run_time: 0.1484, lr: 0.0001, train/prefecth_time: 0.0045 
[2025-02-21 09:36:25,671 INFO] 200448 iteration USE_EMA: False, train/sup_loss: 0.0011, train/unsup_loss: 0.3622, train/total_loss: 0.3633, train/util_ratio: 0.7500, train/run_time: 0.1483, lr: 0.0001, train/prefecth_time: 0.0044 
[2025-02-21 09:37:11,204 INFO] validating...
/home/zakerian/miniconda3/envs/usb/lib/python3.8/site-packages/sklearn/metrics/_classification.py:1471: UndefinedMetricWarning: Precision is ill-defined and being set to 0.0 in labels with no predicted samples. Use `zero_division` parameter to control this behavior.
  _warn_prf(average, modifier, msg_start, len(result))
[2025-02-21 09:37:41,267 INFO] confusion matrix:
[[0.         0.         0.         ... 0.00571837 0.0007148  0.00357398]
 [0.         0.         0.         ... 0.11864407 0.         0.        ]
 [0.         0.         0.         ... 0.         0.         0.        ]
 ...
 [0.         0.         0.         ... 0.         0.         0.        ]
 [0.         0.         0.         ... 0.         0.         0.        ]
 [0.         0.         0.         ... 0.         0.         0.        ]]
[2025-02-21 09:37:43,276 INFO] model saved: ./saved_models/usb_cv/fixmatch_market1501/latest_model.pth
[2025-02-21 09:37:43,278 INFO] 200704 iteration, USE_EMA: False, train/sup_loss: 0.0002, train/unsup_loss: 0.0128, train/total_loss: 0.0130, train/util_ratio: 0.7500, train/run_time: 0.1480, eval/loss: 34.5969, eval/top-1-acc: 0.0011, eval/top-5-acc: 0.0055, eval/balanced_acc: 0.0016, eval/precision: 0.0004, eval/recall: 0.0016, eval/F1: 0.0004, lr: 0.0001, train/prefecth_time: 0.0039 BEST_EVAL_ACC: 0.0031, at 75776 iters
[2025-02-21 09:38:29,342 INFO] 200960 iteration USE_EMA: False, train/sup_loss: 0.0001, train/unsup_loss: 0.2345, train/total_loss: 0.2346, train/util_ratio: 0.3750, train/run_time: 0.1490, lr: 0.0001, train/prefecth_time: 0.0043 
[2025-02-21 09:39:14,690 INFO] 201216 iteration USE_EMA: False, train/sup_loss: 0.0018, train/unsup_loss: 0.0488, train/total_loss: 0.0506, train/util_ratio: 0.6250, train/run_time: 0.1493, lr: 0.0001, train/prefecth_time: 0.0040 
[2025-02-21 09:40:00,044 INFO] 201472 iteration USE_EMA: False, train/sup_loss: 0.0001, train/unsup_loss: 0.5069, train/total_loss: 0.5070, train/util_ratio: 0.8750, train/run_time: 0.1488, lr: 0.0001, train/prefecth_time: 0.0045 
[2025-02-21 09:40:45,416 INFO] 201728 iteration USE_EMA: False, train/sup_loss: 0.0002, train/unsup_loss: 0.5903, train/total_loss: 0.5904, train/util_ratio: 0.5000, train/run_time: 0.1473, lr: 0.0001, train/prefecth_time: 0.0040 
[2025-02-21 09:41:31,394 INFO] 201984 iteration USE_EMA: False, train/sup_loss: 0.0021, train/unsup_loss: 0.0687, train/total_loss: 0.0709, train/util_ratio: 0.6250, train/run_time: 0.1490, lr: 0.0001, train/prefecth_time: 0.0044 
[2025-02-21 09:42:16,820 INFO] 202240 iteration USE_EMA: False, train/sup_loss: 0.0001, train/unsup_loss: 0.2227, train/total_loss: 0.2228, train/util_ratio: 1.0000, train/run_time: 0.1485, lr: 0.0001, train/prefecth_time: 0.0044 
[2025-02-21 09:43:02,298 INFO] 202496 iteration USE_EMA: False, train/sup_loss: 0.0003, train/unsup_loss: 0.0588, train/total_loss: 0.0590, train/util_ratio: 0.7500, train/run_time: 0.1492, lr: 0.0001, train/prefecth_time: 0.0044 
[2025-02-21 09:43:47,701 INFO] validating...
/home/zakerian/miniconda3/envs/usb/lib/python3.8/site-packages/sklearn/metrics/_classification.py:1471: UndefinedMetricWarning: Precision is ill-defined and being set to 0.0 in labels with no predicted samples. Use `zero_division` parameter to control this behavior.
  _warn_prf(average, modifier, msg_start, len(result))
[2025-02-21 09:44:17,618 INFO] confusion matrix:
[[0.         0.         0.         ... 0.00321658 0.0003574  0.00107219]
 [0.         0.         0.         ... 0.08474576 0.         0.        ]
 [0.         0.         0.         ... 0.         0.         0.        ]
 ...
 [0.         0.         0.         ... 0.         0.         0.        ]
 [0.         0.         0.         ... 0.         0.         0.        ]
 [0.         0.         0.         ... 0.         0.         0.        ]]
[2025-02-21 09:44:19,615 INFO] model saved: ./saved_models/usb_cv/fixmatch_market1501/latest_model.pth
[2025-02-21 09:44:19,617 INFO] 202752 iteration, USE_EMA: False, train/sup_loss: 0.0003, train/unsup_loss: 0.2544, train/total_loss: 0.2547, train/util_ratio: 0.3750, train/run_time: 0.1480, eval/loss: 34.9782, eval/top-1-acc: 0.0011, eval/top-5-acc: 0.0064, eval/balanced_acc: 0.0016, eval/precision: 0.0001, eval/recall: 0.0016, eval/F1: 0.0001, lr: 0.0001, train/prefecth_time: 0.0039 BEST_EVAL_ACC: 0.0031, at 75776 iters
[2025-02-21 09:45:05,743 INFO] 203008 iteration USE_EMA: False, train/sup_loss: 0.0000, train/unsup_loss: 0.3473, train/total_loss: 0.3474, train/util_ratio: 0.6250, train/run_time: 0.1494, lr: 0.0001, train/prefecth_time: 0.0045 
[2025-02-21 09:45:51,335 INFO] 203264 iteration USE_EMA: False, train/sup_loss: 0.0011, train/unsup_loss: 0.1886, train/total_loss: 0.1897, train/util_ratio: 0.7500, train/run_time: 0.1494, lr: 0.0001, train/prefecth_time: 0.0043 
[2025-02-21 09:46:36,922 INFO] 203520 iteration USE_EMA: False, train/sup_loss: 0.0001, train/unsup_loss: 0.0041, train/total_loss: 0.0042, train/util_ratio: 0.6250, train/run_time: 0.1486, lr: 0.0001, train/prefecth_time: 0.0046 
[2025-02-21 09:47:22,315 INFO] 203776 iteration USE_EMA: False, train/sup_loss: 0.0001, train/unsup_loss: 0.0575, train/total_loss: 0.0575, train/util_ratio: 0.7500, train/run_time: 0.1480, lr: 0.0001, train/prefecth_time: 0.0040 
[2025-02-21 09:48:08,360 INFO] 204032 iteration USE_EMA: False, train/sup_loss: 0.0002, train/unsup_loss: 1.0014, train/total_loss: 1.0016, train/util_ratio: 0.8750, train/run_time: 0.1490, lr: 0.0001, train/prefecth_time: 0.0056 
[2025-02-21 09:48:53,744 INFO] 204288 iteration USE_EMA: False, train/sup_loss: 0.0001, train/unsup_loss: 0.0430, train/total_loss: 0.0430, train/util_ratio: 0.5000, train/run_time: 0.1485, lr: 0.0001, train/prefecth_time: 0.0045 
[2025-02-21 09:49:39,089 INFO] 204544 iteration USE_EMA: False, train/sup_loss: 0.0001, train/unsup_loss: 0.0386, train/total_loss: 0.0386, train/util_ratio: 0.8750, train/run_time: 0.1486, lr: 0.0001, train/prefecth_time: 0.0043 
[2025-02-21 09:50:24,366 INFO] validating...
/home/zakerian/miniconda3/envs/usb/lib/python3.8/site-packages/sklearn/metrics/_classification.py:1471: UndefinedMetricWarning: Precision is ill-defined and being set to 0.0 in labels with no predicted samples. Use `zero_division` parameter to control this behavior.
  _warn_prf(average, modifier, msg_start, len(result))
[2025-02-21 09:50:54,143 INFO] confusion matrix:
[[0.         0.         0.         ... 0.00285919 0.0003574  0.00393138]
 [0.         0.         0.         ... 0.13559322 0.         0.        ]
 [0.         0.         0.         ... 0.         0.         0.        ]
 ...
 [0.         0.         0.         ... 0.         0.         0.        ]
 [0.         0.         0.         ... 0.         0.         0.        ]
 [0.         0.         0.         ... 0.         0.         0.        ]]
[2025-02-21 09:50:56,149 INFO] model saved: ./saved_models/usb_cv/fixmatch_market1501/latest_model.pth
[2025-02-21 09:50:56,152 INFO] 204800 iteration, USE_EMA: False, train/sup_loss: 0.0000, train/unsup_loss: 0.0044, train/total_loss: 0.0044, train/util_ratio: 0.6250, train/run_time: 0.1473, eval/loss: 34.0342, eval/top-1-acc: 0.0011, eval/top-5-acc: 0.0055, eval/balanced_acc: 0.0018, eval/precision: 0.0002, eval/recall: 0.0018, eval/F1: 0.0002, lr: 0.0001, train/prefecth_time: 0.0040 BEST_EVAL_ACC: 0.0031, at 75776 iters
[2025-02-21 09:50:58,213 INFO] model saved: ./saved_models/usb_cv/fixmatch_market1501/latest_model.pth
[2025-02-21 09:50:58,222 INFO] Model result - eval/best_acc : 0.0030792433859108907
[2025-02-21 09:50:58,222 INFO] Model result - eval/best_it : 75775
[2025-02-21 09:50:58,222 WARNING] GPU 0 training is FINISHED
